graph_nr,metric_name,_metric_value,save_name,node
0.0,density,0.13795918367346938,sequential_ollama/gemma4:e4b_zh,
0.0,avg_clustering_coef,0.5487866022866023,sequential_ollama/gemma4:e4b_zh,
0.0,prop_nodes_lcc,1.0,sequential_ollama/gemma4:e4b_zh,
0.0,radius,1.0224888745413259,sequential_ollama/gemma4:e4b_zh,
0.0,diameter,1.7893555304473203,sequential_ollama/gemma4:e4b_zh,
0.0,avg_shortest_path,0.868280858564583,sequential_ollama/gemma4:e4b_zh,
0.0,modularity,0.4840691852526172,sequential_ollama/gemma4:e4b_zh,
1.0,density,0.11020408163265306,sequential_ollama/gemma4:e4b_zh,
1.0,avg_clustering_coef,0.5556911976911977,sequential_ollama/gemma4:e4b_zh,
1.0,prop_nodes_lcc,1.0,sequential_ollama/gemma4:e4b_zh,
1.0,radius,1.0224888745413259,sequential_ollama/gemma4:e4b_zh,
1.0,diameter,1.7893555304473203,sequential_ollama/gemma4:e4b_zh,
1.0,avg_shortest_path,0.8822618288899441,sequential_ollama/gemma4:e4b_zh,
1.0,modularity,0.6010150891632373,sequential_ollama/gemma4:e4b_zh,
2.0,density,0.10693877551020409,sequential_ollama/gemma4:e4b_zh,
2.0,avg_clustering_coef,0.5446825396825397,sequential_ollama/gemma4:e4b_zh,
2.0,prop_nodes_lcc,1.0,sequential_ollama/gemma4:e4b_zh,
2.0,radius,1.0224888745413259,sequential_ollama/gemma4:e4b_zh,
2.0,diameter,1.7893555304473203,sequential_ollama/gemma4:e4b_zh,
2.0,avg_shortest_path,0.9548794061022667,sequential_ollama/gemma4:e4b_zh,
2.0,modularity,0.645212982926403,sequential_ollama/gemma4:e4b_zh,
3.0,density,0.26040816326530614,sequential_ollama/gemma4:e4b_zh,
3.0,avg_clustering_coef,0.7238209896996409,sequential_ollama/gemma4:e4b_zh,
3.0,prop_nodes_lcc,1.0,sequential_ollama/gemma4:e4b_zh,
3.0,radius,0.7668666559059943,sequential_ollama/gemma4:e4b_zh,
3.0,diameter,1.2781110931766573,sequential_ollama/gemma4:e4b_zh,
3.0,avg_shortest_path,0.5930435472339689,sequential_ollama/gemma4:e4b_zh,
3.0,modularity,0.4783758021245861,sequential_ollama/gemma4:e4b_zh,
4.0,density,0.33714285714285713,sequential_ollama/gemma4:e4b_zh,
4.0,avg_clustering_coef,0.7710823335591138,sequential_ollama/gemma4:e4b_zh,
4.0,prop_nodes_lcc,1.0,sequential_ollama/gemma4:e4b_zh,
4.0,radius,0.7668666559059943,sequential_ollama/gemma4:e4b_zh,
4.0,diameter,1.2781110931766573,sequential_ollama/gemma4:e4b_zh,
4.0,avg_shortest_path,0.5878267672618194,sequential_ollama/gemma4:e4b_zh,
4.0,modularity,0.4910476112306457,sequential_ollama/gemma4:e4b_zh,
5.0,density,0.31265306122448977,sequential_ollama/gemma4:e4b_zh,
5.0,avg_clustering_coef,0.7140757470719108,sequential_ollama/gemma4:e4b_zh,
5.0,prop_nodes_lcc,1.0,sequential_ollama/gemma4:e4b_zh,
5.0,radius,0.7668666559059943,sequential_ollama/gemma4:e4b_zh,
5.0,diameter,1.2781110931766573,sequential_ollama/gemma4:e4b_zh,
5.0,avg_shortest_path,0.715950883377814,sequential_ollama/gemma4:e4b_zh,
5.0,modularity,0.49106613311154895,sequential_ollama/gemma4:e4b_zh,
6.0,density,0.27510204081632655,sequential_ollama/gemma4:e4b_zh,
6.0,avg_clustering_coef,0.718171753270286,sequential_ollama/gemma4:e4b_zh,
6.0,prop_nodes_lcc,1.0,sequential_ollama/gemma4:e4b_zh,
6.0,radius,0.5112444372706629,sequential_ollama/gemma4:e4b_zh,
6.0,diameter,1.0224888745413259,sequential_ollama/gemma4:e4b_zh,
6.0,avg_shortest_path,0.52543407879491,sequential_ollama/gemma4:e4b_zh,
6.0,modularity,0.45740034692565756,sequential_ollama/gemma4:e4b_zh,
7.0,density,0.2979591836734694,sequential_ollama/gemma4:e4b_zh,
7.0,avg_clustering_coef,0.7205634215696809,sequential_ollama/gemma4:e4b_zh,
7.0,prop_nodes_lcc,1.0,sequential_ollama/gemma4:e4b_zh,
7.0,radius,0.7668666559059943,sequential_ollama/gemma4:e4b_zh,
7.0,diameter,1.2781110931766573,sequential_ollama/gemma4:e4b_zh,
7.0,avg_shortest_path,0.5705070577542827,sequential_ollama/gemma4:e4b_zh,
7.0,modularity,0.47219365734659413,sequential_ollama/gemma4:e4b_zh,
8.0,density,0.31510204081632653,sequential_ollama/gemma4:e4b_zh,
8.0,avg_clustering_coef,0.7470383196020564,sequential_ollama/gemma4:e4b_zh,
8.0,prop_nodes_lcc,1.0,sequential_ollama/gemma4:e4b_zh,
8.0,radius,0.7668666559059943,sequential_ollama/gemma4:e4b_zh,
8.0,diameter,1.2781110931766573,sequential_ollama/gemma4:e4b_zh,
8.0,avg_shortest_path,0.5615341962021853,sequential_ollama/gemma4:e4b_zh,
8.0,modularity,0.49219777712153345,sequential_ollama/gemma4:e4b_zh,
9.0,density,0.27346938775510204,sequential_ollama/gemma4:e4b_zh,
9.0,avg_clustering_coef,0.7379561929298771,sequential_ollama/gemma4:e4b_zh,
9.0,prop_nodes_lcc,1.0,sequential_ollama/gemma4:e4b_zh,
9.0,radius,0.7668666559059943,sequential_ollama/gemma4:e4b_zh,
9.0,diameter,1.2781110931766573,sequential_ollama/gemma4:e4b_zh,
9.0,avg_shortest_path,0.6598183308774841,sequential_ollama/gemma4:e4b_zh,
9.0,modularity,0.4963733570951214,sequential_ollama/gemma4:e4b_zh,
0.0,degree_centrality,0.1020408163265306,sequential_ollama/gemma4:e4b_zh,28
0.0,degree_centrality,0.14285714285714285,sequential_ollama/gemma4:e4b_zh,10
0.0,degree_centrality,0.12244897959183673,sequential_ollama/gemma4:e4b_zh,32
0.0,degree_centrality,0.08163265306122448,sequential_ollama/gemma4:e4b_zh,20
0.0,degree_centrality,0.1020408163265306,sequential_ollama/gemma4:e4b_zh,22
0.0,degree_centrality,0.08163265306122448,sequential_ollama/gemma4:e4b_zh,11
0.0,degree_centrality,0.12244897959183673,sequential_ollama/gemma4:e4b_zh,34
0.0,degree_centrality,0.14285714285714285,sequential_ollama/gemma4:e4b_zh,44
0.0,degree_centrality,0.16326530612244897,sequential_ollama/gemma4:e4b_zh,4
0.0,degree_centrality,0.1020408163265306,sequential_ollama/gemma4:e4b_zh,8
0.0,degree_centrality,0.12244897959183673,sequential_ollama/gemma4:e4b_zh,30
0.0,degree_centrality,0.08163265306122448,sequential_ollama/gemma4:e4b_zh,41
0.0,degree_centrality,0.3061224489795918,sequential_ollama/gemma4:e4b_zh,16
0.0,degree_centrality,0.3469387755102041,sequential_ollama/gemma4:e4b_zh,9
0.0,degree_centrality,0.14285714285714285,sequential_ollama/gemma4:e4b_zh,2
0.0,degree_centrality,0.36734693877551017,sequential_ollama/gemma4:e4b_zh,47
0.0,degree_centrality,0.22448979591836732,sequential_ollama/gemma4:e4b_zh,43
0.0,degree_centrality,0.24489795918367346,sequential_ollama/gemma4:e4b_zh,33
0.0,degree_centrality,0.14285714285714285,sequential_ollama/gemma4:e4b_zh,40
0.0,degree_centrality,0.04081632653061224,sequential_ollama/gemma4:e4b_zh,27
0.0,degree_centrality,0.08163265306122448,sequential_ollama/gemma4:e4b_zh,49
0.0,degree_centrality,0.12244897959183673,sequential_ollama/gemma4:e4b_zh,38
0.0,degree_centrality,0.14285714285714285,sequential_ollama/gemma4:e4b_zh,5
0.0,degree_centrality,0.12244897959183673,sequential_ollama/gemma4:e4b_zh,13
0.0,degree_centrality,0.08163265306122448,sequential_ollama/gemma4:e4b_zh,29
0.0,degree_centrality,0.16326530612244897,sequential_ollama/gemma4:e4b_zh,42
0.0,degree_centrality,0.14285714285714285,sequential_ollama/gemma4:e4b_zh,7
0.0,degree_centrality,0.1020408163265306,sequential_ollama/gemma4:e4b_zh,31
0.0,degree_centrality,0.1020408163265306,sequential_ollama/gemma4:e4b_zh,26
0.0,degree_centrality,0.14285714285714285,sequential_ollama/gemma4:e4b_zh,14
0.0,degree_centrality,0.12244897959183673,sequential_ollama/gemma4:e4b_zh,3
0.0,degree_centrality,0.26530612244897955,sequential_ollama/gemma4:e4b_zh,1
0.0,degree_centrality,0.2857142857142857,sequential_ollama/gemma4:e4b_zh,19
0.0,degree_centrality,0.22448979591836732,sequential_ollama/gemma4:e4b_zh,48
0.0,degree_centrality,0.24489795918367346,sequential_ollama/gemma4:e4b_zh,12
0.0,degree_centrality,0.22448979591836732,sequential_ollama/gemma4:e4b_zh,17
0.0,degree_centrality,0.08163265306122448,sequential_ollama/gemma4:e4b_zh,35
0.0,degree_centrality,0.08163265306122448,sequential_ollama/gemma4:e4b_zh,18
0.0,degree_centrality,0.1020408163265306,sequential_ollama/gemma4:e4b_zh,36
0.0,degree_centrality,0.08163265306122448,sequential_ollama/gemma4:e4b_zh,46
0.0,degree_centrality,0.08163265306122448,sequential_ollama/gemma4:e4b_zh,0
0.0,degree_centrality,0.08163265306122448,sequential_ollama/gemma4:e4b_zh,23
0.0,degree_centrality,0.12244897959183673,sequential_ollama/gemma4:e4b_zh,39
0.0,degree_centrality,0.1020408163265306,sequential_ollama/gemma4:e4b_zh,45
0.0,degree_centrality,0.1020408163265306,sequential_ollama/gemma4:e4b_zh,6
0.0,degree_centrality,0.04081632653061224,sequential_ollama/gemma4:e4b_zh,15
0.0,degree_centrality,0.061224489795918366,sequential_ollama/gemma4:e4b_zh,25
0.0,degree_centrality,0.12244897959183673,sequential_ollama/gemma4:e4b_zh,21
0.0,degree_centrality,0.02040816326530612,sequential_ollama/gemma4:e4b_zh,37
0.0,degree_centrality,0.061224489795918366,sequential_ollama/gemma4:e4b_zh,24
0.0,betweenness_centrality,0.05466763039359183,sequential_ollama/gemma4:e4b_zh,28
0.0,betweenness_centrality,0.32448596192483226,sequential_ollama/gemma4:e4b_zh,10
0.0,betweenness_centrality,0.20189906178162012,sequential_ollama/gemma4:e4b_zh,32
0.0,betweenness_centrality,0.05427983723551952,sequential_ollama/gemma4:e4b_zh,20
0.0,betweenness_centrality,0.02559675155472685,sequential_ollama/gemma4:e4b_zh,22
0.0,betweenness_centrality,0.013731045106582176,sequential_ollama/gemma4:e4b_zh,11
0.0,betweenness_centrality,0.05268997832291571,sequential_ollama/gemma4:e4b_zh,34
0.0,betweenness_centrality,0.1349214428309487,sequential_ollama/gemma4:e4b_zh,44
0.0,betweenness_centrality,0.16878639874597473,sequential_ollama/gemma4:e4b_zh,4
0.0,betweenness_centrality,0.05353065977663185,sequential_ollama/gemma4:e4b_zh,8
0.0,betweenness_centrality,0.3162319108455261,sequential_ollama/gemma4:e4b_zh,30
0.0,betweenness_centrality,0.0,sequential_ollama/gemma4:e4b_zh,41
0.0,betweenness_centrality,0.3822549605301981,sequential_ollama/gemma4:e4b_zh,16
0.0,betweenness_centrality,0.05972029888763686,sequential_ollama/gemma4:e4b_zh,9
0.0,betweenness_centrality,0.001020408163265306,sequential_ollama/gemma4:e4b_zh,2
0.0,betweenness_centrality,0.08169302229195262,sequential_ollama/gemma4:e4b_zh,47
0.0,betweenness_centrality,0.007949587235972843,sequential_ollama/gemma4:e4b_zh,43
0.0,betweenness_centrality,0.010561346225282849,sequential_ollama/gemma4:e4b_zh,33
0.0,betweenness_centrality,0.014605604146420476,sequential_ollama/gemma4:e4b_zh,40
0.0,betweenness_centrality,0.0,sequential_ollama/gemma4:e4b_zh,27
0.0,betweenness_centrality,0.005420918367346939,sequential_ollama/gemma4:e4b_zh,49
0.0,betweenness_centrality,0.019721975845096138,sequential_ollama/gemma4:e4b_zh,38
0.0,betweenness_centrality,0.022436709171403047,sequential_ollama/gemma4:e4b_zh,5
0.0,betweenness_centrality,0.013786522906420866,sequential_ollama/gemma4:e4b_zh,13
0.0,betweenness_centrality,0.0,sequential_ollama/gemma4:e4b_zh,29
0.0,betweenness_centrality,0.036250339373996736,sequential_ollama/gemma4:e4b_zh,42
0.0,betweenness_centrality,0.01442285141063336,sequential_ollama/gemma4:e4b_zh,7
0.0,betweenness_centrality,0.016432553059703914,sequential_ollama/gemma4:e4b_zh,31
0.0,betweenness_centrality,0.010618778535945403,sequential_ollama/gemma4:e4b_zh,26
0.0,betweenness_centrality,0.014595481049562684,sequential_ollama/gemma4:e4b_zh,14
0.0,betweenness_centrality,0.0007794784580498864,sequential_ollama/gemma4:e4b_zh,3
0.0,betweenness_centrality,0.02130154835914771,sequential_ollama/gemma4:e4b_zh,1
0.0,betweenness_centrality,0.03186921788727642,sequential_ollama/gemma4:e4b_zh,19
0.0,betweenness_centrality,0.01544212509818489,sequential_ollama/gemma4:e4b_zh,48
0.0,betweenness_centrality,0.01388504550259384,sequential_ollama/gemma4:e4b_zh,12
0.0,betweenness_centrality,0.0159963295620519,sequential_ollama/gemma4:e4b_zh,17
0.0,betweenness_centrality,0.0,sequential_ollama/gemma4:e4b_zh,35
0.0,betweenness_centrality,0.011693604969138864,sequential_ollama/gemma4:e4b_zh,18
0.0,betweenness_centrality,0.03541580019643613,sequential_ollama/gemma4:e4b_zh,36
0.0,betweenness_centrality,0.011582883267228058,sequential_ollama/gemma4:e4b_zh,46
0.0,betweenness_centrality,0.00790783099523701,sequential_ollama/gemma4:e4b_zh,0
0.0,betweenness_centrality,0.0,sequential_ollama/gemma4:e4b_zh,23
0.0,betweenness_centrality,0.0011945254292193067,sequential_ollama/gemma4:e4b_zh,39
0.0,betweenness_centrality,0.025786520273788863,sequential_ollama/gemma4:e4b_zh,45
0.0,betweenness_centrality,0.0011904761904761904,sequential_ollama/gemma4:e4b_zh,6
0.0,betweenness_centrality,0.0,sequential_ollama/gemma4:e4b_zh,15
0.0,betweenness_centrality,0.18328710401149906,sequential_ollama/gemma4:e4b_zh,25
0.0,betweenness_centrality,0.0069541135357461875,sequential_ollama/gemma4:e4b_zh,21
0.0,betweenness_centrality,0.0,sequential_ollama/gemma4:e4b_zh,37
0.0,betweenness_centrality,0.0,sequential_ollama/gemma4:e4b_zh,24
0.0,closeness_centrality,0.3202614379084967,sequential_ollama/gemma4:e4b_zh,28
0.0,closeness_centrality,0.4016393442622951,sequential_ollama/gemma4:e4b_zh,10
0.0,closeness_centrality,0.3858267716535433,sequential_ollama/gemma4:e4b_zh,32
0.0,closeness_centrality,0.2692307692307692,sequential_ollama/gemma4:e4b_zh,20
0.0,closeness_centrality,0.2784090909090909,sequential_ollama/gemma4:e4b_zh,22
0.0,closeness_centrality,0.3161290322580645,sequential_ollama/gemma4:e4b_zh,11
0.0,closeness_centrality,0.3141025641025641,sequential_ollama/gemma4:e4b_zh,34
0.0,closeness_centrality,0.3223684210526316,sequential_ollama/gemma4:e4b_zh,44
0.0,closeness_centrality,0.3402777777777778,sequential_ollama/gemma4:e4b_zh,4
0.0,closeness_centrality,0.3288590604026846,sequential_ollama/gemma4:e4b_zh,8
0.0,closeness_centrality,0.4083333333333333,sequential_ollama/gemma4:e4b_zh,30
0.0,closeness_centrality,0.29878048780487804,sequential_ollama/gemma4:e4b_zh,41
0.0,closeness_centrality,0.392,sequential_ollama/gemma4:e4b_zh,16
0.0,closeness_centrality,0.3333333333333333,sequential_ollama/gemma4:e4b_zh,9
0.0,closeness_centrality,0.30434782608695654,sequential_ollama/gemma4:e4b_zh,2
0.0,closeness_centrality,0.3356164383561644,sequential_ollama/gemma4:e4b_zh,47
0.0,closeness_centrality,0.3202614379084967,sequential_ollama/gemma4:e4b_zh,43
0.0,closeness_centrality,0.3223684210526316,sequential_ollama/gemma4:e4b_zh,33
0.0,closeness_centrality,0.30434782608695654,sequential_ollama/gemma4:e4b_zh,40
0.0,closeness_centrality,0.2168141592920354,sequential_ollama/gemma4:e4b_zh,27
0.0,closeness_centrality,0.2237442922374429,sequential_ollama/gemma4:e4b_zh,49
0.0,closeness_centrality,0.2784090909090909,sequential_ollama/gemma4:e4b_zh,38
0.0,closeness_centrality,0.24378109452736318,sequential_ollama/gemma4:e4b_zh,5
0.0,closeness_centrality,0.2784090909090909,sequential_ollama/gemma4:e4b_zh,13
0.0,closeness_centrality,0.23113207547169812,sequential_ollama/gemma4:e4b_zh,29
0.0,closeness_centrality,0.28488372093023256,sequential_ollama/gemma4:e4b_zh,42
0.0,closeness_centrality,0.2722222222222222,sequential_ollama/gemma4:e4b_zh,7
0.0,closeness_centrality,0.27071823204419887,sequential_ollama/gemma4:e4b_zh,31
0.0,closeness_centrality,0.2648648648648649,sequential_ollama/gemma4:e4b_zh,26
0.0,closeness_centrality,0.30434782608695654,sequential_ollama/gemma4:e4b_zh,14
0.0,closeness_centrality,0.26063829787234044,sequential_ollama/gemma4:e4b_zh,3
0.0,closeness_centrality,0.32450331125827814,sequential_ollama/gemma4:e4b_zh,1
0.0,closeness_centrality,0.32666666666666666,sequential_ollama/gemma4:e4b_zh,19
0.0,closeness_centrality,0.3202614379084967,sequential_ollama/gemma4:e4b_zh,48
0.0,closeness_centrality,0.3223684210526316,sequential_ollama/gemma4:e4b_zh,12
0.0,closeness_centrality,0.3181818181818182,sequential_ollama/gemma4:e4b_zh,17
0.0,closeness_centrality,0.2512820512820513,sequential_ollama/gemma4:e4b_zh,35
0.0,closeness_centrality,0.3310810810810811,sequential_ollama/gemma4:e4b_zh,18
0.0,closeness_centrality,0.3356164383561644,sequential_ollama/gemma4:e4b_zh,36
0.0,closeness_centrality,0.2648648648648649,sequential_ollama/gemma4:e4b_zh,46
0.0,closeness_centrality,0.2722222222222222,sequential_ollama/gemma4:e4b_zh,0
0.0,closeness_centrality,0.25654450261780104,sequential_ollama/gemma4:e4b_zh,23
0.0,closeness_centrality,0.26063829787234044,sequential_ollama/gemma4:e4b_zh,39
0.0,closeness_centrality,0.3333333333333333,sequential_ollama/gemma4:e4b_zh,45
0.0,closeness_centrality,0.26063829787234044,sequential_ollama/gemma4:e4b_zh,6
0.0,closeness_centrality,0.25257731958762886,sequential_ollama/gemma4:e4b_zh,15
0.0,closeness_centrality,0.392,sequential_ollama/gemma4:e4b_zh,25
0.0,closeness_centrality,0.30246913580246915,sequential_ollama/gemma4:e4b_zh,21
0.0,closeness_centrality,0.245,sequential_ollama/gemma4:e4b_zh,37
0.0,closeness_centrality,0.25654450261780104,sequential_ollama/gemma4:e4b_zh,24
1.0,degree_centrality,0.08163265306122448,sequential_ollama/gemma4:e4b_zh,27
1.0,degree_centrality,0.12244897959183673,sequential_ollama/gemma4:e4b_zh,20
1.0,degree_centrality,0.08163265306122448,sequential_ollama/gemma4:e4b_zh,26
1.0,degree_centrality,0.08163265306122448,sequential_ollama/gemma4:e4b_zh,49
1.0,degree_centrality,0.14285714285714285,sequential_ollama/gemma4:e4b_zh,31
1.0,degree_centrality,0.08163265306122448,sequential_ollama/gemma4:e4b_zh,35
1.0,degree_centrality,0.18367346938775508,sequential_ollama/gemma4:e4b_zh,19
1.0,degree_centrality,0.14285714285714285,sequential_ollama/gemma4:e4b_zh,17
1.0,degree_centrality,0.1020408163265306,sequential_ollama/gemma4:e4b_zh,1
1.0,degree_centrality,0.22448979591836732,sequential_ollama/gemma4:e4b_zh,12
1.0,degree_centrality,0.18367346938775508,sequential_ollama/gemma4:e4b_zh,40
1.0,degree_centrality,0.08163265306122448,sequential_ollama/gemma4:e4b_zh,39
1.0,degree_centrality,0.12244897959183673,sequential_ollama/gemma4:e4b_zh,14
1.0,degree_centrality,0.22448979591836732,sequential_ollama/gemma4:e4b_zh,47
1.0,degree_centrality,0.18367346938775508,sequential_ollama/gemma4:e4b_zh,43
1.0,degree_centrality,0.16326530612244897,sequential_ollama/gemma4:e4b_zh,33
1.0,degree_centrality,0.16326530612244897,sequential_ollama/gemma4:e4b_zh,16
1.0,degree_centrality,0.14285714285714285,sequential_ollama/gemma4:e4b_zh,2
1.0,degree_centrality,0.08163265306122448,sequential_ollama/gemma4:e4b_zh,23
1.0,degree_centrality,0.16326530612244897,sequential_ollama/gemma4:e4b_zh,48
1.0,degree_centrality,0.12244897959183673,sequential_ollama/gemma4:e4b_zh,38
1.0,degree_centrality,0.16326530612244897,sequential_ollama/gemma4:e4b_zh,7
1.0,degree_centrality,0.061224489795918366,sequential_ollama/gemma4:e4b_zh,0
1.0,degree_centrality,0.08163265306122448,sequential_ollama/gemma4:e4b_zh,42
1.0,degree_centrality,0.18367346938775508,sequential_ollama/gemma4:e4b_zh,8
1.0,degree_centrality,0.061224489795918366,sequential_ollama/gemma4:e4b_zh,29
1.0,degree_centrality,0.12244897959183673,sequential_ollama/gemma4:e4b_zh,41
1.0,degree_centrality,0.14285714285714285,sequential_ollama/gemma4:e4b_zh,9
1.0,degree_centrality,0.1020408163265306,sequential_ollama/gemma4:e4b_zh,3
1.0,degree_centrality,0.08163265306122448,sequential_ollama/gemma4:e4b_zh,6
1.0,degree_centrality,0.1020408163265306,sequential_ollama/gemma4:e4b_zh,5
1.0,degree_centrality,0.02040816326530612,sequential_ollama/gemma4:e4b_zh,46
1.0,degree_centrality,0.12244897959183673,sequential_ollama/gemma4:e4b_zh,15
1.0,degree_centrality,0.04081632653061224,sequential_ollama/gemma4:e4b_zh,13
1.0,degree_centrality,0.061224489795918366,sequential_ollama/gemma4:e4b_zh,34
1.0,degree_centrality,0.1020408163265306,sequential_ollama/gemma4:e4b_zh,4
1.0,degree_centrality,0.08163265306122448,sequential_ollama/gemma4:e4b_zh,32
1.0,degree_centrality,0.1020408163265306,sequential_ollama/gemma4:e4b_zh,28
1.0,degree_centrality,0.1020408163265306,sequential_ollama/gemma4:e4b_zh,10
1.0,degree_centrality,0.12244897959183673,sequential_ollama/gemma4:e4b_zh,21
1.0,degree_centrality,0.12244897959183673,sequential_ollama/gemma4:e4b_zh,36
1.0,degree_centrality,0.08163265306122448,sequential_ollama/gemma4:e4b_zh,25
1.0,degree_centrality,0.1020408163265306,sequential_ollama/gemma4:e4b_zh,24
1.0,degree_centrality,0.061224489795918366,sequential_ollama/gemma4:e4b_zh,18
1.0,degree_centrality,0.061224489795918366,sequential_ollama/gemma4:e4b_zh,30
1.0,degree_centrality,0.061224489795918366,sequential_ollama/gemma4:e4b_zh,45
1.0,degree_centrality,0.08163265306122448,sequential_ollama/gemma4:e4b_zh,22
1.0,degree_centrality,0.061224489795918366,sequential_ollama/gemma4:e4b_zh,11
1.0,degree_centrality,0.061224489795918366,sequential_ollama/gemma4:e4b_zh,44
1.0,degree_centrality,0.08163265306122448,sequential_ollama/gemma4:e4b_zh,37
1.0,betweenness_centrality,0.08173613957392983,sequential_ollama/gemma4:e4b_zh,27
1.0,betweenness_centrality,0.29151276662712283,sequential_ollama/gemma4:e4b_zh,20
1.0,betweenness_centrality,0.01512896825396825,sequential_ollama/gemma4:e4b_zh,26
1.0,betweenness_centrality,0.009706413722071705,sequential_ollama/gemma4:e4b_zh,49
1.0,betweenness_centrality,0.11001714356746023,sequential_ollama/gemma4:e4b_zh,31
1.0,betweenness_centrality,0.0,sequential_ollama/gemma4:e4b_zh,35
1.0,betweenness_centrality,0.04821718399084689,sequential_ollama/gemma4:e4b_zh,19
1.0,betweenness_centrality,0.0036068594104308386,sequential_ollama/gemma4:e4b_zh,17
1.0,betweenness_centrality,0.010312788118910574,sequential_ollama/gemma4:e4b_zh,1
1.0,betweenness_centrality,0.1521782896255099,sequential_ollama/gemma4:e4b_zh,12
1.0,betweenness_centrality,0.03032061158600567,sequential_ollama/gemma4:e4b_zh,40
1.0,betweenness_centrality,0.0,sequential_ollama/gemma4:e4b_zh,39
1.0,betweenness_centrality,0.010495626822157437,sequential_ollama/gemma4:e4b_zh,14
1.0,betweenness_centrality,0.10316567148023867,sequential_ollama/gemma4:e4b_zh,47
1.0,betweenness_centrality,0.011951113417950155,sequential_ollama/gemma4:e4b_zh,43
1.0,betweenness_centrality,0.011221575571065364,sequential_ollama/gemma4:e4b_zh,33
1.0,betweenness_centrality,0.22942138708764329,sequential_ollama/gemma4:e4b_zh,16
1.0,betweenness_centrality,0.007506494958113537,sequential_ollama/gemma4:e4b_zh,2
1.0,betweenness_centrality,0.0,sequential_ollama/gemma4:e4b_zh,23
1.0,betweenness_centrality,0.013935209726026052,sequential_ollama/gemma4:e4b_zh,48
1.0,betweenness_centrality,0.07006888780837583,sequential_ollama/gemma4:e4b_zh,38
1.0,betweenness_centrality,0.08964865477004814,sequential_ollama/gemma4:e4b_zh,7
1.0,betweenness_centrality,0.017044207608730825,sequential_ollama/gemma4:e4b_zh,0
1.0,betweenness_centrality,0.023249665982556556,sequential_ollama/gemma4:e4b_zh,42
1.0,betweenness_centrality,0.12685621728989077,sequential_ollama/gemma4:e4b_zh,8
1.0,betweenness_centrality,0.017044207608730825,sequential_ollama/gemma4:e4b_zh,29
1.0,betweenness_centrality,0.009504824953892514,sequential_ollama/gemma4:e4b_zh,41
1.0,betweenness_centrality,0.03355926008987234,sequential_ollama/gemma4:e4b_zh,9
1.0,betweenness_centrality,0.0012175324675324673,sequential_ollama/gemma4:e4b_zh,3
1.0,betweenness_centrality,0.004752119101608898,sequential_ollama/gemma4:e4b_zh,6
1.0,betweenness_centrality,0.2214782295271388,sequential_ollama/gemma4:e4b_zh,5
1.0,betweenness_centrality,0.0,sequential_ollama/gemma4:e4b_zh,46
1.0,betweenness_centrality,0.08227104292155311,sequential_ollama/gemma4:e4b_zh,15
1.0,betweenness_centrality,0.0,sequential_ollama/gemma4:e4b_zh,13
1.0,betweenness_centrality,0.017240101168672597,sequential_ollama/gemma4:e4b_zh,34
1.0,betweenness_centrality,0.026905483597513855,sequential_ollama/gemma4:e4b_zh,4
1.0,betweenness_centrality,0.007462876786856379,sequential_ollama/gemma4:e4b_zh,32
1.0,betweenness_centrality,0.05503017301266773,sequential_ollama/gemma4:e4b_zh,28
1.0,betweenness_centrality,0.011409412110942721,sequential_ollama/gemma4:e4b_zh,10
1.0,betweenness_centrality,0.142498281392546,sequential_ollama/gemma4:e4b_zh,21
1.0,betweenness_centrality,0.3021834970682614,sequential_ollama/gemma4:e4b_zh,36
1.0,betweenness_centrality,0.009467120181405895,sequential_ollama/gemma4:e4b_zh,25
1.0,betweenness_centrality,0.11937403167830685,sequential_ollama/gemma4:e4b_zh,24
1.0,betweenness_centrality,0.0,sequential_ollama/gemma4:e4b_zh,18
1.0,betweenness_centrality,0.0,sequential_ollama/gemma4:e4b_zh,30
1.0,betweenness_centrality,0.0,sequential_ollama/gemma4:e4b_zh,45
1.0,betweenness_centrality,0.023822605070405917,sequential_ollama/gemma4:e4b_zh,22
1.0,betweenness_centrality,0.00042517006802721087,sequential_ollama/gemma4:e4b_zh,11
1.0,betweenness_centrality,0.0,sequential_ollama/gemma4:e4b_zh,44
1.0,betweenness_centrality,0.0006235827664399093,sequential_ollama/gemma4:e4b_zh,37
1.0,closeness_centrality,0.29878048780487804,sequential_ollama/gemma4:e4b_zh,27
1.0,closeness_centrality,0.3684210526315789,sequential_ollama/gemma4:e4b_zh,20
1.0,closeness_centrality,0.2413793103448276,sequential_ollama/gemma4:e4b_zh,26
1.0,closeness_centrality,0.25,sequential_ollama/gemma4:e4b_zh,49
1.0,closeness_centrality,0.2784090909090909,sequential_ollama/gemma4:e4b_zh,31
1.0,closeness_centrality,0.2648648648648649,sequential_ollama/gemma4:e4b_zh,35
1.0,closeness_centrality,0.3141025641025641,sequential_ollama/gemma4:e4b_zh,19
1.0,closeness_centrality,0.2722222222222222,sequential_ollama/gemma4:e4b_zh,17
1.0,closeness_centrality,0.296969696969697,sequential_ollama/gemma4:e4b_zh,1
1.0,closeness_centrality,0.3475177304964539,sequential_ollama/gemma4:e4b_zh,12
1.0,closeness_centrality,0.30434782608695654,sequential_ollama/gemma4:e4b_zh,40
1.0,closeness_centrality,0.266304347826087,sequential_ollama/gemma4:e4b_zh,39
1.0,closeness_centrality,0.2934131736526946,sequential_ollama/gemma4:e4b_zh,14
1.0,closeness_centrality,0.34507042253521125,sequential_ollama/gemma4:e4b_zh,47
1.0,closeness_centrality,0.28654970760233917,sequential_ollama/gemma4:e4b_zh,43
1.0,closeness_centrality,0.2832369942196532,sequential_ollama/gemma4:e4b_zh,33
1.0,closeness_centrality,0.35,sequential_ollama/gemma4:e4b_zh,16
1.0,closeness_centrality,0.29878048780487804,sequential_ollama/gemma4:e4b_zh,2
1.0,closeness_centrality,0.266304347826087,sequential_ollama/gemma4:e4b_zh,23
1.0,closeness_centrality,0.28488372093023256,sequential_ollama/gemma4:e4b_zh,48
1.0,closeness_centrality,0.3081761006289308,sequential_ollama/gemma4:e4b_zh,38
1.0,closeness_centrality,0.3402777777777778,sequential_ollama/gemma4:e4b_zh,7
1.0,closeness_centrality,0.3081761006289308,sequential_ollama/gemma4:e4b_zh,0
1.0,closeness_centrality,0.30434782608695654,sequential_ollama/gemma4:e4b_zh,42
1.0,closeness_centrality,0.3288590604026846,sequential_ollama/gemma4:e4b_zh,8
1.0,closeness_centrality,0.3081761006289308,sequential_ollama/gemma4:e4b_zh,29
1.0,closeness_centrality,0.29878048780487804,sequential_ollama/gemma4:e4b_zh,41
1.0,closeness_centrality,0.32666666666666666,sequential_ollama/gemma4:e4b_zh,9
1.0,closeness_centrality,0.2737430167597765,sequential_ollama/gemma4:e4b_zh,3
1.0,closeness_centrality,0.3006134969325153,sequential_ollama/gemma4:e4b_zh,6
1.0,closeness_centrality,0.34507042253521125,sequential_ollama/gemma4:e4b_zh,5
1.0,closeness_centrality,0.24623115577889448,sequential_ollama/gemma4:e4b_zh,46
1.0,closeness_centrality,0.32450331125827814,sequential_ollama/gemma4:e4b_zh,15
1.0,closeness_centrality,0.22072072072072071,sequential_ollama/gemma4:e4b_zh,13
1.0,closeness_centrality,0.22477064220183487,sequential_ollama/gemma4:e4b_zh,34
1.0,closeness_centrality,0.29878048780487804,sequential_ollama/gemma4:e4b_zh,4
1.0,closeness_centrality,0.2677595628415301,sequential_ollama/gemma4:e4b_zh,32
1.0,closeness_centrality,0.2916666666666667,sequential_ollama/gemma4:e4b_zh,28
1.0,closeness_centrality,0.30625,sequential_ollama/gemma4:e4b_zh,10
1.0,closeness_centrality,0.34507042253521125,sequential_ollama/gemma4:e4b_zh,21
1.0,closeness_centrality,0.37404580152671757,sequential_ollama/gemma4:e4b_zh,36
1.0,closeness_centrality,0.29878048780487804,sequential_ollama/gemma4:e4b_zh,25
1.0,closeness_centrality,0.34507042253521125,sequential_ollama/gemma4:e4b_zh,24
1.0,closeness_centrality,0.2768361581920904,sequential_ollama/gemma4:e4b_zh,18
1.0,closeness_centrality,0.2768361581920904,sequential_ollama/gemma4:e4b_zh,30
1.0,closeness_centrality,0.26344086021505375,sequential_ollama/gemma4:e4b_zh,45
1.0,closeness_centrality,0.24378109452736318,sequential_ollama/gemma4:e4b_zh,22
1.0,closeness_centrality,0.2076271186440678,sequential_ollama/gemma4:e4b_zh,11
1.0,closeness_centrality,0.2784090909090909,sequential_ollama/gemma4:e4b_zh,44
1.0,closeness_centrality,0.2832369942196532,sequential_ollama/gemma4:e4b_zh,37
2.0,degree_centrality,0.08163265306122448,sequential_ollama/gemma4:e4b_zh,36
2.0,degree_centrality,0.061224489795918366,sequential_ollama/gemma4:e4b_zh,30
2.0,degree_centrality,0.1020408163265306,sequential_ollama/gemma4:e4b_zh,21
2.0,degree_centrality,0.16326530612244897,sequential_ollama/gemma4:e4b_zh,25
2.0,degree_centrality,0.08163265306122448,sequential_ollama/gemma4:e4b_zh,18
2.0,degree_centrality,0.18367346938775508,sequential_ollama/gemma4:e4b_zh,47
2.0,degree_centrality,0.16326530612244897,sequential_ollama/gemma4:e4b_zh,9
2.0,degree_centrality,0.12244897959183673,sequential_ollama/gemma4:e4b_zh,48
2.0,degree_centrality,0.12244897959183673,sequential_ollama/gemma4:e4b_zh,43
2.0,degree_centrality,0.061224489795918366,sequential_ollama/gemma4:e4b_zh,24
2.0,degree_centrality,0.12244897959183673,sequential_ollama/gemma4:e4b_zh,33
2.0,degree_centrality,0.14285714285714285,sequential_ollama/gemma4:e4b_zh,40
2.0,degree_centrality,0.12244897959183673,sequential_ollama/gemma4:e4b_zh,14
2.0,degree_centrality,0.08163265306122448,sequential_ollama/gemma4:e4b_zh,23
2.0,degree_centrality,0.08163265306122448,sequential_ollama/gemma4:e4b_zh,39
2.0,degree_centrality,0.12244897959183673,sequential_ollama/gemma4:e4b_zh,28
2.0,degree_centrality,0.1020408163265306,sequential_ollama/gemma4:e4b_zh,20
2.0,degree_centrality,0.08163265306122448,sequential_ollama/gemma4:e4b_zh,11
2.0,degree_centrality,0.14285714285714285,sequential_ollama/gemma4:e4b_zh,10
2.0,degree_centrality,0.1020408163265306,sequential_ollama/gemma4:e4b_zh,32
2.0,degree_centrality,0.12244897959183673,sequential_ollama/gemma4:e4b_zh,4
2.0,degree_centrality,0.14285714285714285,sequential_ollama/gemma4:e4b_zh,0
2.0,degree_centrality,0.12244897959183673,sequential_ollama/gemma4:e4b_zh,41
2.0,degree_centrality,0.12244897959183673,sequential_ollama/gemma4:e4b_zh,16
2.0,degree_centrality,0.061224489795918366,sequential_ollama/gemma4:e4b_zh,2
2.0,degree_centrality,0.1020408163265306,sequential_ollama/gemma4:e4b_zh,13
2.0,degree_centrality,0.1020408163265306,sequential_ollama/gemma4:e4b_zh,31
2.0,degree_centrality,0.12244897959183673,sequential_ollama/gemma4:e4b_zh,38
2.0,degree_centrality,0.12244897959183673,sequential_ollama/gemma4:e4b_zh,26
2.0,degree_centrality,0.12244897959183673,sequential_ollama/gemma4:e4b_zh,49
2.0,degree_centrality,0.08163265306122448,sequential_ollama/gemma4:e4b_zh,37
2.0,degree_centrality,0.08163265306122448,sequential_ollama/gemma4:e4b_zh,46
2.0,degree_centrality,0.1020408163265306,sequential_ollama/gemma4:e4b_zh,15
2.0,degree_centrality,0.1020408163265306,sequential_ollama/gemma4:e4b_zh,5
2.0,degree_centrality,0.1020408163265306,sequential_ollama/gemma4:e4b_zh,44
2.0,degree_centrality,0.061224489795918366,sequential_ollama/gemma4:e4b_zh,6
2.0,degree_centrality,0.08163265306122448,sequential_ollama/gemma4:e4b_zh,3
2.0,degree_centrality,0.1020408163265306,sequential_ollama/gemma4:e4b_zh,17
2.0,degree_centrality,0.1020408163265306,sequential_ollama/gemma4:e4b_zh,35
2.0,degree_centrality,0.1020408163265306,sequential_ollama/gemma4:e4b_zh,12
2.0,degree_centrality,0.18367346938775508,sequential_ollama/gemma4:e4b_zh,1
2.0,degree_centrality,0.14285714285714285,sequential_ollama/gemma4:e4b_zh,19
2.0,degree_centrality,0.1020408163265306,sequential_ollama/gemma4:e4b_zh,45
2.0,degree_centrality,0.061224489795918366,sequential_ollama/gemma4:e4b_zh,27
2.0,degree_centrality,0.12244897959183673,sequential_ollama/gemma4:e4b_zh,7
2.0,degree_centrality,0.08163265306122448,sequential_ollama/gemma4:e4b_zh,29
2.0,degree_centrality,0.08163265306122448,sequential_ollama/gemma4:e4b_zh,34
2.0,degree_centrality,0.08163265306122448,sequential_ollama/gemma4:e4b_zh,42
2.0,degree_centrality,0.1020408163265306,sequential_ollama/gemma4:e4b_zh,8
2.0,degree_centrality,0.08163265306122448,sequential_ollama/gemma4:e4b_zh,22
2.0,betweenness_centrality,0.007638888888888886,sequential_ollama/gemma4:e4b_zh,36
2.0,betweenness_centrality,0.0,sequential_ollama/gemma4:e4b_zh,30
2.0,betweenness_centrality,0.037026239067055385,sequential_ollama/gemma4:e4b_zh,21
2.0,betweenness_centrality,0.26682661159701976,sequential_ollama/gemma4:e4b_zh,25
2.0,betweenness_centrality,0.007638888888888886,sequential_ollama/gemma4:e4b_zh,18
2.0,betweenness_centrality,0.069221736313573,sequential_ollama/gemma4:e4b_zh,47
2.0,betweenness_centrality,0.10210965338516355,sequential_ollama/gemma4:e4b_zh,9
2.0,betweenness_centrality,0.07668650793650794,sequential_ollama/gemma4:e4b_zh,48
2.0,betweenness_centrality,0.021001376741172657,sequential_ollama/gemma4:e4b_zh,43
2.0,betweenness_centrality,0.013506235827664399,sequential_ollama/gemma4:e4b_zh,24
2.0,betweenness_centrality,0.007902089407191447,sequential_ollama/gemma4:e4b_zh,33
2.0,betweenness_centrality,0.045153061224489796,sequential_ollama/gemma4:e4b_zh,40
2.0,betweenness_centrality,0.029826692581794628,sequential_ollama/gemma4:e4b_zh,14
2.0,betweenness_centrality,0.0,sequential_ollama/gemma4:e4b_zh,23
2.0,betweenness_centrality,0.0,sequential_ollama/gemma4:e4b_zh,39
2.0,betweenness_centrality,0.2740156975488607,sequential_ollama/gemma4:e4b_zh,28
2.0,betweenness_centrality,0.057553180002159594,sequential_ollama/gemma4:e4b_zh,20
2.0,betweenness_centrality,0.05858843537414968,sequential_ollama/gemma4:e4b_zh,11
2.0,betweenness_centrality,0.05207827178490441,sequential_ollama/gemma4:e4b_zh,10
2.0,betweenness_centrality,0.008942406327610408,sequential_ollama/gemma4:e4b_zh,32
2.0,betweenness_centrality,0.06251687182809632,sequential_ollama/gemma4:e4b_zh,4
2.0,betweenness_centrality,0.5333414318108196,sequential_ollama/gemma4:e4b_zh,0
2.0,betweenness_centrality,0.08077016520894072,sequential_ollama/gemma4:e4b_zh,41
2.0,betweenness_centrality,0.5158669420149014,sequential_ollama/gemma4:e4b_zh,16
2.0,betweenness_centrality,0.0,sequential_ollama/gemma4:e4b_zh,2
2.0,betweenness_centrality,0.012739242522405785,sequential_ollama/gemma4:e4b_zh,13
2.0,betweenness_centrality,0.004460573912104524,sequential_ollama/gemma4:e4b_zh,31
2.0,betweenness_centrality,0.03663245059928733,sequential_ollama/gemma4:e4b_zh,38
2.0,betweenness_centrality,0.007574775942122881,sequential_ollama/gemma4:e4b_zh,26
2.0,betweenness_centrality,0.022323453190800126,sequential_ollama/gemma4:e4b_zh,49
2.0,betweenness_centrality,0.04837018140589567,sequential_ollama/gemma4:e4b_zh,37
2.0,betweenness_centrality,0.000744047619047619,sequential_ollama/gemma4:e4b_zh,46
2.0,betweenness_centrality,0.027362055933484505,sequential_ollama/gemma4:e4b_zh,15
2.0,betweenness_centrality,0.06358654572940287,sequential_ollama/gemma4:e4b_zh,5
2.0,betweenness_centrality,0.020939625850340128,sequential_ollama/gemma4:e4b_zh,44
2.0,betweenness_centrality,0.0012755102040816326,sequential_ollama/gemma4:e4b_zh,6
2.0,betweenness_centrality,0.00589974084872044,sequential_ollama/gemma4:e4b_zh,3
2.0,betweenness_centrality,0.0,sequential_ollama/gemma4:e4b_zh,17
2.0,betweenness_centrality,0.0,sequential_ollama/gemma4:e4b_zh,35
2.0,betweenness_centrality,0.0,sequential_ollama/gemma4:e4b_zh,12
2.0,betweenness_centrality,0.10442986718496922,sequential_ollama/gemma4:e4b_zh,1
2.0,betweenness_centrality,0.06895448655652739,sequential_ollama/gemma4:e4b_zh,19
2.0,betweenness_centrality,0.0,sequential_ollama/gemma4:e4b_zh,45
2.0,betweenness_centrality,0.00116550588489364,sequential_ollama/gemma4:e4b_zh,27
2.0,betweenness_centrality,0.037103174603174596,sequential_ollama/gemma4:e4b_zh,7
2.0,betweenness_centrality,0.015093537414965986,sequential_ollama/gemma4:e4b_zh,29
2.0,betweenness_centrality,0.00786193445632221,sequential_ollama/gemma4:e4b_zh,34
2.0,betweenness_centrality,0.0011621315192743764,sequential_ollama/gemma4:e4b_zh,42
2.0,betweenness_centrality,0.030067284850448118,sequential_ollama/gemma4:e4b_zh,8
2.0,betweenness_centrality,0.003532285930245113,sequential_ollama/gemma4:e4b_zh,22
2.0,closeness_centrality,0.2692307692307692,sequential_ollama/gemma4:e4b_zh,36
2.0,closeness_centrality,0.2620320855614973,sequential_ollama/gemma4:e4b_zh,30
2.0,closeness_centrality,0.2474747474747475,sequential_ollama/gemma4:e4b_zh,21
2.0,closeness_centrality,0.34265734265734266,sequential_ollama/gemma4:e4b_zh,25
2.0,closeness_centrality,0.2692307692307692,sequential_ollama/gemma4:e4b_zh,18
2.0,closeness_centrality,0.28823529411764703,sequential_ollama/gemma4:e4b_zh,47
2.0,closeness_centrality,0.3402777777777778,sequential_ollama/gemma4:e4b_zh,9
2.0,closeness_centrality,0.32450331125827814,sequential_ollama/gemma4:e4b_zh,48
2.0,closeness_centrality,0.28994082840236685,sequential_ollama/gemma4:e4b_zh,43
2.0,closeness_centrality,0.2677595628415301,sequential_ollama/gemma4:e4b_zh,24
2.0,closeness_centrality,0.28160919540229884,sequential_ollama/gemma4:e4b_zh,33
2.0,closeness_centrality,0.2768361581920904,sequential_ollama/gemma4:e4b_zh,40
2.0,closeness_centrality,0.2474747474747475,sequential_ollama/gemma4:e4b_zh,14
2.0,closeness_centrality,0.23444976076555024,sequential_ollama/gemma4:e4b_zh,23
2.0,closeness_centrality,0.23444976076555024,sequential_ollama/gemma4:e4b_zh,39
2.0,closeness_centrality,0.32666666666666666,sequential_ollama/gemma4:e4b_zh,28
2.0,closeness_centrality,0.26344086021505375,sequential_ollama/gemma4:e4b_zh,20
2.0,closeness_centrality,0.2677595628415301,sequential_ollama/gemma4:e4b_zh,11
2.0,closeness_centrality,0.2784090909090909,sequential_ollama/gemma4:e4b_zh,10
2.0,closeness_centrality,0.2692307692307692,sequential_ollama/gemma4:e4b_zh,32
2.0,closeness_centrality,0.2752808988764045,sequential_ollama/gemma4:e4b_zh,4
2.0,closeness_centrality,0.3798449612403101,sequential_ollama/gemma4:e4b_zh,0
2.0,closeness_centrality,0.3356164383561644,sequential_ollama/gemma4:e4b_zh,41
2.0,closeness_centrality,0.3858267716535433,sequential_ollama/gemma4:e4b_zh,16
2.0,closeness_centrality,0.29878048780487804,sequential_ollama/gemma4:e4b_zh,2
2.0,closeness_centrality,0.23671497584541062,sequential_ollama/gemma4:e4b_zh,13
2.0,closeness_centrality,0.23113207547169812,sequential_ollama/gemma4:e4b_zh,31
2.0,closeness_centrality,0.23786407766990292,sequential_ollama/gemma4:e4b_zh,38
2.0,closeness_centrality,0.22897196261682243,sequential_ollama/gemma4:e4b_zh,26
2.0,closeness_centrality,0.23557692307692307,sequential_ollama/gemma4:e4b_zh,49
2.0,closeness_centrality,0.3081761006289308,sequential_ollama/gemma4:e4b_zh,37
2.0,closeness_centrality,0.2916666666666667,sequential_ollama/gemma4:e4b_zh,46
2.0,closeness_centrality,0.30246913580246915,sequential_ollama/gemma4:e4b_zh,15
2.0,closeness_centrality,0.29878048780487804,sequential_ollama/gemma4:e4b_zh,5
2.0,closeness_centrality,0.30434782608695654,sequential_ollama/gemma4:e4b_zh,44
2.0,closeness_centrality,0.23113207547169812,sequential_ollama/gemma4:e4b_zh,6
2.0,closeness_centrality,0.2784090909090909,sequential_ollama/gemma4:e4b_zh,3
2.0,closeness_centrality,0.23113207547169812,sequential_ollama/gemma4:e4b_zh,17
2.0,closeness_centrality,0.23113207547169812,sequential_ollama/gemma4:e4b_zh,35
2.0,closeness_centrality,0.23113207547169812,sequential_ollama/gemma4:e4b_zh,12
2.0,closeness_centrality,0.2916666666666667,sequential_ollama/gemma4:e4b_zh,1
2.0,closeness_centrality,0.2832369942196532,sequential_ollama/gemma4:e4b_zh,19
2.0,closeness_centrality,0.23113207547169812,sequential_ollama/gemma4:e4b_zh,45
2.0,closeness_centrality,0.22477064220183487,sequential_ollama/gemma4:e4b_zh,27
2.0,closeness_centrality,0.266304347826087,sequential_ollama/gemma4:e4b_zh,7
2.0,closeness_centrality,0.25654450261780104,sequential_ollama/gemma4:e4b_zh,29
2.0,closeness_centrality,0.23113207547169812,sequential_ollama/gemma4:e4b_zh,34
2.0,closeness_centrality,0.22790697674418606,sequential_ollama/gemma4:e4b_zh,42
2.0,closeness_centrality,0.2722222222222222,sequential_ollama/gemma4:e4b_zh,8
2.0,closeness_centrality,0.22580645161290322,sequential_ollama/gemma4:e4b_zh,22
3.0,degree_centrality,0.26530612244897955,sequential_ollama/gemma4:e4b_zh,12
3.0,degree_centrality,0.44897959183673464,sequential_ollama/gemma4:e4b_zh,19
3.0,degree_centrality,0.3877551020408163,sequential_ollama/gemma4:e4b_zh,2
3.0,degree_centrality,0.3877551020408163,sequential_ollama/gemma4:e4b_zh,16
3.0,degree_centrality,0.44897959183673464,sequential_ollama/gemma4:e4b_zh,41
3.0,degree_centrality,0.3469387755102041,sequential_ollama/gemma4:e4b_zh,14
3.0,degree_centrality,0.42857142857142855,sequential_ollama/gemma4:e4b_zh,43
3.0,degree_centrality,0.36734693877551017,sequential_ollama/gemma4:e4b_zh,17
3.0,degree_centrality,0.3469387755102041,sequential_ollama/gemma4:e4b_zh,21
3.0,degree_centrality,0.3877551020408163,sequential_ollama/gemma4:e4b_zh,1
3.0,degree_centrality,0.3877551020408163,sequential_ollama/gemma4:e4b_zh,33
3.0,degree_centrality,0.16326530612244897,sequential_ollama/gemma4:e4b_zh,45
3.0,degree_centrality,0.4693877551020408,sequential_ollama/gemma4:e4b_zh,24
3.0,degree_centrality,0.32653061224489793,sequential_ollama/gemma4:e4b_zh,48
3.0,degree_centrality,0.18367346938775508,sequential_ollama/gemma4:e4b_zh,39
3.0,degree_centrality,0.3469387755102041,sequential_ollama/gemma4:e4b_zh,3
3.0,degree_centrality,0.26530612244897955,sequential_ollama/gemma4:e4b_zh,40
3.0,degree_centrality,0.24489795918367346,sequential_ollama/gemma4:e4b_zh,23
3.0,degree_centrality,0.22448979591836732,sequential_ollama/gemma4:e4b_zh,9
3.0,degree_centrality,0.22448979591836732,sequential_ollama/gemma4:e4b_zh,47
3.0,degree_centrality,0.1020408163265306,sequential_ollama/gemma4:e4b_zh,6
3.0,degree_centrality,0.24489795918367346,sequential_ollama/gemma4:e4b_zh,31
3.0,degree_centrality,0.2857142857142857,sequential_ollama/gemma4:e4b_zh,22
3.0,degree_centrality,0.2857142857142857,sequential_ollama/gemma4:e4b_zh,13
3.0,degree_centrality,0.24489795918367346,sequential_ollama/gemma4:e4b_zh,4
3.0,degree_centrality,0.44897959183673464,sequential_ollama/gemma4:e4b_zh,42
3.0,degree_centrality,0.3469387755102041,sequential_ollama/gemma4:e4b_zh,49
3.0,degree_centrality,0.22448979591836732,sequential_ollama/gemma4:e4b_zh,34
3.0,degree_centrality,0.3061224489795918,sequential_ollama/gemma4:e4b_zh,38
3.0,degree_centrality,0.22448979591836732,sequential_ollama/gemma4:e4b_zh,20
3.0,degree_centrality,0.3061224489795918,sequential_ollama/gemma4:e4b_zh,11
3.0,degree_centrality,0.3061224489795918,sequential_ollama/gemma4:e4b_zh,26
3.0,degree_centrality,0.24489795918367346,sequential_ollama/gemma4:e4b_zh,28
3.0,degree_centrality,0.26530612244897955,sequential_ollama/gemma4:e4b_zh,8
3.0,degree_centrality,0.2040816326530612,sequential_ollama/gemma4:e4b_zh,10
3.0,degree_centrality,0.12244897959183673,sequential_ollama/gemma4:e4b_zh,32
3.0,degree_centrality,0.14285714285714285,sequential_ollama/gemma4:e4b_zh,29
3.0,degree_centrality,0.32653061224489793,sequential_ollama/gemma4:e4b_zh,7
3.0,degree_centrality,0.12244897959183673,sequential_ollama/gemma4:e4b_zh,35
3.0,degree_centrality,0.18367346938775508,sequential_ollama/gemma4:e4b_zh,36
3.0,degree_centrality,0.061224489795918366,sequential_ollama/gemma4:e4b_zh,18
3.0,degree_centrality,0.16326530612244897,sequential_ollama/gemma4:e4b_zh,30
3.0,degree_centrality,0.14285714285714285,sequential_ollama/gemma4:e4b_zh,37
3.0,degree_centrality,0.2040816326530612,sequential_ollama/gemma4:e4b_zh,0
3.0,degree_centrality,0.14285714285714285,sequential_ollama/gemma4:e4b_zh,44
3.0,degree_centrality,0.18367346938775508,sequential_ollama/gemma4:e4b_zh,15
3.0,degree_centrality,0.1020408163265306,sequential_ollama/gemma4:e4b_zh,25
3.0,degree_centrality,0.1020408163265306,sequential_ollama/gemma4:e4b_zh,46
3.0,degree_centrality,0.22448979591836732,sequential_ollama/gemma4:e4b_zh,5
3.0,degree_centrality,0.1020408163265306,sequential_ollama/gemma4:e4b_zh,27
3.0,betweenness_centrality,0.0035785147392290275,sequential_ollama/gemma4:e4b_zh,12
3.0,betweenness_centrality,0.029042209406199653,sequential_ollama/gemma4:e4b_zh,19
3.0,betweenness_centrality,0.12455102695545232,sequential_ollama/gemma4:e4b_zh,2
3.0,betweenness_centrality,0.012968703060040207,sequential_ollama/gemma4:e4b_zh,16
3.0,betweenness_centrality,0.023057210247806128,sequential_ollama/gemma4:e4b_zh,41
3.0,betweenness_centrality,0.004792749642314468,sequential_ollama/gemma4:e4b_zh,14
3.0,betweenness_centrality,0.022873313887496343,sequential_ollama/gemma4:e4b_zh,43
3.0,betweenness_centrality,0.014041007335727008,sequential_ollama/gemma4:e4b_zh,17
3.0,betweenness_centrality,0.0092725296399534,sequential_ollama/gemma4:e4b_zh,21
3.0,betweenness_centrality,0.014573482230446801,sequential_ollama/gemma4:e4b_zh,1
3.0,betweenness_centrality,0.0076435883349898915,sequential_ollama/gemma4:e4b_zh,33
3.0,betweenness_centrality,0.0004535147392290249,sequential_ollama/gemma4:e4b_zh,45
3.0,betweenness_centrality,0.3410440205895019,sequential_ollama/gemma4:e4b_zh,24
3.0,betweenness_centrality,0.00350659827700644,sequential_ollama/gemma4:e4b_zh,48
3.0,betweenness_centrality,6.541077969649399e-05,sequential_ollama/gemma4:e4b_zh,39
3.0,betweenness_centrality,0.008091237813251616,sequential_ollama/gemma4:e4b_zh,3
3.0,betweenness_centrality,0.0010415712100135868,sequential_ollama/gemma4:e4b_zh,40
3.0,betweenness_centrality,0.0006537433349408139,sequential_ollama/gemma4:e4b_zh,23
3.0,betweenness_centrality,5.6689342403628114e-05,sequential_ollama/gemma4:e4b_zh,9
3.0,betweenness_centrality,0.0018976913109566168,sequential_ollama/gemma4:e4b_zh,47
3.0,betweenness_centrality,0.00015460729746444033,sequential_ollama/gemma4:e4b_zh,6
3.0,betweenness_centrality,0.004799353362011226,sequential_ollama/gemma4:e4b_zh,31
3.0,betweenness_centrality,0.1566849382774756,sequential_ollama/gemma4:e4b_zh,22
3.0,betweenness_centrality,0.010896832036020515,sequential_ollama/gemma4:e4b_zh,13
3.0,betweenness_centrality,0.03511704834632032,sequential_ollama/gemma4:e4b_zh,4
3.0,betweenness_centrality,0.0599041281561005,sequential_ollama/gemma4:e4b_zh,42
3.0,betweenness_centrality,0.015943842215042,sequential_ollama/gemma4:e4b_zh,49
3.0,betweenness_centrality,0.004003606937280405,sequential_ollama/gemma4:e4b_zh,34
3.0,betweenness_centrality,0.016727289419796593,sequential_ollama/gemma4:e4b_zh,38
3.0,betweenness_centrality,0.004316525385939993,sequential_ollama/gemma4:e4b_zh,20
3.0,betweenness_centrality,0.1602047090825006,sequential_ollama/gemma4:e4b_zh,11
3.0,betweenness_centrality,0.012550511929711497,sequential_ollama/gemma4:e4b_zh,26
3.0,betweenness_centrality,0.010940023915947089,sequential_ollama/gemma4:e4b_zh,28
3.0,betweenness_centrality,0.013073664224741056,sequential_ollama/gemma4:e4b_zh,8
3.0,betweenness_centrality,0.010787914294025248,sequential_ollama/gemma4:e4b_zh,10
3.0,betweenness_centrality,0.0,sequential_ollama/gemma4:e4b_zh,32
3.0,betweenness_centrality,0.00043461829176114883,sequential_ollama/gemma4:e4b_zh,29
3.0,betweenness_centrality,0.021958824851192327,sequential_ollama/gemma4:e4b_zh,7
3.0,betweenness_centrality,0.00012147716229348882,sequential_ollama/gemma4:e4b_zh,35
3.0,betweenness_centrality,0.02051268080333238,sequential_ollama/gemma4:e4b_zh,36
3.0,betweenness_centrality,0.02801512389449428,sequential_ollama/gemma4:e4b_zh,18
3.0,betweenness_centrality,0.020698561082586175,sequential_ollama/gemma4:e4b_zh,30
3.0,betweenness_centrality,0.0025687488059937037,sequential_ollama/gemma4:e4b_zh,37
3.0,betweenness_centrality,0.11953093625101094,sequential_ollama/gemma4:e4b_zh,0
3.0,betweenness_centrality,0.003156900733431346,sequential_ollama/gemma4:e4b_zh,44
3.0,betweenness_centrality,0.002919501133786848,sequential_ollama/gemma4:e4b_zh,15
3.0,betweenness_centrality,0.00012147716229348882,sequential_ollama/gemma4:e4b_zh,25
3.0,betweenness_centrality,0.002305965121091171,sequential_ollama/gemma4:e4b_zh,46
3.0,betweenness_centrality,0.01121467817896389,sequential_ollama/gemma4:e4b_zh,5
3.0,betweenness_centrality,0.002130698770736364,sequential_ollama/gemma4:e4b_zh,27
3.0,closeness_centrality,0.4375,sequential_ollama/gemma4:e4b_zh,12
3.0,closeness_centrality,0.48514851485148514,sequential_ollama/gemma4:e4b_zh,19
3.0,closeness_centrality,0.532608695652174,sequential_ollama/gemma4:e4b_zh,2
3.0,closeness_centrality,0.47115384615384615,sequential_ollama/gemma4:e4b_zh,16
3.0,closeness_centrality,0.48514851485148514,sequential_ollama/gemma4:e4b_zh,41
3.0,closeness_centrality,0.4537037037037037,sequential_ollama/gemma4:e4b_zh,14
3.0,closeness_centrality,0.4803921568627451,sequential_ollama/gemma4:e4b_zh,43
3.0,closeness_centrality,0.4666666666666667,sequential_ollama/gemma4:e4b_zh,17
3.0,closeness_centrality,0.46226415094339623,sequential_ollama/gemma4:e4b_zh,21
3.0,closeness_centrality,0.47115384615384615,sequential_ollama/gemma4:e4b_zh,1
3.0,closeness_centrality,0.46226415094339623,sequential_ollama/gemma4:e4b_zh,33
3.0,closeness_centrality,0.35,sequential_ollama/gemma4:e4b_zh,45
3.0,closeness_centrality,0.5903614457831325,sequential_ollama/gemma4:e4b_zh,24
3.0,closeness_centrality,0.44954128440366975,sequential_ollama/gemma4:e4b_zh,48
3.0,closeness_centrality,0.4083333333333333,sequential_ollama/gemma4:e4b_zh,39
3.0,closeness_centrality,0.4537037037037037,sequential_ollama/gemma4:e4b_zh,3
3.0,closeness_centrality,0.4375,sequential_ollama/gemma4:e4b_zh,40
3.0,closeness_centrality,0.4336283185840708,sequential_ollama/gemma4:e4b_zh,23
3.0,closeness_centrality,0.4298245614035088,sequential_ollama/gemma4:e4b_zh,9
3.0,closeness_centrality,0.4298245614035088,sequential_ollama/gemma4:e4b_zh,47
3.0,closeness_centrality,0.392,sequential_ollama/gemma4:e4b_zh,6
3.0,closeness_centrality,0.4336283185840708,sequential_ollama/gemma4:e4b_zh,31
3.0,closeness_centrality,0.5568181818181818,sequential_ollama/gemma4:e4b_zh,22
3.0,closeness_centrality,0.44144144144144143,sequential_ollama/gemma4:e4b_zh,13
3.0,closeness_centrality,0.4016393442622951,sequential_ollama/gemma4:e4b_zh,4
3.0,closeness_centrality,0.4803921568627451,sequential_ollama/gemma4:e4b_zh,42
3.0,closeness_centrality,0.45794392523364486,sequential_ollama/gemma4:e4b_zh,49
3.0,closeness_centrality,0.4260869565217391,sequential_ollama/gemma4:e4b_zh,34
3.0,closeness_centrality,0.44545454545454544,sequential_ollama/gemma4:e4b_zh,38
3.0,closeness_centrality,0.362962962962963,sequential_ollama/gemma4:e4b_zh,20
3.0,closeness_centrality,0.5632183908045977,sequential_ollama/gemma4:e4b_zh,11
3.0,closeness_centrality,0.44954128440366975,sequential_ollama/gemma4:e4b_zh,26
3.0,closeness_centrality,0.4336283185840708,sequential_ollama/gemma4:e4b_zh,28
3.0,closeness_centrality,0.4298245614035088,sequential_ollama/gemma4:e4b_zh,8
3.0,closeness_centrality,0.4260869565217391,sequential_ollama/gemma4:e4b_zh,10
3.0,closeness_centrality,0.35,sequential_ollama/gemma4:e4b_zh,32
3.0,closeness_centrality,0.3402777777777778,sequential_ollama/gemma4:e4b_zh,29
3.0,closeness_centrality,0.44954128440366975,sequential_ollama/gemma4:e4b_zh,7
3.0,closeness_centrality,0.34507042253521125,sequential_ollama/gemma4:e4b_zh,35
3.0,closeness_centrality,0.4298245614035088,sequential_ollama/gemma4:e4b_zh,36
3.0,closeness_centrality,0.4083333333333333,sequential_ollama/gemma4:e4b_zh,18
3.0,closeness_centrality,0.4375,sequential_ollama/gemma4:e4b_zh,30
3.0,closeness_centrality,0.3983739837398374,sequential_ollama/gemma4:e4b_zh,37
3.0,closeness_centrality,0.5157894736842106,sequential_ollama/gemma4:e4b_zh,0
3.0,closeness_centrality,0.3983739837398374,sequential_ollama/gemma4:e4b_zh,44
3.0,closeness_centrality,0.34507042253521125,sequential_ollama/gemma4:e4b_zh,15
3.0,closeness_centrality,0.35,sequential_ollama/gemma4:e4b_zh,25
3.0,closeness_centrality,0.4049586776859504,sequential_ollama/gemma4:e4b_zh,46
3.0,closeness_centrality,0.4298245614035088,sequential_ollama/gemma4:e4b_zh,5
3.0,closeness_centrality,0.392,sequential_ollama/gemma4:e4b_zh,27
4.0,degree_centrality,0.1020408163265306,sequential_ollama/gemma4:e4b_zh,6
4.0,degree_centrality,0.4081632653061224,sequential_ollama/gemma4:e4b_zh,44
4.0,degree_centrality,0.32653061224489793,sequential_ollama/gemma4:e4b_zh,15
4.0,degree_centrality,0.4897959183673469,sequential_ollama/gemma4:e4b_zh,46
4.0,degree_centrality,0.4897959183673469,sequential_ollama/gemma4:e4b_zh,47
4.0,degree_centrality,0.4081632653061224,sequential_ollama/gemma4:e4b_zh,24
4.0,degree_centrality,0.3061224489795918,sequential_ollama/gemma4:e4b_zh,48
4.0,degree_centrality,0.42857142857142855,sequential_ollama/gemma4:e4b_zh,14
4.0,degree_centrality,0.4897959183673469,sequential_ollama/gemma4:e4b_zh,43
4.0,degree_centrality,0.44897959183673464,sequential_ollama/gemma4:e4b_zh,3
4.0,degree_centrality,0.3469387755102041,sequential_ollama/gemma4:e4b_zh,40
4.0,degree_centrality,0.3877551020408163,sequential_ollama/gemma4:e4b_zh,12
4.0,degree_centrality,0.3469387755102041,sequential_ollama/gemma4:e4b_zh,17
4.0,degree_centrality,0.3469387755102041,sequential_ollama/gemma4:e4b_zh,9
4.0,degree_centrality,0.3469387755102041,sequential_ollama/gemma4:e4b_zh,33
4.0,degree_centrality,0.24489795918367346,sequential_ollama/gemma4:e4b_zh,23
4.0,degree_centrality,0.4081632653061224,sequential_ollama/gemma4:e4b_zh,19
4.0,degree_centrality,0.4897959183673469,sequential_ollama/gemma4:e4b_zh,21
4.0,degree_centrality,0.3469387755102041,sequential_ollama/gemma4:e4b_zh,45
4.0,degree_centrality,0.2857142857142857,sequential_ollama/gemma4:e4b_zh,25
4.0,degree_centrality,0.3061224489795918,sequential_ollama/gemma4:e4b_zh,11
4.0,degree_centrality,0.3877551020408163,sequential_ollama/gemma4:e4b_zh,22
4.0,degree_centrality,0.36734693877551017,sequential_ollama/gemma4:e4b_zh,34
4.0,degree_centrality,0.4081632653061224,sequential_ollama/gemma4:e4b_zh,28
4.0,degree_centrality,0.42857142857142855,sequential_ollama/gemma4:e4b_zh,5
4.0,degree_centrality,0.32653061224489793,sequential_ollama/gemma4:e4b_zh,7
4.0,degree_centrality,0.42857142857142855,sequential_ollama/gemma4:e4b_zh,13
4.0,degree_centrality,0.3061224489795918,sequential_ollama/gemma4:e4b_zh,49
4.0,degree_centrality,0.2857142857142857,sequential_ollama/gemma4:e4b_zh,26
4.0,degree_centrality,0.36734693877551017,sequential_ollama/gemma4:e4b_zh,32
4.0,degree_centrality,0.16326530612244897,sequential_ollama/gemma4:e4b_zh,0
4.0,degree_centrality,0.32653061224489793,sequential_ollama/gemma4:e4b_zh,27
4.0,degree_centrality,0.22448979591836732,sequential_ollama/gemma4:e4b_zh,10
4.0,degree_centrality,0.22448979591836732,sequential_ollama/gemma4:e4b_zh,29
4.0,degree_centrality,0.26530612244897955,sequential_ollama/gemma4:e4b_zh,4
4.0,degree_centrality,0.24489795918367346,sequential_ollama/gemma4:e4b_zh,8
4.0,degree_centrality,0.36734693877551017,sequential_ollama/gemma4:e4b_zh,31
4.0,degree_centrality,0.44897959183673464,sequential_ollama/gemma4:e4b_zh,30
4.0,degree_centrality,0.3469387755102041,sequential_ollama/gemma4:e4b_zh,1
4.0,degree_centrality,0.3061224489795918,sequential_ollama/gemma4:e4b_zh,16
4.0,degree_centrality,0.44897959183673464,sequential_ollama/gemma4:e4b_zh,2
4.0,degree_centrality,0.3061224489795918,sequential_ollama/gemma4:e4b_zh,35
4.0,degree_centrality,0.24489795918367346,sequential_ollama/gemma4:e4b_zh,18
4.0,degree_centrality,0.2040816326530612,sequential_ollama/gemma4:e4b_zh,36
4.0,degree_centrality,0.26530612244897955,sequential_ollama/gemma4:e4b_zh,38
4.0,degree_centrality,0.32653061224489793,sequential_ollama/gemma4:e4b_zh,42
4.0,degree_centrality,0.2857142857142857,sequential_ollama/gemma4:e4b_zh,37
4.0,degree_centrality,0.3061224489795918,sequential_ollama/gemma4:e4b_zh,20
4.0,degree_centrality,0.26530612244897955,sequential_ollama/gemma4:e4b_zh,41
4.0,degree_centrality,0.22448979591836732,sequential_ollama/gemma4:e4b_zh,39
4.0,betweenness_centrality,0.09570187640209724,sequential_ollama/gemma4:e4b_zh,6
4.0,betweenness_centrality,0.4134336102656522,sequential_ollama/gemma4:e4b_zh,44
4.0,betweenness_centrality,0.02212592071125447,sequential_ollama/gemma4:e4b_zh,15
4.0,betweenness_centrality,0.06400371716012296,sequential_ollama/gemma4:e4b_zh,46
4.0,betweenness_centrality,0.08501700958855186,sequential_ollama/gemma4:e4b_zh,47
4.0,betweenness_centrality,0.4226777291461026,sequential_ollama/gemma4:e4b_zh,24
4.0,betweenness_centrality,0.004113319003708881,sequential_ollama/gemma4:e4b_zh,48
4.0,betweenness_centrality,0.010422393374382896,sequential_ollama/gemma4:e4b_zh,14
4.0,betweenness_centrality,0.014740409777858478,sequential_ollama/gemma4:e4b_zh,43
4.0,betweenness_centrality,0.010849388667449621,sequential_ollama/gemma4:e4b_zh,3
4.0,betweenness_centrality,0.0048269656819326665,sequential_ollama/gemma4:e4b_zh,40
4.0,betweenness_centrality,0.008815991225888909,sequential_ollama/gemma4:e4b_zh,12
4.0,betweenness_centrality,0.008024441741737384,sequential_ollama/gemma4:e4b_zh,17
4.0,betweenness_centrality,0.005214296010673283,sequential_ollama/gemma4:e4b_zh,9
4.0,betweenness_centrality,0.003468762282912942,sequential_ollama/gemma4:e4b_zh,33
4.0,betweenness_centrality,0.0004455118294404009,sequential_ollama/gemma4:e4b_zh,23
4.0,betweenness_centrality,0.007973796761245468,sequential_ollama/gemma4:e4b_zh,19
4.0,betweenness_centrality,0.014740409777858478,sequential_ollama/gemma4:e4b_zh,21
4.0,betweenness_centrality,0.006056211681586832,sequential_ollama/gemma4:e4b_zh,45
4.0,betweenness_centrality,0.0016777959380000196,sequential_ollama/gemma4:e4b_zh,25
4.0,betweenness_centrality,0.003296774087590414,sequential_ollama/gemma4:e4b_zh,11
4.0,betweenness_centrality,0.006023016099546712,sequential_ollama/gemma4:e4b_zh,22
4.0,betweenness_centrality,0.0032384589144793226,sequential_ollama/gemma4:e4b_zh,34
4.0,betweenness_centrality,0.011049414487764836,sequential_ollama/gemma4:e4b_zh,28
4.0,betweenness_centrality,0.0125580626800865,sequential_ollama/gemma4:e4b_zh,5
4.0,betweenness_centrality,0.005640355420144413,sequential_ollama/gemma4:e4b_zh,7
4.0,betweenness_centrality,0.011251876424920653,sequential_ollama/gemma4:e4b_zh,13
4.0,betweenness_centrality,0.007219377366911392,sequential_ollama/gemma4:e4b_zh,49
4.0,betweenness_centrality,0.0010106012657033064,sequential_ollama/gemma4:e4b_zh,26
4.0,betweenness_centrality,0.007825619371989999,sequential_ollama/gemma4:e4b_zh,32
4.0,betweenness_centrality,0.0024939297582613,sequential_ollama/gemma4:e4b_zh,0
4.0,betweenness_centrality,0.00651783141664095,sequential_ollama/gemma4:e4b_zh,27
4.0,betweenness_centrality,0.005541756692719157,sequential_ollama/gemma4:e4b_zh,10
4.0,betweenness_centrality,0.0026963916954171148,sequential_ollama/gemma4:e4b_zh,29
4.0,betweenness_centrality,0.0013247547048567453,sequential_ollama/gemma4:e4b_zh,4
4.0,betweenness_centrality,0.0028213625471278526,sequential_ollama/gemma4:e4b_zh,8
4.0,betweenness_centrality,0.007539982354383125,sequential_ollama/gemma4:e4b_zh,31
4.0,betweenness_centrality,0.011562651689386107,sequential_ollama/gemma4:e4b_zh,30
4.0,betweenness_centrality,0.0019380031816256305,sequential_ollama/gemma4:e4b_zh,1
4.0,betweenness_centrality,0.005173744075613546,sequential_ollama/gemma4:e4b_zh,16
4.0,betweenness_centrality,0.010819418165540343,sequential_ollama/gemma4:e4b_zh,2
4.0,betweenness_centrality,0.0009666920381206095,sequential_ollama/gemma4:e4b_zh,35
4.0,betweenness_centrality,0.0004157218442932729,sequential_ollama/gemma4:e4b_zh,18
4.0,betweenness_centrality,0.0004077568645761902,sequential_ollama/gemma4:e4b_zh,36
4.0,betweenness_centrality,0.004303225960738975,sequential_ollama/gemma4:e4b_zh,38
4.0,betweenness_centrality,0.005007345180088479,sequential_ollama/gemma4:e4b_zh,42
4.0,betweenness_centrality,0.0024640231272884338,sequential_ollama/gemma4:e4b_zh,37
4.0,betweenness_centrality,0.005073572394350716,sequential_ollama/gemma4:e4b_zh,20
4.0,betweenness_centrality,0.0022655978001203327,sequential_ollama/gemma4:e4b_zh,41
4.0,betweenness_centrality,0.0009646219598950693,sequential_ollama/gemma4:e4b_zh,39
4.0,closeness_centrality,0.5212765957446809,sequential_ollama/gemma4:e4b_zh,6
4.0,closeness_centrality,0.5833333333333334,sequential_ollama/gemma4:e4b_zh,44
4.0,closeness_centrality,0.46226415094339623,sequential_ollama/gemma4:e4b_zh,15
4.0,closeness_centrality,0.5,sequential_ollama/gemma4:e4b_zh,46
4.0,closeness_centrality,0.5157894736842106,sequential_ollama/gemma4:e4b_zh,47
4.0,closeness_centrality,0.5903614457831325,sequential_ollama/gemma4:e4b_zh,24
4.0,closeness_centrality,0.44144144144144143,sequential_ollama/gemma4:e4b_zh,48
4.0,closeness_centrality,0.4666666666666667,sequential_ollama/gemma4:e4b_zh,14
4.0,closeness_centrality,0.4803921568627451,sequential_ollama/gemma4:e4b_zh,43
4.0,closeness_centrality,0.47115384615384615,sequential_ollama/gemma4:e4b_zh,3
4.0,closeness_centrality,0.44954128440366975,sequential_ollama/gemma4:e4b_zh,40
4.0,closeness_centrality,0.45794392523364486,sequential_ollama/gemma4:e4b_zh,12
4.0,closeness_centrality,0.44954128440366975,sequential_ollama/gemma4:e4b_zh,17
4.0,closeness_centrality,0.44954128440366975,sequential_ollama/gemma4:e4b_zh,9
4.0,closeness_centrality,0.44954128440366975,sequential_ollama/gemma4:e4b_zh,33
4.0,closeness_centrality,0.37404580152671757,sequential_ollama/gemma4:e4b_zh,23
4.0,closeness_centrality,0.46226415094339623,sequential_ollama/gemma4:e4b_zh,19
4.0,closeness_centrality,0.4803921568627451,sequential_ollama/gemma4:e4b_zh,21
4.0,closeness_centrality,0.44954128440366975,sequential_ollama/gemma4:e4b_zh,45
4.0,closeness_centrality,0.35766423357664234,sequential_ollama/gemma4:e4b_zh,25
4.0,closeness_centrality,0.3712121212121212,sequential_ollama/gemma4:e4b_zh,11
4.0,closeness_centrality,0.3828125,sequential_ollama/gemma4:e4b_zh,22
4.0,closeness_centrality,0.3798449612403101,sequential_ollama/gemma4:e4b_zh,34
4.0,closeness_centrality,0.4537037037037037,sequential_ollama/gemma4:e4b_zh,28
4.0,closeness_centrality,0.45794392523364486,sequential_ollama/gemma4:e4b_zh,5
4.0,closeness_centrality,0.4375,sequential_ollama/gemma4:e4b_zh,7
4.0,closeness_centrality,0.45794392523364486,sequential_ollama/gemma4:e4b_zh,13
4.0,closeness_centrality,0.4336283185840708,sequential_ollama/gemma4:e4b_zh,49
4.0,closeness_centrality,0.3684210526315789,sequential_ollama/gemma4:e4b_zh,26
4.0,closeness_centrality,0.44545454545454544,sequential_ollama/gemma4:e4b_zh,32
4.0,closeness_centrality,0.4083333333333333,sequential_ollama/gemma4:e4b_zh,0
4.0,closeness_centrality,0.4375,sequential_ollama/gemma4:e4b_zh,27
4.0,closeness_centrality,0.4188034188034188,sequential_ollama/gemma4:e4b_zh,10
4.0,closeness_centrality,0.4188034188034188,sequential_ollama/gemma4:e4b_zh,29
4.0,closeness_centrality,0.3656716417910448,sequential_ollama/gemma4:e4b_zh,4
4.0,closeness_centrality,0.4224137931034483,sequential_ollama/gemma4:e4b_zh,8
4.0,closeness_centrality,0.44545454545454544,sequential_ollama/gemma4:e4b_zh,31
4.0,closeness_centrality,0.47115384615384615,sequential_ollama/gemma4:e4b_zh,30
4.0,closeness_centrality,0.3888888888888889,sequential_ollama/gemma4:e4b_zh,1
4.0,closeness_centrality,0.44144144144144143,sequential_ollama/gemma4:e4b_zh,16
4.0,closeness_centrality,0.47115384615384615,sequential_ollama/gemma4:e4b_zh,2
4.0,closeness_centrality,0.3828125,sequential_ollama/gemma4:e4b_zh,35
4.0,closeness_centrality,0.37404580152671757,sequential_ollama/gemma4:e4b_zh,18
4.0,closeness_centrality,0.3684210526315789,sequential_ollama/gemma4:e4b_zh,36
4.0,closeness_centrality,0.4260869565217391,sequential_ollama/gemma4:e4b_zh,38
4.0,closeness_centrality,0.4375,sequential_ollama/gemma4:e4b_zh,42
4.0,closeness_centrality,0.4298245614035088,sequential_ollama/gemma4:e4b_zh,37
4.0,closeness_centrality,0.4336283185840708,sequential_ollama/gemma4:e4b_zh,20
4.0,closeness_centrality,0.4336283185840708,sequential_ollama/gemma4:e4b_zh,41
4.0,closeness_centrality,0.4260869565217391,sequential_ollama/gemma4:e4b_zh,39
5.0,degree_centrality,0.2857142857142857,sequential_ollama/gemma4:e4b_zh,42
5.0,degree_centrality,0.24489795918367346,sequential_ollama/gemma4:e4b_zh,44
5.0,degree_centrality,0.3469387755102041,sequential_ollama/gemma4:e4b_zh,26
5.0,degree_centrality,0.4081632653061224,sequential_ollama/gemma4:e4b_zh,13
5.0,degree_centrality,0.26530612244897955,sequential_ollama/gemma4:e4b_zh,4
5.0,degree_centrality,0.36734693877551017,sequential_ollama/gemma4:e4b_zh,7
5.0,degree_centrality,0.24489795918367346,sequential_ollama/gemma4:e4b_zh,10
5.0,degree_centrality,0.4081632653061224,sequential_ollama/gemma4:e4b_zh,38
5.0,degree_centrality,0.36734693877551017,sequential_ollama/gemma4:e4b_zh,22
5.0,degree_centrality,0.3469387755102041,sequential_ollama/gemma4:e4b_zh,11
5.0,degree_centrality,0.32653061224489793,sequential_ollama/gemma4:e4b_zh,8
5.0,degree_centrality,0.3877551020408163,sequential_ollama/gemma4:e4b_zh,37
5.0,degree_centrality,0.24489795918367346,sequential_ollama/gemma4:e4b_zh,15
5.0,degree_centrality,0.16326530612244897,sequential_ollama/gemma4:e4b_zh,46
5.0,degree_centrality,0.32653061224489793,sequential_ollama/gemma4:e4b_zh,31
5.0,degree_centrality,0.24489795918367346,sequential_ollama/gemma4:e4b_zh,29
5.0,degree_centrality,0.3877551020408163,sequential_ollama/gemma4:e4b_zh,49
5.0,degree_centrality,0.1020408163265306,sequential_ollama/gemma4:e4b_zh,6
5.0,degree_centrality,0.36734693877551017,sequential_ollama/gemma4:e4b_zh,24
5.0,degree_centrality,0.4693877551020408,sequential_ollama/gemma4:e4b_zh,14
5.0,degree_centrality,0.32653061224489793,sequential_ollama/gemma4:e4b_zh,36
5.0,degree_centrality,0.3469387755102041,sequential_ollama/gemma4:e4b_zh,19
5.0,degree_centrality,0.36734693877551017,sequential_ollama/gemma4:e4b_zh,3
5.0,degree_centrality,0.36734693877551017,sequential_ollama/gemma4:e4b_zh,17
5.0,degree_centrality,0.3877551020408163,sequential_ollama/gemma4:e4b_zh,21
5.0,degree_centrality,0.26530612244897955,sequential_ollama/gemma4:e4b_zh,18
5.0,degree_centrality,0.2857142857142857,sequential_ollama/gemma4:e4b_zh,45
5.0,degree_centrality,0.26530612244897955,sequential_ollama/gemma4:e4b_zh,48
5.0,degree_centrality,0.4693877551020408,sequential_ollama/gemma4:e4b_zh,33
5.0,degree_centrality,0.2857142857142857,sequential_ollama/gemma4:e4b_zh,30
5.0,degree_centrality,0.4693877551020408,sequential_ollama/gemma4:e4b_zh,43
5.0,degree_centrality,0.42857142857142855,sequential_ollama/gemma4:e4b_zh,12
5.0,degree_centrality,0.26530612244897955,sequential_ollama/gemma4:e4b_zh,35
5.0,degree_centrality,0.32653061224489793,sequential_ollama/gemma4:e4b_zh,47
5.0,degree_centrality,0.4693877551020408,sequential_ollama/gemma4:e4b_zh,41
5.0,degree_centrality,0.3469387755102041,sequential_ollama/gemma4:e4b_zh,1
5.0,degree_centrality,0.26530612244897955,sequential_ollama/gemma4:e4b_zh,28
5.0,degree_centrality,0.2857142857142857,sequential_ollama/gemma4:e4b_zh,34
5.0,degree_centrality,0.2857142857142857,sequential_ollama/gemma4:e4b_zh,20
5.0,degree_centrality,0.2857142857142857,sequential_ollama/gemma4:e4b_zh,39
5.0,degree_centrality,0.26530612244897955,sequential_ollama/gemma4:e4b_zh,40
5.0,degree_centrality,0.2857142857142857,sequential_ollama/gemma4:e4b_zh,23
5.0,degree_centrality,0.18367346938775508,sequential_ollama/gemma4:e4b_zh,2
5.0,degree_centrality,0.3061224489795918,sequential_ollama/gemma4:e4b_zh,9
5.0,degree_centrality,0.32653061224489793,sequential_ollama/gemma4:e4b_zh,16
5.0,degree_centrality,0.22448979591836732,sequential_ollama/gemma4:e4b_zh,25
5.0,degree_centrality,0.24489795918367346,sequential_ollama/gemma4:e4b_zh,27
5.0,degree_centrality,0.2040816326530612,sequential_ollama/gemma4:e4b_zh,32
5.0,degree_centrality,0.18367346938775508,sequential_ollama/gemma4:e4b_zh,5
5.0,degree_centrality,0.3061224489795918,sequential_ollama/gemma4:e4b_zh,0
5.0,betweenness_centrality,0.027690728583585716,sequential_ollama/gemma4:e4b_zh,42
5.0,betweenness_centrality,0.019743085240534218,sequential_ollama/gemma4:e4b_zh,44
5.0,betweenness_centrality,0.003979745688929362,sequential_ollama/gemma4:e4b_zh,26
5.0,betweenness_centrality,0.006429933917178815,sequential_ollama/gemma4:e4b_zh,13
5.0,betweenness_centrality,0.0023599888395806757,sequential_ollama/gemma4:e4b_zh,4
5.0,betweenness_centrality,0.030909545386586183,sequential_ollama/gemma4:e4b_zh,7
5.0,betweenness_centrality,0.0026030257535359577,sequential_ollama/gemma4:e4b_zh,10
5.0,betweenness_centrality,0.050715415064904824,sequential_ollama/gemma4:e4b_zh,38
5.0,betweenness_centrality,0.025102651505712715,sequential_ollama/gemma4:e4b_zh,22
5.0,betweenness_centrality,0.0050568951079155156,sequential_ollama/gemma4:e4b_zh,11
5.0,betweenness_centrality,0.02291909951348727,sequential_ollama/gemma4:e4b_zh,8
5.0,betweenness_centrality,0.04001999512203591,sequential_ollama/gemma4:e4b_zh,37
5.0,betweenness_centrality,0.32218308901982345,sequential_ollama/gemma4:e4b_zh,15
5.0,betweenness_centrality,0.16612001943634605,sequential_ollama/gemma4:e4b_zh,46
5.0,betweenness_centrality,0.003993632501285562,sequential_ollama/gemma4:e4b_zh,31
5.0,betweenness_centrality,0.010579289852249034,sequential_ollama/gemma4:e4b_zh,29
5.0,betweenness_centrality,0.026062658524393205,sequential_ollama/gemma4:e4b_zh,49
5.0,betweenness_centrality,0.5102040816326531,sequential_ollama/gemma4:e4b_zh,6
5.0,betweenness_centrality,0.14846260598811614,sequential_ollama/gemma4:e4b_zh,24
5.0,betweenness_centrality,0.2171885126566999,sequential_ollama/gemma4:e4b_zh,14
5.0,betweenness_centrality,0.11490610355031124,sequential_ollama/gemma4:e4b_zh,36
5.0,betweenness_centrality,0.002065302061550561,sequential_ollama/gemma4:e4b_zh,19
5.0,betweenness_centrality,0.003335781393254382,sequential_ollama/gemma4:e4b_zh,3
5.0,betweenness_centrality,0.0035644839854023524,sequential_ollama/gemma4:e4b_zh,17
5.0,betweenness_centrality,0.005206385751103638,sequential_ollama/gemma4:e4b_zh,21
5.0,betweenness_centrality,0.0007133990514842853,sequential_ollama/gemma4:e4b_zh,18
5.0,betweenness_centrality,0.0012215911450605325,sequential_ollama/gemma4:e4b_zh,45
5.0,betweenness_centrality,0.0007593210999573544,sequential_ollama/gemma4:e4b_zh,48
5.0,betweenness_centrality,0.008832304428042725,sequential_ollama/gemma4:e4b_zh,33
5.0,betweenness_centrality,0.0016806668554867833,sequential_ollama/gemma4:e4b_zh,30
5.0,betweenness_centrality,0.007493693586880861,sequential_ollama/gemma4:e4b_zh,43
5.0,betweenness_centrality,0.005921567206081011,sequential_ollama/gemma4:e4b_zh,12
5.0,betweenness_centrality,0.0013129751012404072,sequential_ollama/gemma4:e4b_zh,35
5.0,betweenness_centrality,0.0017854751235603578,sequential_ollama/gemma4:e4b_zh,47
5.0,betweenness_centrality,0.0092695121394101,sequential_ollama/gemma4:e4b_zh,41
5.0,betweenness_centrality,0.00210942366179461,sequential_ollama/gemma4:e4b_zh,1
5.0,betweenness_centrality,0.0014351271366577487,sequential_ollama/gemma4:e4b_zh,28
5.0,betweenness_centrality,0.02246054446309547,sequential_ollama/gemma4:e4b_zh,34
5.0,betweenness_centrality,0.0023316654056449973,sequential_ollama/gemma4:e4b_zh,20
5.0,betweenness_centrality,0.0017517314673677216,sequential_ollama/gemma4:e4b_zh,39
5.0,betweenness_centrality,0.0013597442806626478,sequential_ollama/gemma4:e4b_zh,40
5.0,betweenness_centrality,0.0018508764644719026,sequential_ollama/gemma4:e4b_zh,23
5.0,betweenness_centrality,0.0004197191697191697,sequential_ollama/gemma4:e4b_zh,2
5.0,betweenness_centrality,0.002485370466312843,sequential_ollama/gemma4:e4b_zh,9
5.0,betweenness_centrality,0.004068039969900714,sequential_ollama/gemma4:e4b_zh,16
5.0,betweenness_centrality,0.0015551412872841443,sequential_ollama/gemma4:e4b_zh,25
5.0,betweenness_centrality,0.0009822565945014925,sequential_ollama/gemma4:e4b_zh,27
5.0,betweenness_centrality,0.001421681587497914,sequential_ollama/gemma4:e4b_zh,32
5.0,betweenness_centrality,0.00040591494673127324,sequential_ollama/gemma4:e4b_zh,5
5.0,betweenness_centrality,0.020820541420031213,sequential_ollama/gemma4:e4b_zh,0
5.0,closeness_centrality,0.37404580152671757,sequential_ollama/gemma4:e4b_zh,42
5.0,closeness_centrality,0.3684210526315789,sequential_ollama/gemma4:e4b_zh,44
5.0,closeness_centrality,0.3181818181818182,sequential_ollama/gemma4:e4b_zh,26
5.0,closeness_centrality,0.32450331125827814,sequential_ollama/gemma4:e4b_zh,13
5.0,closeness_centrality,0.310126582278481,sequential_ollama/gemma4:e4b_zh,4
5.0,closeness_centrality,0.3858267716535433,sequential_ollama/gemma4:e4b_zh,7
5.0,closeness_centrality,0.3081761006289308,sequential_ollama/gemma4:e4b_zh,10
5.0,closeness_centrality,0.392,sequential_ollama/gemma4:e4b_zh,38
5.0,closeness_centrality,0.3858267716535433,sequential_ollama/gemma4:e4b_zh,22
5.0,closeness_centrality,0.3181818181818182,sequential_ollama/gemma4:e4b_zh,11
5.0,closeness_centrality,0.3798449612403101,sequential_ollama/gemma4:e4b_zh,8
5.0,closeness_centrality,0.3888888888888889,sequential_ollama/gemma4:e4b_zh,37
5.0,closeness_centrality,0.4537037037037037,sequential_ollama/gemma4:e4b_zh,15
5.0,closeness_centrality,0.4375,sequential_ollama/gemma4:e4b_zh,46
5.0,closeness_centrality,0.3161290322580645,sequential_ollama/gemma4:e4b_zh,31
5.0,closeness_centrality,0.3684210526315789,sequential_ollama/gemma4:e4b_zh,29
5.0,closeness_centrality,0.3888888888888889,sequential_ollama/gemma4:e4b_zh,49
5.0,closeness_centrality,0.47115384615384615,sequential_ollama/gemma4:e4b_zh,6
5.0,closeness_centrality,0.4336283185840708,sequential_ollama/gemma4:e4b_zh,24
5.0,closeness_centrality,0.4537037037037037,sequential_ollama/gemma4:e4b_zh,14
5.0,closeness_centrality,0.4260869565217391,sequential_ollama/gemma4:e4b_zh,36
5.0,closeness_centrality,0.35507246376811596,sequential_ollama/gemma4:e4b_zh,19
5.0,closeness_centrality,0.35766423357664234,sequential_ollama/gemma4:e4b_zh,3
5.0,closeness_centrality,0.35766423357664234,sequential_ollama/gemma4:e4b_zh,17
5.0,closeness_centrality,0.3602941176470588,sequential_ollama/gemma4:e4b_zh,21
5.0,closeness_centrality,0.34507042253521125,sequential_ollama/gemma4:e4b_zh,18
5.0,closeness_centrality,0.3475177304964539,sequential_ollama/gemma4:e4b_zh,45
5.0,closeness_centrality,0.34507042253521125,sequential_ollama/gemma4:e4b_zh,48
5.0,closeness_centrality,0.3712121212121212,sequential_ollama/gemma4:e4b_zh,33
5.0,closeness_centrality,0.3475177304964539,sequential_ollama/gemma4:e4b_zh,30
5.0,closeness_centrality,0.3712121212121212,sequential_ollama/gemma4:e4b_zh,43
5.0,closeness_centrality,0.3656716417910448,sequential_ollama/gemma4:e4b_zh,12
5.0,closeness_centrality,0.34507042253521125,sequential_ollama/gemma4:e4b_zh,35
5.0,closeness_centrality,0.35251798561151076,sequential_ollama/gemma4:e4b_zh,47
5.0,closeness_centrality,0.3712121212121212,sequential_ollama/gemma4:e4b_zh,41
5.0,closeness_centrality,0.35507246376811596,sequential_ollama/gemma4:e4b_zh,1
5.0,closeness_centrality,0.310126582278481,sequential_ollama/gemma4:e4b_zh,28
5.0,closeness_centrality,0.37404580152671757,sequential_ollama/gemma4:e4b_zh,34
5.0,closeness_centrality,0.31210191082802546,sequential_ollama/gemma4:e4b_zh,20
5.0,closeness_centrality,0.3475177304964539,sequential_ollama/gemma4:e4b_zh,39
5.0,closeness_centrality,0.34507042253521125,sequential_ollama/gemma4:e4b_zh,40
5.0,closeness_centrality,0.3475177304964539,sequential_ollama/gemma4:e4b_zh,23
5.0,closeness_centrality,0.3356164383561644,sequential_ollama/gemma4:e4b_zh,2
5.0,closeness_centrality,0.35,sequential_ollama/gemma4:e4b_zh,9
5.0,closeness_centrality,0.35251798561151076,sequential_ollama/gemma4:e4b_zh,16
5.0,closeness_centrality,0.3402777777777778,sequential_ollama/gemma4:e4b_zh,25
5.0,closeness_centrality,0.3081761006289308,sequential_ollama/gemma4:e4b_zh,27
5.0,closeness_centrality,0.30434782608695654,sequential_ollama/gemma4:e4b_zh,32
5.0,closeness_centrality,0.30246913580246915,sequential_ollama/gemma4:e4b_zh,5
5.0,closeness_centrality,0.3769230769230769,sequential_ollama/gemma4:e4b_zh,0
6.0,degree_centrality,0.18367346938775508,sequential_ollama/gemma4:e4b_zh,49
6.0,degree_centrality,0.2857142857142857,sequential_ollama/gemma4:e4b_zh,26
6.0,degree_centrality,0.32653061224489793,sequential_ollama/gemma4:e4b_zh,13
6.0,degree_centrality,0.5714285714285714,sequential_ollama/gemma4:e4b_zh,10
6.0,degree_centrality,0.18367346938775508,sequential_ollama/gemma4:e4b_zh,27
6.0,degree_centrality,0.3877551020408163,sequential_ollama/gemma4:e4b_zh,32
6.0,degree_centrality,0.26530612244897955,sequential_ollama/gemma4:e4b_zh,22
6.0,degree_centrality,0.22448979591836732,sequential_ollama/gemma4:e4b_zh,20
6.0,degree_centrality,0.4897959183673469,sequential_ollama/gemma4:e4b_zh,11
6.0,degree_centrality,0.24489795918367346,sequential_ollama/gemma4:e4b_zh,5
6.0,degree_centrality,0.3877551020408163,sequential_ollama/gemma4:e4b_zh,40
6.0,degree_centrality,0.32653061224489793,sequential_ollama/gemma4:e4b_zh,14
6.0,degree_centrality,0.32653061224489793,sequential_ollama/gemma4:e4b_zh,6
6.0,degree_centrality,0.14285714285714285,sequential_ollama/gemma4:e4b_zh,23
6.0,degree_centrality,0.24489795918367346,sequential_ollama/gemma4:e4b_zh,39
6.0,degree_centrality,0.42857142857142855,sequential_ollama/gemma4:e4b_zh,47
6.0,degree_centrality,0.36734693877551017,sequential_ollama/gemma4:e4b_zh,36
6.0,degree_centrality,0.36734693877551017,sequential_ollama/gemma4:e4b_zh,17
6.0,degree_centrality,0.3877551020408163,sequential_ollama/gemma4:e4b_zh,43
6.0,degree_centrality,0.3061224489795918,sequential_ollama/gemma4:e4b_zh,9
6.0,degree_centrality,0.36734693877551017,sequential_ollama/gemma4:e4b_zh,1
6.0,degree_centrality,0.42857142857142855,sequential_ollama/gemma4:e4b_zh,12
6.0,degree_centrality,0.26530612244897955,sequential_ollama/gemma4:e4b_zh,21
6.0,degree_centrality,0.42857142857142855,sequential_ollama/gemma4:e4b_zh,33
6.0,degree_centrality,0.18367346938775508,sequential_ollama/gemma4:e4b_zh,2
6.0,degree_centrality,0.4693877551020408,sequential_ollama/gemma4:e4b_zh,16
6.0,degree_centrality,0.26530612244897955,sequential_ollama/gemma4:e4b_zh,41
6.0,degree_centrality,0.22448979591836732,sequential_ollama/gemma4:e4b_zh,24
6.0,degree_centrality,0.26530612244897955,sequential_ollama/gemma4:e4b_zh,38
6.0,degree_centrality,0.3877551020408163,sequential_ollama/gemma4:e4b_zh,42
6.0,degree_centrality,0.3061224489795918,sequential_ollama/gemma4:e4b_zh,15
6.0,degree_centrality,0.24489795918367346,sequential_ollama/gemma4:e4b_zh,29
6.0,degree_centrality,0.14285714285714285,sequential_ollama/gemma4:e4b_zh,4
6.0,degree_centrality,0.22448979591836732,sequential_ollama/gemma4:e4b_zh,8
6.0,degree_centrality,0.12244897959183673,sequential_ollama/gemma4:e4b_zh,31
6.0,degree_centrality,0.14285714285714285,sequential_ollama/gemma4:e4b_zh,0
6.0,degree_centrality,0.2040816326530612,sequential_ollama/gemma4:e4b_zh,34
6.0,degree_centrality,0.32653061224489793,sequential_ollama/gemma4:e4b_zh,7
6.0,degree_centrality,0.1020408163265306,sequential_ollama/gemma4:e4b_zh,46
6.0,degree_centrality,0.24489795918367346,sequential_ollama/gemma4:e4b_zh,37
6.0,degree_centrality,0.24489795918367346,sequential_ollama/gemma4:e4b_zh,44
6.0,degree_centrality,0.24489795918367346,sequential_ollama/gemma4:e4b_zh,19
6.0,degree_centrality,0.26530612244897955,sequential_ollama/gemma4:e4b_zh,48
6.0,degree_centrality,0.18367346938775508,sequential_ollama/gemma4:e4b_zh,3
6.0,degree_centrality,0.14285714285714285,sequential_ollama/gemma4:e4b_zh,35
6.0,degree_centrality,0.2857142857142857,sequential_ollama/gemma4:e4b_zh,45
6.0,degree_centrality,0.18367346938775508,sequential_ollama/gemma4:e4b_zh,30
6.0,degree_centrality,0.2040816326530612,sequential_ollama/gemma4:e4b_zh,28
6.0,degree_centrality,0.08163265306122448,sequential_ollama/gemma4:e4b_zh,18
6.0,degree_centrality,0.12244897959183673,sequential_ollama/gemma4:e4b_zh,25
6.0,betweenness_centrality,0.0008631627254076233,sequential_ollama/gemma4:e4b_zh,49
6.0,betweenness_centrality,0.005389199422117607,sequential_ollama/gemma4:e4b_zh,26
6.0,betweenness_centrality,0.006670398355391318,sequential_ollama/gemma4:e4b_zh,13
6.0,betweenness_centrality,0.23297368916298264,sequential_ollama/gemma4:e4b_zh,10
6.0,betweenness_centrality,0.0005483301819508717,sequential_ollama/gemma4:e4b_zh,27
6.0,betweenness_centrality,0.02833913579054103,sequential_ollama/gemma4:e4b_zh,32
6.0,betweenness_centrality,0.0029943380048939516,sequential_ollama/gemma4:e4b_zh,22
6.0,betweenness_centrality,0.0028167671302975596,sequential_ollama/gemma4:e4b_zh,20
6.0,betweenness_centrality,0.2316192669904264,sequential_ollama/gemma4:e4b_zh,11
6.0,betweenness_centrality,0.0033200690088445186,sequential_ollama/gemma4:e4b_zh,5
6.0,betweenness_centrality,0.07508335992523699,sequential_ollama/gemma4:e4b_zh,40
6.0,betweenness_centrality,0.0040931248851258945,sequential_ollama/gemma4:e4b_zh,14
6.0,betweenness_centrality,0.037168399736733373,sequential_ollama/gemma4:e4b_zh,6
6.0,betweenness_centrality,0.00010629251700680272,sequential_ollama/gemma4:e4b_zh,23
6.0,betweenness_centrality,0.0014004325228815025,sequential_ollama/gemma4:e4b_zh,39
6.0,betweenness_centrality,0.05303565032057818,sequential_ollama/gemma4:e4b_zh,47
6.0,betweenness_centrality,0.06305953820194164,sequential_ollama/gemma4:e4b_zh,36
6.0,betweenness_centrality,0.006935410067149392,sequential_ollama/gemma4:e4b_zh,17
6.0,betweenness_centrality,0.008479533793896168,sequential_ollama/gemma4:e4b_zh,43
6.0,betweenness_centrality,0.05302016758126899,sequential_ollama/gemma4:e4b_zh,9
6.0,betweenness_centrality,0.0072091845822010656,sequential_ollama/gemma4:e4b_zh,1
6.0,betweenness_centrality,0.06501215815873132,sequential_ollama/gemma4:e4b_zh,12
6.0,betweenness_centrality,0.001325935732823488,sequential_ollama/gemma4:e4b_zh,21
6.0,betweenness_centrality,0.01157346696368226,sequential_ollama/gemma4:e4b_zh,33
6.0,betweenness_centrality,0.0011969181612038755,sequential_ollama/gemma4:e4b_zh,2
6.0,betweenness_centrality,0.03205237765654823,sequential_ollama/gemma4:e4b_zh,16
6.0,betweenness_centrality,0.003306130283171099,sequential_ollama/gemma4:e4b_zh,41
6.0,betweenness_centrality,0.001225050459744337,sequential_ollama/gemma4:e4b_zh,24
6.0,betweenness_centrality,0.008652532721421738,sequential_ollama/gemma4:e4b_zh,38
6.0,betweenness_centrality,0.022559875662570224,sequential_ollama/gemma4:e4b_zh,42
6.0,betweenness_centrality,0.011717895624508852,sequential_ollama/gemma4:e4b_zh,15
6.0,betweenness_centrality,0.006975101090224938,sequential_ollama/gemma4:e4b_zh,29
6.0,betweenness_centrality,0.000446796684041582,sequential_ollama/gemma4:e4b_zh,4
6.0,betweenness_centrality,0.0033451079597464654,sequential_ollama/gemma4:e4b_zh,8
6.0,betweenness_centrality,8.503401360544218e-05,sequential_ollama/gemma4:e4b_zh,31
6.0,betweenness_centrality,0.0003671923314780458,sequential_ollama/gemma4:e4b_zh,0
6.0,betweenness_centrality,0.0005541628628363322,sequential_ollama/gemma4:e4b_zh,34
6.0,betweenness_centrality,0.013949972898370083,sequential_ollama/gemma4:e4b_zh,7
6.0,betweenness_centrality,0.0,sequential_ollama/gemma4:e4b_zh,46
6.0,betweenness_centrality,0.024168917452607803,sequential_ollama/gemma4:e4b_zh,37
6.0,betweenness_centrality,0.009023934895181069,sequential_ollama/gemma4:e4b_zh,44
6.0,betweenness_centrality,0.0015140349830112829,sequential_ollama/gemma4:e4b_zh,19
6.0,betweenness_centrality,0.002511856331803665,sequential_ollama/gemma4:e4b_zh,48
6.0,betweenness_centrality,0.0001913265306122449,sequential_ollama/gemma4:e4b_zh,3
6.0,betweenness_centrality,0.0,sequential_ollama/gemma4:e4b_zh,35
6.0,betweenness_centrality,0.02562762103705714,sequential_ollama/gemma4:e4b_zh,45
6.0,betweenness_centrality,0.021759793178106633,sequential_ollama/gemma4:e4b_zh,30
6.0,betweenness_centrality,0.0021008552958026293,sequential_ollama/gemma4:e4b_zh,28
6.0,betweenness_centrality,0.0,sequential_ollama/gemma4:e4b_zh,18
6.0,betweenness_centrality,0.0031202960426030698,sequential_ollama/gemma4:e4b_zh,25
6.0,closeness_centrality,0.46226415094339623,sequential_ollama/gemma4:e4b_zh,49
6.0,closeness_centrality,0.49,sequential_ollama/gemma4:e4b_zh,26
6.0,closeness_centrality,0.5,sequential_ollama/gemma4:e4b_zh,13
6.0,closeness_centrality,0.6805555555555556,sequential_ollama/gemma4:e4b_zh,10
6.0,closeness_centrality,0.4666666666666667,sequential_ollama/gemma4:e4b_zh,27
6.0,closeness_centrality,0.532608695652174,sequential_ollama/gemma4:e4b_zh,32
6.0,closeness_centrality,0.48514851485148514,sequential_ollama/gemma4:e4b_zh,22
6.0,closeness_centrality,0.47572815533980584,sequential_ollama/gemma4:e4b_zh,20
6.0,closeness_centrality,0.6621621621621622,sequential_ollama/gemma4:e4b_zh,11
6.0,closeness_centrality,0.4803921568627451,sequential_ollama/gemma4:e4b_zh,5
6.0,closeness_centrality,0.6049382716049383,sequential_ollama/gemma4:e4b_zh,40
6.0,closeness_centrality,0.4666666666666667,sequential_ollama/gemma4:e4b_zh,14
6.0,closeness_centrality,0.5833333333333334,sequential_ollama/gemma4:e4b_zh,6
6.0,closeness_centrality,0.4224137931034483,sequential_ollama/gemma4:e4b_zh,23
6.0,closeness_centrality,0.44144144144144143,sequential_ollama/gemma4:e4b_zh,39
6.0,closeness_centrality,0.6049382716049383,sequential_ollama/gemma4:e4b_zh,47
6.0,closeness_centrality,0.5975609756097561,sequential_ollama/gemma4:e4b_zh,36
6.0,closeness_centrality,0.4803921568627451,sequential_ollama/gemma4:e4b_zh,17
6.0,closeness_centrality,0.48514851485148514,sequential_ollama/gemma4:e4b_zh,43
6.0,closeness_centrality,0.5833333333333334,sequential_ollama/gemma4:e4b_zh,9
6.0,closeness_centrality,0.4803921568627451,sequential_ollama/gemma4:e4b_zh,1
6.0,closeness_centrality,0.6049382716049383,sequential_ollama/gemma4:e4b_zh,12
6.0,closeness_centrality,0.44954128440366975,sequential_ollama/gemma4:e4b_zh,21
6.0,closeness_centrality,0.494949494949495,sequential_ollama/gemma4:e4b_zh,33
6.0,closeness_centrality,0.44545454545454544,sequential_ollama/gemma4:e4b_zh,2
6.0,closeness_centrality,0.5104166666666666,sequential_ollama/gemma4:e4b_zh,16
6.0,closeness_centrality,0.46226415094339623,sequential_ollama/gemma4:e4b_zh,41
6.0,closeness_centrality,0.44545454545454544,sequential_ollama/gemma4:e4b_zh,24
6.0,closeness_centrality,0.48514851485148514,sequential_ollama/gemma4:e4b_zh,38
6.0,closeness_centrality,0.5157894736842106,sequential_ollama/gemma4:e4b_zh,42
6.0,closeness_centrality,0.494949494949495,sequential_ollama/gemma4:e4b_zh,15
6.0,closeness_centrality,0.4803921568627451,sequential_ollama/gemma4:e4b_zh,29
6.0,closeness_centrality,0.4336283185840708,sequential_ollama/gemma4:e4b_zh,4
6.0,closeness_centrality,0.4537037037037037,sequential_ollama/gemma4:e4b_zh,8
6.0,closeness_centrality,0.4537037037037037,sequential_ollama/gemma4:e4b_zh,31
6.0,closeness_centrality,0.4016393442622951,sequential_ollama/gemma4:e4b_zh,0
6.0,closeness_centrality,0.47115384615384615,sequential_ollama/gemma4:e4b_zh,34
6.0,closeness_centrality,0.5,sequential_ollama/gemma4:e4b_zh,7
6.0,closeness_centrality,0.35507246376811596,sequential_ollama/gemma4:e4b_zh,46
6.0,closeness_centrality,0.5268817204301075,sequential_ollama/gemma4:e4b_zh,37
6.0,closeness_centrality,0.4803921568627451,sequential_ollama/gemma4:e4b_zh,44
6.0,closeness_centrality,0.44545454545454544,sequential_ollama/gemma4:e4b_zh,19
6.0,closeness_centrality,0.44545454545454544,sequential_ollama/gemma4:e4b_zh,48
6.0,closeness_centrality,0.4117647058823529,sequential_ollama/gemma4:e4b_zh,3
6.0,closeness_centrality,0.4117647058823529,sequential_ollama/gemma4:e4b_zh,35
6.0,closeness_centrality,0.5568181818181818,sequential_ollama/gemma4:e4b_zh,45
6.0,closeness_centrality,0.5384615384615384,sequential_ollama/gemma4:e4b_zh,30
6.0,closeness_centrality,0.4666666666666667,sequential_ollama/gemma4:e4b_zh,28
6.0,closeness_centrality,0.47572815533980584,sequential_ollama/gemma4:e4b_zh,18
6.0,closeness_centrality,0.5157894736842106,sequential_ollama/gemma4:e4b_zh,25
7.0,degree_centrality,0.18367346938775508,sequential_ollama/gemma4:e4b_zh,13
7.0,degree_centrality,0.36734693877551017,sequential_ollama/gemma4:e4b_zh,49
7.0,degree_centrality,0.32653061224489793,sequential_ollama/gemma4:e4b_zh,8
7.0,degree_centrality,0.18367346938775508,sequential_ollama/gemma4:e4b_zh,42
7.0,degree_centrality,0.26530612244897955,sequential_ollama/gemma4:e4b_zh,4
7.0,degree_centrality,0.26530612244897955,sequential_ollama/gemma4:e4b_zh,29
7.0,degree_centrality,0.36734693877551017,sequential_ollama/gemma4:e4b_zh,31
7.0,degree_centrality,0.3061224489795918,sequential_ollama/gemma4:e4b_zh,26
7.0,degree_centrality,0.3877551020408163,sequential_ollama/gemma4:e4b_zh,38
7.0,degree_centrality,0.3469387755102041,sequential_ollama/gemma4:e4b_zh,7
7.0,degree_centrality,0.22448979591836732,sequential_ollama/gemma4:e4b_zh,15
7.0,degree_centrality,0.24489795918367346,sequential_ollama/gemma4:e4b_zh,44
7.0,degree_centrality,0.3469387755102041,sequential_ollama/gemma4:e4b_zh,28
7.0,degree_centrality,0.18367346938775508,sequential_ollama/gemma4:e4b_zh,46
7.0,degree_centrality,0.3469387755102041,sequential_ollama/gemma4:e4b_zh,11
7.0,degree_centrality,0.26530612244897955,sequential_ollama/gemma4:e4b_zh,37
7.0,degree_centrality,0.3469387755102041,sequential_ollama/gemma4:e4b_zh,5
7.0,degree_centrality,0.2040816326530612,sequential_ollama/gemma4:e4b_zh,22
7.0,degree_centrality,0.18367346938775508,sequential_ollama/gemma4:e4b_zh,34
7.0,degree_centrality,0.24489795918367346,sequential_ollama/gemma4:e4b_zh,0
7.0,degree_centrality,0.42857142857142855,sequential_ollama/gemma4:e4b_zh,30
7.0,degree_centrality,0.26530612244897955,sequential_ollama/gemma4:e4b_zh,36
7.0,degree_centrality,0.26530612244897955,sequential_ollama/gemma4:e4b_zh,23
7.0,degree_centrality,0.2857142857142857,sequential_ollama/gemma4:e4b_zh,16
7.0,degree_centrality,0.32653061224489793,sequential_ollama/gemma4:e4b_zh,1
7.0,degree_centrality,0.3877551020408163,sequential_ollama/gemma4:e4b_zh,43
7.0,degree_centrality,0.3877551020408163,sequential_ollama/gemma4:e4b_zh,17
7.0,degree_centrality,0.42857142857142855,sequential_ollama/gemma4:e4b_zh,9
7.0,degree_centrality,0.26530612244897955,sequential_ollama/gemma4:e4b_zh,21
7.0,degree_centrality,0.3469387755102041,sequential_ollama/gemma4:e4b_zh,35
7.0,degree_centrality,0.2857142857142857,sequential_ollama/gemma4:e4b_zh,39
7.0,degree_centrality,0.2857142857142857,sequential_ollama/gemma4:e4b_zh,25
7.0,degree_centrality,0.3469387755102041,sequential_ollama/gemma4:e4b_zh,45
7.0,degree_centrality,0.4081632653061224,sequential_ollama/gemma4:e4b_zh,48
7.0,degree_centrality,0.14285714285714285,sequential_ollama/gemma4:e4b_zh,10
7.0,degree_centrality,0.36734693877551017,sequential_ollama/gemma4:e4b_zh,41
7.0,degree_centrality,0.4081632653061224,sequential_ollama/gemma4:e4b_zh,19
7.0,degree_centrality,0.4081632653061224,sequential_ollama/gemma4:e4b_zh,12
7.0,degree_centrality,0.4081632653061224,sequential_ollama/gemma4:e4b_zh,2
7.0,degree_centrality,0.4693877551020408,sequential_ollama/gemma4:e4b_zh,14
7.0,degree_centrality,0.44897959183673464,sequential_ollama/gemma4:e4b_zh,33
7.0,degree_centrality,0.08163265306122448,sequential_ollama/gemma4:e4b_zh,27
7.0,degree_centrality,0.16326530612244897,sequential_ollama/gemma4:e4b_zh,20
7.0,degree_centrality,0.42857142857142855,sequential_ollama/gemma4:e4b_zh,47
7.0,degree_centrality,0.32653061224489793,sequential_ollama/gemma4:e4b_zh,3
7.0,degree_centrality,0.18367346938775508,sequential_ollama/gemma4:e4b_zh,6
7.0,degree_centrality,0.1020408163265306,sequential_ollama/gemma4:e4b_zh,32
7.0,degree_centrality,0.08163265306122448,sequential_ollama/gemma4:e4b_zh,18
7.0,degree_centrality,0.3469387755102041,sequential_ollama/gemma4:e4b_zh,40
7.0,degree_centrality,0.22448979591836732,sequential_ollama/gemma4:e4b_zh,24
7.0,betweenness_centrality,0.00065234427104175,sequential_ollama/gemma4:e4b_zh,13
7.0,betweenness_centrality,0.023724823569619736,sequential_ollama/gemma4:e4b_zh,49
7.0,betweenness_centrality,0.010607568327761666,sequential_ollama/gemma4:e4b_zh,8
7.0,betweenness_centrality,0.0010544892560198683,sequential_ollama/gemma4:e4b_zh,42
7.0,betweenness_centrality,0.0193170437256669,sequential_ollama/gemma4:e4b_zh,4
7.0,betweenness_centrality,0.00915429222211514,sequential_ollama/gemma4:e4b_zh,29
7.0,betweenness_centrality,0.01623747940969964,sequential_ollama/gemma4:e4b_zh,31
7.0,betweenness_centrality,0.01681774578445386,sequential_ollama/gemma4:e4b_zh,26
7.0,betweenness_centrality,0.015224386621291172,sequential_ollama/gemma4:e4b_zh,38
7.0,betweenness_centrality,0.013445810416694563,sequential_ollama/gemma4:e4b_zh,7
7.0,betweenness_centrality,0.0025158388518993044,sequential_ollama/gemma4:e4b_zh,15
7.0,betweenness_centrality,0.006585691150141936,sequential_ollama/gemma4:e4b_zh,44
7.0,betweenness_centrality,0.017433408476713666,sequential_ollama/gemma4:e4b_zh,28
7.0,betweenness_centrality,0.0005705647009994837,sequential_ollama/gemma4:e4b_zh,46
7.0,betweenness_centrality,0.3556245994702807,sequential_ollama/gemma4:e4b_zh,11
7.0,betweenness_centrality,0.00594904113714241,sequential_ollama/gemma4:e4b_zh,37
7.0,betweenness_centrality,0.009875870897298928,sequential_ollama/gemma4:e4b_zh,5
7.0,betweenness_centrality,0.00037585241666874316,sequential_ollama/gemma4:e4b_zh,22
7.0,betweenness_centrality,6.541077969649399e-05,sequential_ollama/gemma4:e4b_zh,34
7.0,betweenness_centrality,0.005790578355373722,sequential_ollama/gemma4:e4b_zh,0
7.0,betweenness_centrality,0.2435932327926308,sequential_ollama/gemma4:e4b_zh,30
7.0,betweenness_centrality,0.010314132707471836,sequential_ollama/gemma4:e4b_zh,36
7.0,betweenness_centrality,0.0010731721509782731,sequential_ollama/gemma4:e4b_zh,23
7.0,betweenness_centrality,0.0016689477077708459,sequential_ollama/gemma4:e4b_zh,16
7.0,betweenness_centrality,0.005272816274489595,sequential_ollama/gemma4:e4b_zh,1
7.0,betweenness_centrality,0.007524091151264432,sequential_ollama/gemma4:e4b_zh,43
7.0,betweenness_centrality,0.017083835864347623,sequential_ollama/gemma4:e4b_zh,17
7.0,betweenness_centrality,0.010140489176641265,sequential_ollama/gemma4:e4b_zh,9
7.0,betweenness_centrality,0.011962327327750225,sequential_ollama/gemma4:e4b_zh,21
7.0,betweenness_centrality,0.003150739017368277,sequential_ollama/gemma4:e4b_zh,35
7.0,betweenness_centrality,0.002315563058800571,sequential_ollama/gemma4:e4b_zh,39
7.0,betweenness_centrality,0.0017781107892152308,sequential_ollama/gemma4:e4b_zh,25
7.0,betweenness_centrality,0.013332687175328848,sequential_ollama/gemma4:e4b_zh,45
7.0,betweenness_centrality,0.008263104705404032,sequential_ollama/gemma4:e4b_zh,48
7.0,betweenness_centrality,0.0778038655818949,sequential_ollama/gemma4:e4b_zh,10
7.0,betweenness_centrality,0.003901953386937598,sequential_ollama/gemma4:e4b_zh,41
7.0,betweenness_centrality,0.0043087268406472165,sequential_ollama/gemma4:e4b_zh,19
7.0,betweenness_centrality,0.004361403519599407,sequential_ollama/gemma4:e4b_zh,12
7.0,betweenness_centrality,0.051581338208519144,sequential_ollama/gemma4:e4b_zh,2
7.0,betweenness_centrality,0.20303280293352577,sequential_ollama/gemma4:e4b_zh,14
7.0,betweenness_centrality,0.009824381202905021,sequential_ollama/gemma4:e4b_zh,33
7.0,betweenness_centrality,0.03601074161178928,sequential_ollama/gemma4:e4b_zh,27
7.0,betweenness_centrality,0.006761416355484245,sequential_ollama/gemma4:e4b_zh,20
7.0,betweenness_centrality,0.008389162529557279,sequential_ollama/gemma4:e4b_zh,47
7.0,betweenness_centrality,0.001816007649591083,sequential_ollama/gemma4:e4b_zh,3
7.0,betweenness_centrality,0.00044449598021026587,sequential_ollama/gemma4:e4b_zh,6
7.0,betweenness_centrality,0.0007026656261350138,sequential_ollama/gemma4:e4b_zh,32
7.0,betweenness_centrality,7.730364873222017e-05,sequential_ollama/gemma4:e4b_zh,18
7.0,betweenness_centrality,0.005386718899830127,sequential_ollama/gemma4:e4b_zh,40
7.0,betweenness_centrality,0.0002641915907222029,sequential_ollama/gemma4:e4b_zh,24
7.0,closeness_centrality,0.35,sequential_ollama/gemma4:e4b_zh,13
7.0,closeness_centrality,0.4666666666666667,sequential_ollama/gemma4:e4b_zh,49
7.0,closeness_centrality,0.3684210526315789,sequential_ollama/gemma4:e4b_zh,8
7.0,closeness_centrality,0.34507042253521125,sequential_ollama/gemma4:e4b_zh,42
7.0,closeness_centrality,0.44144144144144143,sequential_ollama/gemma4:e4b_zh,4
7.0,closeness_centrality,0.44144144144144143,sequential_ollama/gemma4:e4b_zh,29
7.0,closeness_centrality,0.46226415094339623,sequential_ollama/gemma4:e4b_zh,31
7.0,closeness_centrality,0.4537037037037037,sequential_ollama/gemma4:e4b_zh,26
7.0,closeness_centrality,0.4666666666666667,sequential_ollama/gemma4:e4b_zh,38
7.0,closeness_centrality,0.45794392523364486,sequential_ollama/gemma4:e4b_zh,7
7.0,closeness_centrality,0.4336283185840708,sequential_ollama/gemma4:e4b_zh,15
7.0,closeness_centrality,0.4152542372881356,sequential_ollama/gemma4:e4b_zh,44
7.0,closeness_centrality,0.45794392523364486,sequential_ollama/gemma4:e4b_zh,28
7.0,closeness_centrality,0.4224137931034483,sequential_ollama/gemma4:e4b_zh,46
7.0,closeness_centrality,0.5903614457831325,sequential_ollama/gemma4:e4b_zh,11
7.0,closeness_centrality,0.44144144144144143,sequential_ollama/gemma4:e4b_zh,37
7.0,closeness_centrality,0.45794392523364486,sequential_ollama/gemma4:e4b_zh,5
7.0,closeness_centrality,0.4298245614035088,sequential_ollama/gemma4:e4b_zh,22
7.0,closeness_centrality,0.4260869565217391,sequential_ollama/gemma4:e4b_zh,34
7.0,closeness_centrality,0.4375,sequential_ollama/gemma4:e4b_zh,0
7.0,closeness_centrality,0.6125,sequential_ollama/gemma4:e4b_zh,30
7.0,closeness_centrality,0.44954128440366975,sequential_ollama/gemma4:e4b_zh,36
7.0,closeness_centrality,0.44954128440366975,sequential_ollama/gemma4:e4b_zh,23
7.0,closeness_centrality,0.44954128440366975,sequential_ollama/gemma4:e4b_zh,16
7.0,closeness_centrality,0.45794392523364486,sequential_ollama/gemma4:e4b_zh,1
7.0,closeness_centrality,0.47572815533980584,sequential_ollama/gemma4:e4b_zh,43
7.0,closeness_centrality,0.47115384615384615,sequential_ollama/gemma4:e4b_zh,17
7.0,closeness_centrality,0.48514851485148514,sequential_ollama/gemma4:e4b_zh,9
7.0,closeness_centrality,0.44545454545454544,sequential_ollama/gemma4:e4b_zh,21
7.0,closeness_centrality,0.46226415094339623,sequential_ollama/gemma4:e4b_zh,35
7.0,closeness_centrality,0.4537037037037037,sequential_ollama/gemma4:e4b_zh,39
7.0,closeness_centrality,0.4537037037037037,sequential_ollama/gemma4:e4b_zh,25
7.0,closeness_centrality,0.4666666666666667,sequential_ollama/gemma4:e4b_zh,45
7.0,closeness_centrality,0.4803921568627451,sequential_ollama/gemma4:e4b_zh,48
7.0,closeness_centrality,0.5051546391752577,sequential_ollama/gemma4:e4b_zh,10
7.0,closeness_centrality,0.47115384615384615,sequential_ollama/gemma4:e4b_zh,41
7.0,closeness_centrality,0.4803921568627451,sequential_ollama/gemma4:e4b_zh,19
7.0,closeness_centrality,0.4803921568627451,sequential_ollama/gemma4:e4b_zh,12
7.0,closeness_centrality,0.5051546391752577,sequential_ollama/gemma4:e4b_zh,2
7.0,closeness_centrality,0.6049382716049383,sequential_ollama/gemma4:e4b_zh,14
7.0,closeness_centrality,0.49,sequential_ollama/gemma4:e4b_zh,33
7.0,closeness_centrality,0.47572815533980584,sequential_ollama/gemma4:e4b_zh,27
7.0,closeness_centrality,0.4224137931034483,sequential_ollama/gemma4:e4b_zh,20
7.0,closeness_centrality,0.47115384615384615,sequential_ollama/gemma4:e4b_zh,47
7.0,closeness_centrality,0.44954128440366975,sequential_ollama/gemma4:e4b_zh,3
7.0,closeness_centrality,0.35766423357664234,sequential_ollama/gemma4:e4b_zh,6
7.0,closeness_centrality,0.3951612903225806,sequential_ollama/gemma4:e4b_zh,32
7.0,closeness_centrality,0.3402777777777778,sequential_ollama/gemma4:e4b_zh,18
7.0,closeness_centrality,0.4537037037037037,sequential_ollama/gemma4:e4b_zh,40
7.0,closeness_centrality,0.4260869565217391,sequential_ollama/gemma4:e4b_zh,24
8.0,degree_centrality,0.12244897959183673,sequential_ollama/gemma4:e4b_zh,44
8.0,degree_centrality,0.42857142857142855,sequential_ollama/gemma4:e4b_zh,10
8.0,degree_centrality,0.3877551020408163,sequential_ollama/gemma4:e4b_zh,8
8.0,degree_centrality,0.3061224489795918,sequential_ollama/gemma4:e4b_zh,37
8.0,degree_centrality,0.3877551020408163,sequential_ollama/gemma4:e4b_zh,15
8.0,degree_centrality,0.16326530612244897,sequential_ollama/gemma4:e4b_zh,46
8.0,degree_centrality,0.36734693877551017,sequential_ollama/gemma4:e4b_zh,32
8.0,degree_centrality,0.2857142857142857,sequential_ollama/gemma4:e4b_zh,49
8.0,degree_centrality,0.42857142857142855,sequential_ollama/gemma4:e4b_zh,26
8.0,degree_centrality,0.3877551020408163,sequential_ollama/gemma4:e4b_zh,13
8.0,degree_centrality,0.3877551020408163,sequential_ollama/gemma4:e4b_zh,7
8.0,degree_centrality,0.4081632653061224,sequential_ollama/gemma4:e4b_zh,42
8.0,degree_centrality,0.3469387755102041,sequential_ollama/gemma4:e4b_zh,27
8.0,degree_centrality,0.2857142857142857,sequential_ollama/gemma4:e4b_zh,28
8.0,degree_centrality,0.3877551020408163,sequential_ollama/gemma4:e4b_zh,11
8.0,degree_centrality,0.3469387755102041,sequential_ollama/gemma4:e4b_zh,5
8.0,degree_centrality,0.3877551020408163,sequential_ollama/gemma4:e4b_zh,38
8.0,degree_centrality,0.3469387755102041,sequential_ollama/gemma4:e4b_zh,20
8.0,degree_centrality,0.1020408163265306,sequential_ollama/gemma4:e4b_zh,36
8.0,degree_centrality,0.16326530612244897,sequential_ollama/gemma4:e4b_zh,18
8.0,degree_centrality,0.2040816326530612,sequential_ollama/gemma4:e4b_zh,30
8.0,degree_centrality,0.4081632653061224,sequential_ollama/gemma4:e4b_zh,12
8.0,degree_centrality,0.36734693877551017,sequential_ollama/gemma4:e4b_zh,17
8.0,degree_centrality,0.3061224489795918,sequential_ollama/gemma4:e4b_zh,1
8.0,degree_centrality,0.08163265306122448,sequential_ollama/gemma4:e4b_zh,23
8.0,degree_centrality,0.2857142857142857,sequential_ollama/gemma4:e4b_zh,40
8.0,degree_centrality,0.3877551020408163,sequential_ollama/gemma4:e4b_zh,41
8.0,degree_centrality,0.2857142857142857,sequential_ollama/gemma4:e4b_zh,39
8.0,degree_centrality,0.42857142857142855,sequential_ollama/gemma4:e4b_zh,14
8.0,degree_centrality,0.3061224489795918,sequential_ollama/gemma4:e4b_zh,48
8.0,degree_centrality,0.42857142857142855,sequential_ollama/gemma4:e4b_zh,19
8.0,degree_centrality,0.26530612244897955,sequential_ollama/gemma4:e4b_zh,24
8.0,degree_centrality,0.4081632653061224,sequential_ollama/gemma4:e4b_zh,33
8.0,degree_centrality,0.32653061224489793,sequential_ollama/gemma4:e4b_zh,3
8.0,degree_centrality,0.3877551020408163,sequential_ollama/gemma4:e4b_zh,43
8.0,degree_centrality,0.24489795918367346,sequential_ollama/gemma4:e4b_zh,6
8.0,degree_centrality,0.3469387755102041,sequential_ollama/gemma4:e4b_zh,21
8.0,degree_centrality,0.4081632653061224,sequential_ollama/gemma4:e4b_zh,2
8.0,degree_centrality,0.4693877551020408,sequential_ollama/gemma4:e4b_zh,16
8.0,degree_centrality,0.3061224489795918,sequential_ollama/gemma4:e4b_zh,22
8.0,degree_centrality,0.32653061224489793,sequential_ollama/gemma4:e4b_zh,34
8.0,degree_centrality,0.2857142857142857,sequential_ollama/gemma4:e4b_zh,29
8.0,degree_centrality,0.3061224489795918,sequential_ollama/gemma4:e4b_zh,31
8.0,degree_centrality,0.26530612244897955,sequential_ollama/gemma4:e4b_zh,35
8.0,degree_centrality,0.2857142857142857,sequential_ollama/gemma4:e4b_zh,45
8.0,degree_centrality,0.26530612244897955,sequential_ollama/gemma4:e4b_zh,9
8.0,degree_centrality,0.26530612244897955,sequential_ollama/gemma4:e4b_zh,47
8.0,degree_centrality,0.2857142857142857,sequential_ollama/gemma4:e4b_zh,0
8.0,degree_centrality,0.26530612244897955,sequential_ollama/gemma4:e4b_zh,4
8.0,degree_centrality,0.12244897959183673,sequential_ollama/gemma4:e4b_zh,25
8.0,betweenness_centrality,0.0003644314868804664,sequential_ollama/gemma4:e4b_zh,44
8.0,betweenness_centrality,0.016518168112274835,sequential_ollama/gemma4:e4b_zh,10
8.0,betweenness_centrality,0.011595168860315804,sequential_ollama/gemma4:e4b_zh,8
8.0,betweenness_centrality,0.0039792720840139805,sequential_ollama/gemma4:e4b_zh,37
8.0,betweenness_centrality,0.01639999855007766,sequential_ollama/gemma4:e4b_zh,15
8.0,betweenness_centrality,0.0037442130891792744,sequential_ollama/gemma4:e4b_zh,46
8.0,betweenness_centrality,0.010399853445225668,sequential_ollama/gemma4:e4b_zh,32
8.0,betweenness_centrality,0.0009671730860206252,sequential_ollama/gemma4:e4b_zh,49
8.0,betweenness_centrality,0.00945440326789774,sequential_ollama/gemma4:e4b_zh,26
8.0,betweenness_centrality,0.006376954339608478,sequential_ollama/gemma4:e4b_zh,13
8.0,betweenness_centrality,0.008053848040811901,sequential_ollama/gemma4:e4b_zh,7
8.0,betweenness_centrality,0.006582579796584474,sequential_ollama/gemma4:e4b_zh,42
8.0,betweenness_centrality,0.004232449007263003,sequential_ollama/gemma4:e4b_zh,27
8.0,betweenness_centrality,0.0026455137084733745,sequential_ollama/gemma4:e4b_zh,28
8.0,betweenness_centrality,0.18737229724057375,sequential_ollama/gemma4:e4b_zh,11
8.0,betweenness_centrality,0.0038617265632853847,sequential_ollama/gemma4:e4b_zh,5
8.0,betweenness_centrality,0.0059373901708026115,sequential_ollama/gemma4:e4b_zh,38
8.0,betweenness_centrality,0.15983983489599887,sequential_ollama/gemma4:e4b_zh,20
8.0,betweenness_centrality,0.00024295432458697764,sequential_ollama/gemma4:e4b_zh,36
8.0,betweenness_centrality,0.005121710966044368,sequential_ollama/gemma4:e4b_zh,18
8.0,betweenness_centrality,0.005080305357250035,sequential_ollama/gemma4:e4b_zh,30
8.0,betweenness_centrality,0.01903190622289568,sequential_ollama/gemma4:e4b_zh,12
8.0,betweenness_centrality,0.014218846193794491,sequential_ollama/gemma4:e4b_zh,17
8.0,betweenness_centrality,0.009493693113496786,sequential_ollama/gemma4:e4b_zh,1
8.0,betweenness_centrality,0.00013627245770102912,sequential_ollama/gemma4:e4b_zh,23
8.0,betweenness_centrality,0.010859518752625395,sequential_ollama/gemma4:e4b_zh,40
8.0,betweenness_centrality,0.018744656397752215,sequential_ollama/gemma4:e4b_zh,41
8.0,betweenness_centrality,0.0076856231876139,sequential_ollama/gemma4:e4b_zh,39
8.0,betweenness_centrality,0.018821181883613564,sequential_ollama/gemma4:e4b_zh,14
8.0,betweenness_centrality,0.002138324200672847,sequential_ollama/gemma4:e4b_zh,48
8.0,betweenness_centrality,0.193394045719499,sequential_ollama/gemma4:e4b_zh,19
8.0,betweenness_centrality,0.0013243675233471151,sequential_ollama/gemma4:e4b_zh,24
8.0,betweenness_centrality,0.0054476375490018015,sequential_ollama/gemma4:e4b_zh,33
8.0,betweenness_centrality,0.002927235094574012,sequential_ollama/gemma4:e4b_zh,3
8.0,betweenness_centrality,0.13338250924955136,sequential_ollama/gemma4:e4b_zh,43
8.0,betweenness_centrality,0.0010173002519941294,sequential_ollama/gemma4:e4b_zh,6
8.0,betweenness_centrality,0.004597610673548358,sequential_ollama/gemma4:e4b_zh,21
8.0,betweenness_centrality,0.16742391121501857,sequential_ollama/gemma4:e4b_zh,2
8.0,betweenness_centrality,0.016555296013893078,sequential_ollama/gemma4:e4b_zh,16
8.0,betweenness_centrality,0.0021117689145244995,sequential_ollama/gemma4:e4b_zh,22
8.0,betweenness_centrality,0.003677889037032695,sequential_ollama/gemma4:e4b_zh,34
8.0,betweenness_centrality,0.002274941331094315,sequential_ollama/gemma4:e4b_zh,29
8.0,betweenness_centrality,0.12879408829189953,sequential_ollama/gemma4:e4b_zh,31
8.0,betweenness_centrality,0.0005763886382728748,sequential_ollama/gemma4:e4b_zh,35
8.0,betweenness_centrality,0.0034571281584507793,sequential_ollama/gemma4:e4b_zh,45
8.0,betweenness_centrality,0.0035472218755605205,sequential_ollama/gemma4:e4b_zh,9
8.0,betweenness_centrality,0.0013719720231419737,sequential_ollama/gemma4:e4b_zh,47
8.0,betweenness_centrality,0.0017486698709187703,sequential_ollama/gemma4:e4b_zh,0
8.0,betweenness_centrality,0.0026088411489980897,sequential_ollama/gemma4:e4b_zh,4
8.0,betweenness_centrality,0.00045954807212571187,sequential_ollama/gemma4:e4b_zh,25
8.0,closeness_centrality,0.34265734265734266,sequential_ollama/gemma4:e4b_zh,44
8.0,closeness_centrality,0.4803921568627451,sequential_ollama/gemma4:e4b_zh,10
8.0,closeness_centrality,0.46226415094339623,sequential_ollama/gemma4:e4b_zh,8
8.0,closeness_centrality,0.3656716417910448,sequential_ollama/gemma4:e4b_zh,37
8.0,closeness_centrality,0.47115384615384615,sequential_ollama/gemma4:e4b_zh,15
8.0,closeness_centrality,0.4083333333333333,sequential_ollama/gemma4:e4b_zh,46
8.0,closeness_centrality,0.46226415094339623,sequential_ollama/gemma4:e4b_zh,32
8.0,closeness_centrality,0.44545454545454544,sequential_ollama/gemma4:e4b_zh,49
8.0,closeness_centrality,0.4803921568627451,sequential_ollama/gemma4:e4b_zh,26
8.0,closeness_centrality,0.47115384615384615,sequential_ollama/gemma4:e4b_zh,13
8.0,closeness_centrality,0.47115384615384615,sequential_ollama/gemma4:e4b_zh,7
8.0,closeness_centrality,0.47572815533980584,sequential_ollama/gemma4:e4b_zh,42
8.0,closeness_centrality,0.45794392523364486,sequential_ollama/gemma4:e4b_zh,27
8.0,closeness_centrality,0.44954128440366975,sequential_ollama/gemma4:e4b_zh,28
8.0,closeness_centrality,0.5833333333333334,sequential_ollama/gemma4:e4b_zh,11
8.0,closeness_centrality,0.44144144144144143,sequential_ollama/gemma4:e4b_zh,5
8.0,closeness_centrality,0.47115384615384615,sequential_ollama/gemma4:e4b_zh,38
8.0,closeness_centrality,0.5632183908045977,sequential_ollama/gemma4:e4b_zh,20
8.0,closeness_centrality,0.33793103448275863,sequential_ollama/gemma4:e4b_zh,36
8.0,closeness_centrality,0.4260869565217391,sequential_ollama/gemma4:e4b_zh,18
8.0,closeness_centrality,0.4152542372881356,sequential_ollama/gemma4:e4b_zh,30
8.0,closeness_centrality,0.48514851485148514,sequential_ollama/gemma4:e4b_zh,12
8.0,closeness_centrality,0.47572815533980584,sequential_ollama/gemma4:e4b_zh,17
8.0,closeness_centrality,0.46226415094339623,sequential_ollama/gemma4:e4b_zh,1
8.0,closeness_centrality,0.34265734265734266,sequential_ollama/gemma4:e4b_zh,23
8.0,closeness_centrality,0.45794392523364486,sequential_ollama/gemma4:e4b_zh,40
8.0,closeness_centrality,0.4803921568627451,sequential_ollama/gemma4:e4b_zh,41
8.0,closeness_centrality,0.44144144144144143,sequential_ollama/gemma4:e4b_zh,39
8.0,closeness_centrality,0.49,sequential_ollama/gemma4:e4b_zh,14
8.0,closeness_centrality,0.46226415094339623,sequential_ollama/gemma4:e4b_zh,48
8.0,closeness_centrality,0.5975609756097561,sequential_ollama/gemma4:e4b_zh,19
8.0,closeness_centrality,0.44545454545454544,sequential_ollama/gemma4:e4b_zh,24
8.0,closeness_centrality,0.48514851485148514,sequential_ollama/gemma4:e4b_zh,33
8.0,closeness_centrality,0.4666666666666667,sequential_ollama/gemma4:e4b_zh,3
8.0,closeness_centrality,0.5568181818181818,sequential_ollama/gemma4:e4b_zh,43
8.0,closeness_centrality,0.44144144144144143,sequential_ollama/gemma4:e4b_zh,6
8.0,closeness_centrality,0.47115384615384615,sequential_ollama/gemma4:e4b_zh,21
8.0,closeness_centrality,0.5764705882352941,sequential_ollama/gemma4:e4b_zh,2
8.0,closeness_centrality,0.5,sequential_ollama/gemma4:e4b_zh,16
8.0,closeness_centrality,0.4537037037037037,sequential_ollama/gemma4:e4b_zh,22
8.0,closeness_centrality,0.44954128440366975,sequential_ollama/gemma4:e4b_zh,34
8.0,closeness_centrality,0.4260869565217391,sequential_ollama/gemma4:e4b_zh,29
8.0,closeness_centrality,0.5444444444444444,sequential_ollama/gemma4:e4b_zh,31
8.0,closeness_centrality,0.4537037037037037,sequential_ollama/gemma4:e4b_zh,35
8.0,closeness_centrality,0.45794392523364486,sequential_ollama/gemma4:e4b_zh,45
8.0,closeness_centrality,0.44545454545454544,sequential_ollama/gemma4:e4b_zh,9
8.0,closeness_centrality,0.4375,sequential_ollama/gemma4:e4b_zh,47
8.0,closeness_centrality,0.44545454545454544,sequential_ollama/gemma4:e4b_zh,0
8.0,closeness_centrality,0.4375,sequential_ollama/gemma4:e4b_zh,4
8.0,closeness_centrality,0.4083333333333333,sequential_ollama/gemma4:e4b_zh,25
9.0,degree_centrality,0.22448979591836732,sequential_ollama/gemma4:e4b_zh,21
9.0,degree_centrality,0.36734693877551017,sequential_ollama/gemma4:e4b_zh,16
9.0,degree_centrality,0.32653061224489793,sequential_ollama/gemma4:e4b_zh,47
9.0,degree_centrality,0.1020408163265306,sequential_ollama/gemma4:e4b_zh,36
9.0,degree_centrality,0.26530612244897955,sequential_ollama/gemma4:e4b_zh,6
9.0,degree_centrality,0.42857142857142855,sequential_ollama/gemma4:e4b_zh,48
9.0,degree_centrality,0.26530612244897955,sequential_ollama/gemma4:e4b_zh,41
9.0,degree_centrality,0.32653061224489793,sequential_ollama/gemma4:e4b_zh,17
9.0,degree_centrality,0.42857142857142855,sequential_ollama/gemma4:e4b_zh,43
9.0,degree_centrality,0.3877551020408163,sequential_ollama/gemma4:e4b_zh,12
9.0,degree_centrality,0.18367346938775508,sequential_ollama/gemma4:e4b_zh,1
9.0,degree_centrality,0.26530612244897955,sequential_ollama/gemma4:e4b_zh,19
9.0,degree_centrality,0.22448979591836732,sequential_ollama/gemma4:e4b_zh,37
9.0,degree_centrality,0.22448979591836732,sequential_ollama/gemma4:e4b_zh,0
9.0,degree_centrality,0.3061224489795918,sequential_ollama/gemma4:e4b_zh,7
9.0,degree_centrality,0.24489795918367346,sequential_ollama/gemma4:e4b_zh,10
9.0,degree_centrality,0.3469387755102041,sequential_ollama/gemma4:e4b_zh,38
9.0,degree_centrality,0.4081632653061224,sequential_ollama/gemma4:e4b_zh,28
9.0,degree_centrality,0.4081632653061224,sequential_ollama/gemma4:e4b_zh,22
9.0,degree_centrality,0.3877551020408163,sequential_ollama/gemma4:e4b_zh,42
9.0,degree_centrality,0.2040816326530612,sequential_ollama/gemma4:e4b_zh,44
9.0,degree_centrality,0.3061224489795918,sequential_ollama/gemma4:e4b_zh,15
9.0,degree_centrality,0.3877551020408163,sequential_ollama/gemma4:e4b_zh,5
9.0,degree_centrality,0.26530612244897955,sequential_ollama/gemma4:e4b_zh,29
9.0,degree_centrality,0.2857142857142857,sequential_ollama/gemma4:e4b_zh,2
9.0,degree_centrality,0.3877551020408163,sequential_ollama/gemma4:e4b_zh,39
9.0,degree_centrality,0.3877551020408163,sequential_ollama/gemma4:e4b_zh,33
9.0,degree_centrality,0.24489795918367346,sequential_ollama/gemma4:e4b_zh,23
9.0,degree_centrality,0.26530612244897955,sequential_ollama/gemma4:e4b_zh,45
9.0,degree_centrality,0.14285714285714285,sequential_ollama/gemma4:e4b_zh,30
9.0,degree_centrality,0.2857142857142857,sequential_ollama/gemma4:e4b_zh,9
9.0,degree_centrality,0.2857142857142857,sequential_ollama/gemma4:e4b_zh,40
9.0,degree_centrality,0.26530612244897955,sequential_ollama/gemma4:e4b_zh,14
9.0,degree_centrality,0.22448979591836732,sequential_ollama/gemma4:e4b_zh,24
9.0,degree_centrality,0.32653061224489793,sequential_ollama/gemma4:e4b_zh,8
9.0,degree_centrality,0.2040816326530612,sequential_ollama/gemma4:e4b_zh,46
9.0,degree_centrality,0.3061224489795918,sequential_ollama/gemma4:e4b_zh,13
9.0,degree_centrality,0.3061224489795918,sequential_ollama/gemma4:e4b_zh,34
9.0,degree_centrality,0.3469387755102041,sequential_ollama/gemma4:e4b_zh,11
9.0,degree_centrality,0.26530612244897955,sequential_ollama/gemma4:e4b_zh,20
9.0,degree_centrality,0.1020408163265306,sequential_ollama/gemma4:e4b_zh,27
9.0,degree_centrality,0.24489795918367346,sequential_ollama/gemma4:e4b_zh,31
9.0,degree_centrality,0.26530612244897955,sequential_ollama/gemma4:e4b_zh,26
9.0,degree_centrality,0.24489795918367346,sequential_ollama/gemma4:e4b_zh,49
9.0,degree_centrality,0.18367346938775508,sequential_ollama/gemma4:e4b_zh,4
9.0,degree_centrality,0.08163265306122448,sequential_ollama/gemma4:e4b_zh,32
9.0,degree_centrality,0.08163265306122448,sequential_ollama/gemma4:e4b_zh,25
9.0,degree_centrality,0.16326530612244897,sequential_ollama/gemma4:e4b_zh,18
9.0,degree_centrality,0.18367346938775508,sequential_ollama/gemma4:e4b_zh,35
9.0,degree_centrality,0.3061224489795918,sequential_ollama/gemma4:e4b_zh,3
9.0,betweenness_centrality,0.015997383663199992,sequential_ollama/gemma4:e4b_zh,21
9.0,betweenness_centrality,0.014752001165618343,sequential_ollama/gemma4:e4b_zh,16
9.0,betweenness_centrality,0.003660373578125161,sequential_ollama/gemma4:e4b_zh,47
9.0,betweenness_centrality,0.0018350413758577023,sequential_ollama/gemma4:e4b_zh,36
9.0,betweenness_centrality,0.012028861666001006,sequential_ollama/gemma4:e4b_zh,6
9.0,betweenness_centrality,0.022537740338804735,sequential_ollama/gemma4:e4b_zh,48
9.0,betweenness_centrality,0.009317996817996818,sequential_ollama/gemma4:e4b_zh,41
9.0,betweenness_centrality,0.01261473302839419,sequential_ollama/gemma4:e4b_zh,17
9.0,betweenness_centrality,0.022537740338804735,sequential_ollama/gemma4:e4b_zh,43
9.0,betweenness_centrality,0.5255509729196834,sequential_ollama/gemma4:e4b_zh,12
9.0,betweenness_centrality,0.0005612738074472768,sequential_ollama/gemma4:e4b_zh,1
9.0,betweenness_centrality,0.004027115411043979,sequential_ollama/gemma4:e4b_zh,19
9.0,betweenness_centrality,0.0008325173503744932,sequential_ollama/gemma4:e4b_zh,37
9.0,betweenness_centrality,0.0006677869560522623,sequential_ollama/gemma4:e4b_zh,0
9.0,betweenness_centrality,0.002272083075654504,sequential_ollama/gemma4:e4b_zh,7
9.0,betweenness_centrality,0.005508099704528276,sequential_ollama/gemma4:e4b_zh,10
9.0,betweenness_centrality,0.030857776010837255,sequential_ollama/gemma4:e4b_zh,38
9.0,betweenness_centrality,0.05339859969962009,sequential_ollama/gemma4:e4b_zh,28
9.0,betweenness_centrality,0.04760880181798548,sequential_ollama/gemma4:e4b_zh,22
9.0,betweenness_centrality,0.03495554426676875,sequential_ollama/gemma4:e4b_zh,42
9.0,betweenness_centrality,0.00112001330113575,sequential_ollama/gemma4:e4b_zh,44
9.0,betweenness_centrality,0.0024077018974978156,sequential_ollama/gemma4:e4b_zh,15
9.0,betweenness_centrality,0.04475976357353911,sequential_ollama/gemma4:e4b_zh,5
9.0,betweenness_centrality,0.001370053793523181,sequential_ollama/gemma4:e4b_zh,29
9.0,betweenness_centrality,0.008621421242374796,sequential_ollama/gemma4:e4b_zh,2
9.0,betweenness_centrality,0.022108378758625067,sequential_ollama/gemma4:e4b_zh,39
9.0,betweenness_centrality,0.01748131786177177,sequential_ollama/gemma4:e4b_zh,33
9.0,betweenness_centrality,0.00826633683776541,sequential_ollama/gemma4:e4b_zh,23
9.0,betweenness_centrality,0.03290227138859263,sequential_ollama/gemma4:e4b_zh,45
9.0,betweenness_centrality,0.017638685719042868,sequential_ollama/gemma4:e4b_zh,30
9.0,betweenness_centrality,0.0009178845693624018,sequential_ollama/gemma4:e4b_zh,9
9.0,betweenness_centrality,0.0009178845693624018,sequential_ollama/gemma4:e4b_zh,40
9.0,betweenness_centrality,0.009098972661164788,sequential_ollama/gemma4:e4b_zh,14
9.0,betweenness_centrality,0.0002426475640761355,sequential_ollama/gemma4:e4b_zh,24
9.0,betweenness_centrality,0.009090448950142827,sequential_ollama/gemma4:e4b_zh,8
9.0,betweenness_centrality,0.0007997860038676366,sequential_ollama/gemma4:e4b_zh,46
9.0,betweenness_centrality,0.020022872063688395,sequential_ollama/gemma4:e4b_zh,13
9.0,betweenness_centrality,0.01492356141590836,sequential_ollama/gemma4:e4b_zh,34
9.0,betweenness_centrality,0.027398008265355225,sequential_ollama/gemma4:e4b_zh,11
9.0,betweenness_centrality,0.01572135347645552,sequential_ollama/gemma4:e4b_zh,20
9.0,betweenness_centrality,7.730364873222017e-05,sequential_ollama/gemma4:e4b_zh,27
9.0,betweenness_centrality,0.001042402891892688,sequential_ollama/gemma4:e4b_zh,31
9.0,betweenness_centrality,0.5095458042524369,sequential_ollama/gemma4:e4b_zh,26
9.0,betweenness_centrality,0.006042568542568543,sequential_ollama/gemma4:e4b_zh,49
9.0,betweenness_centrality,0.019917285095856527,sequential_ollama/gemma4:e4b_zh,4
9.0,betweenness_centrality,0.0,sequential_ollama/gemma4:e4b_zh,32
9.0,betweenness_centrality,0.0,sequential_ollama/gemma4:e4b_zh,25
9.0,betweenness_centrality,0.019240404846931933,sequential_ollama/gemma4:e4b_zh,18
9.0,betweenness_centrality,0.00040810356499132005,sequential_ollama/gemma4:e4b_zh,35
9.0,betweenness_centrality,0.013503163787954426,sequential_ollama/gemma4:e4b_zh,3
9.0,closeness_centrality,0.4049586776859504,sequential_ollama/gemma4:e4b_zh,21
9.0,closeness_centrality,0.4260869565217391,sequential_ollama/gemma4:e4b_zh,16
9.0,closeness_centrality,0.3475177304964539,sequential_ollama/gemma4:e4b_zh,47
9.0,closeness_centrality,0.31210191082802546,sequential_ollama/gemma4:e4b_zh,36
9.0,closeness_centrality,0.4083333333333333,sequential_ollama/gemma4:e4b_zh,6
9.0,closeness_centrality,0.44144144144144143,sequential_ollama/gemma4:e4b_zh,48
9.0,closeness_centrality,0.4083333333333333,sequential_ollama/gemma4:e4b_zh,41
9.0,closeness_centrality,0.4224137931034483,sequential_ollama/gemma4:e4b_zh,17
9.0,closeness_centrality,0.44144144144144143,sequential_ollama/gemma4:e4b_zh,43
9.0,closeness_centrality,0.5444444444444444,sequential_ollama/gemma4:e4b_zh,12
9.0,closeness_centrality,0.3983739837398374,sequential_ollama/gemma4:e4b_zh,1
9.0,closeness_centrality,0.4117647058823529,sequential_ollama/gemma4:e4b_zh,19
9.0,closeness_centrality,0.33793103448275863,sequential_ollama/gemma4:e4b_zh,37
9.0,closeness_centrality,0.33793103448275863,sequential_ollama/gemma4:e4b_zh,0
9.0,closeness_centrality,0.3475177304964539,sequential_ollama/gemma4:e4b_zh,7
9.0,closeness_centrality,0.3402777777777778,sequential_ollama/gemma4:e4b_zh,10
9.0,closeness_centrality,0.4336283185840708,sequential_ollama/gemma4:e4b_zh,38
9.0,closeness_centrality,0.44545454545454544,sequential_ollama/gemma4:e4b_zh,28
9.0,closeness_centrality,0.44545454545454544,sequential_ollama/gemma4:e4b_zh,22
9.0,closeness_centrality,0.44144144144144143,sequential_ollama/gemma4:e4b_zh,42
9.0,closeness_centrality,0.3356164383561644,sequential_ollama/gemma4:e4b_zh,44
9.0,closeness_centrality,0.3475177304964539,sequential_ollama/gemma4:e4b_zh,15
9.0,closeness_centrality,0.44144144144144143,sequential_ollama/gemma4:e4b_zh,5
9.0,closeness_centrality,0.34265734265734266,sequential_ollama/gemma4:e4b_zh,29
9.0,closeness_centrality,0.34507042253521125,sequential_ollama/gemma4:e4b_zh,2
9.0,closeness_centrality,0.4336283185840708,sequential_ollama/gemma4:e4b_zh,39
9.0,closeness_centrality,0.4260869565217391,sequential_ollama/gemma4:e4b_zh,33
9.0,closeness_centrality,0.4016393442622951,sequential_ollama/gemma4:e4b_zh,23
9.0,closeness_centrality,0.4117647058823529,sequential_ollama/gemma4:e4b_zh,45
9.0,closeness_centrality,0.3888888888888889,sequential_ollama/gemma4:e4b_zh,30
9.0,closeness_centrality,0.3402777777777778,sequential_ollama/gemma4:e4b_zh,9
9.0,closeness_centrality,0.3402777777777778,sequential_ollama/gemma4:e4b_zh,40
9.0,closeness_centrality,0.4049586776859504,sequential_ollama/gemma4:e4b_zh,14
9.0,closeness_centrality,0.3310810810810811,sequential_ollama/gemma4:e4b_zh,24
9.0,closeness_centrality,0.35,sequential_ollama/gemma4:e4b_zh,8
9.0,closeness_centrality,0.3356164383561644,sequential_ollama/gemma4:e4b_zh,46
9.0,closeness_centrality,0.4260869565217391,sequential_ollama/gemma4:e4b_zh,13
9.0,closeness_centrality,0.4260869565217391,sequential_ollama/gemma4:e4b_zh,34
9.0,closeness_centrality,0.4336283185840708,sequential_ollama/gemma4:e4b_zh,11
9.0,closeness_centrality,0.4188034188034188,sequential_ollama/gemma4:e4b_zh,20
9.0,closeness_centrality,0.3223684210526316,sequential_ollama/gemma4:e4b_zh,27
9.0,closeness_centrality,0.4152542372881356,sequential_ollama/gemma4:e4b_zh,31
9.0,closeness_centrality,0.532608695652174,sequential_ollama/gemma4:e4b_zh,26
9.0,closeness_centrality,0.4152542372881356,sequential_ollama/gemma4:e4b_zh,49
9.0,closeness_centrality,0.4049586776859504,sequential_ollama/gemma4:e4b_zh,4
9.0,closeness_centrality,0.3202614379084967,sequential_ollama/gemma4:e4b_zh,32
9.0,closeness_centrality,0.30246913580246915,sequential_ollama/gemma4:e4b_zh,25
9.0,closeness_centrality,0.3951612903225806,sequential_ollama/gemma4:e4b_zh,18
9.0,closeness_centrality,0.3983739837398374,sequential_ollama/gemma4:e4b_zh,35
9.0,closeness_centrality,0.4188034188034188,sequential_ollama/gemma4:e4b_zh,3
