graph_nr,metric_name,_metric_value,save_name,node
0.0,density,0.21714285714285714,sequential_ollama/gemma4:e4b_w_interests,
0.0,avg_clustering_coef,0.6243289146354162,sequential_ollama/gemma4:e4b_w_interests,
0.0,prop_nodes_lcc,1.0,sequential_ollama/gemma4:e4b_w_interests,
0.0,radius,0.7668666559059943,sequential_ollama/gemma4:e4b_w_interests,
0.0,diameter,1.5337333118119887,sequential_ollama/gemma4:e4b_w_interests,
0.0,avg_shortest_path,0.7839776942146451,sequential_ollama/gemma4:e4b_w_interests,
0.0,modularity,0.47187517666346324,sequential_ollama/gemma4:e4b_w_interests,
1.0,density,0.23673469387755103,sequential_ollama/gemma4:e4b_w_interests,
1.0,avg_clustering_coef,0.7237115009173833,sequential_ollama/gemma4:e4b_w_interests,
1.0,prop_nodes_lcc,1.0,sequential_ollama/gemma4:e4b_w_interests,
1.0,radius,0.7668666559059943,sequential_ollama/gemma4:e4b_w_interests,
1.0,diameter,1.5337333118119887,sequential_ollama/gemma4:e4b_w_interests,
1.0,avg_shortest_path,0.6520974965187027,sequential_ollama/gemma4:e4b_w_interests,
1.0,modularity,0.5079904875148633,sequential_ollama/gemma4:e4b_w_interests,
2.0,density,0.2506122448979592,sequential_ollama/gemma4:e4b_w_interests,
2.0,avg_clustering_coef,0.7284438833552442,sequential_ollama/gemma4:e4b_w_interests,
2.0,prop_nodes_lcc,1.0,sequential_ollama/gemma4:e4b_w_interests,
2.0,radius,1.0224888745413259,sequential_ollama/gemma4:e4b_w_interests,
2.0,diameter,1.2781110931766573,sequential_ollama/gemma4:e4b_w_interests,
2.0,avg_shortest_path,0.6825634915560566,sequential_ollama/gemma4:e4b_w_interests,
2.0,modularity,0.49118293032286814,sequential_ollama/gemma4:e4b_w_interests,
3.0,density,0.2587755102040816,sequential_ollama/gemma4:e4b_w_interests,
3.0,avg_clustering_coef,0.672974310661146,sequential_ollama/gemma4:e4b_w_interests,
3.0,prop_nodes_lcc,1.0,sequential_ollama/gemma4:e4b_w_interests,
3.0,radius,0.7668666559059943,sequential_ollama/gemma4:e4b_w_interests,
3.0,diameter,1.5337333118119887,sequential_ollama/gemma4:e4b_w_interests,
3.0,avg_shortest_path,0.7073953642234887,sequential_ollama/gemma4:e4b_w_interests,
3.0,modularity,0.4620406213615421,sequential_ollama/gemma4:e4b_w_interests,
4.0,density,0.2620408163265306,sequential_ollama/gemma4:e4b_w_interests,
4.0,avg_clustering_coef,0.7248579683803132,sequential_ollama/gemma4:e4b_w_interests,
4.0,prop_nodes_lcc,1.0,sequential_ollama/gemma4:e4b_w_interests,
4.0,radius,0.7668666559059943,sequential_ollama/gemma4:e4b_w_interests,
4.0,diameter,1.2781110931766573,sequential_ollama/gemma4:e4b_w_interests,
4.0,avg_shortest_path,0.6218401726802348,sequential_ollama/gemma4:e4b_w_interests,
4.0,modularity,0.48370551528032524,sequential_ollama/gemma4:e4b_w_interests,
5.0,density,0.3036734693877551,sequential_ollama/gemma4:e4b_w_interests,
5.0,avg_clustering_coef,0.7453052142709297,sequential_ollama/gemma4:e4b_w_interests,
5.0,prop_nodes_lcc,1.0,sequential_ollama/gemma4:e4b_w_interests,
5.0,radius,0.5112444372706629,sequential_ollama/gemma4:e4b_w_interests,
5.0,diameter,1.0224888745413259,sequential_ollama/gemma4:e4b_w_interests,
5.0,avg_shortest_path,0.5316942147614895,sequential_ollama/gemma4:e4b_w_interests,
5.0,modularity,0.4610178922418777,sequential_ollama/gemma4:e4b_w_interests,
6.0,density,0.2710204081632653,sequential_ollama/gemma4:e4b_w_interests,
6.0,avg_clustering_coef,0.6680624731549889,sequential_ollama/gemma4:e4b_w_interests,
6.0,prop_nodes_lcc,1.0,sequential_ollama/gemma4:e4b_w_interests,
6.0,radius,0.5112444372706629,sequential_ollama/gemma4:e4b_w_interests,
6.0,diameter,1.0224888745413259,sequential_ollama/gemma4:e4b_w_interests,
6.0,avg_shortest_path,0.5118704508673209,sequential_ollama/gemma4:e4b_w_interests,
6.0,modularity,0.40724796777471334,sequential_ollama/gemma4:e4b_w_interests,
7.0,density,0.27591836734693875,sequential_ollama/gemma4:e4b_w_interests,
7.0,avg_clustering_coef,0.7136197580780297,sequential_ollama/gemma4:e4b_w_interests,
7.0,prop_nodes_lcc,1.0,sequential_ollama/gemma4:e4b_w_interests,
7.0,radius,0.7668666559059943,sequential_ollama/gemma4:e4b_w_interests,
7.0,diameter,1.0224888745413259,sequential_ollama/gemma4:e4b_w_interests,
7.0,avg_shortest_path,0.5828186584885556,sequential_ollama/gemma4:e4b_w_interests,
7.0,modularity,0.43575154931550014,sequential_ollama/gemma4:e4b_w_interests,
8.0,density,0.28,sequential_ollama/gemma4:e4b_w_interests,
8.0,avg_clustering_coef,0.7155575368858718,sequential_ollama/gemma4:e4b_w_interests,
8.0,prop_nodes_lcc,1.0,sequential_ollama/gemma4:e4b_w_interests,
8.0,radius,0.7668666559059943,sequential_ollama/gemma4:e4b_w_interests,
8.0,diameter,1.0224888745413259,sequential_ollama/gemma4:e4b_w_interests,
8.0,avg_shortest_path,0.550474622661228,sequential_ollama/gemma4:e4b_w_interests,
8.0,modularity,0.4407899769653801,sequential_ollama/gemma4:e4b_w_interests,
9.0,density,0.24489795918367346,sequential_ollama/gemma4:e4b_w_interests,
9.0,avg_clustering_coef,0.6450545752911482,sequential_ollama/gemma4:e4b_w_interests,
9.0,prop_nodes_lcc,1.0,sequential_ollama/gemma4:e4b_w_interests,
9.0,radius,0.7668666559059943,sequential_ollama/gemma4:e4b_w_interests,
9.0,diameter,1.0224888745413259,sequential_ollama/gemma4:e4b_w_interests,
9.0,avg_shortest_path,0.5915828488417672,sequential_ollama/gemma4:e4b_w_interests,
9.0,modularity,0.4833777777777778,sequential_ollama/gemma4:e4b_w_interests,
0.0,degree_centrality,0.2857142857142857,sequential_ollama/gemma4:e4b_w_interests,28
0.0,degree_centrality,0.24489795918367346,sequential_ollama/gemma4:e4b_w_interests,10
0.0,degree_centrality,0.44897959183673464,sequential_ollama/gemma4:e4b_w_interests,5
0.0,degree_centrality,0.2857142857142857,sequential_ollama/gemma4:e4b_w_interests,34
0.0,degree_centrality,0.16326530612244897,sequential_ollama/gemma4:e4b_w_interests,46
0.0,degree_centrality,0.3061224489795918,sequential_ollama/gemma4:e4b_w_interests,22
0.0,degree_centrality,0.26530612244897955,sequential_ollama/gemma4:e4b_w_interests,32
0.0,degree_centrality,0.36734693877551017,sequential_ollama/gemma4:e4b_w_interests,15
0.0,degree_centrality,0.2857142857142857,sequential_ollama/gemma4:e4b_w_interests,26
0.0,degree_centrality,0.2857142857142857,sequential_ollama/gemma4:e4b_w_interests,11
0.0,degree_centrality,0.26530612244897955,sequential_ollama/gemma4:e4b_w_interests,4
0.0,degree_centrality,0.36734693877551017,sequential_ollama/gemma4:e4b_w_interests,44
0.0,degree_centrality,0.22448979591836732,sequential_ollama/gemma4:e4b_w_interests,37
0.0,degree_centrality,0.3469387755102041,sequential_ollama/gemma4:e4b_w_interests,7
0.0,degree_centrality,0.3877551020408163,sequential_ollama/gemma4:e4b_w_interests,8
0.0,degree_centrality,0.18367346938775508,sequential_ollama/gemma4:e4b_w_interests,49
0.0,degree_centrality,0.12244897959183673,sequential_ollama/gemma4:e4b_w_interests,20
0.0,degree_centrality,0.22448979591836732,sequential_ollama/gemma4:e4b_w_interests,13
0.0,degree_centrality,0.2857142857142857,sequential_ollama/gemma4:e4b_w_interests,42
0.0,degree_centrality,0.4081632653061224,sequential_ollama/gemma4:e4b_w_interests,27
0.0,degree_centrality,0.32653061224489793,sequential_ollama/gemma4:e4b_w_interests,38
0.0,degree_centrality,0.18367346938775508,sequential_ollama/gemma4:e4b_w_interests,41
0.0,degree_centrality,0.18367346938775508,sequential_ollama/gemma4:e4b_w_interests,16
0.0,degree_centrality,0.26530612244897955,sequential_ollama/gemma4:e4b_w_interests,9
0.0,degree_centrality,0.16326530612244897,sequential_ollama/gemma4:e4b_w_interests,30
0.0,degree_centrality,0.24489795918367346,sequential_ollama/gemma4:e4b_w_interests,43
0.0,degree_centrality,0.24489795918367346,sequential_ollama/gemma4:e4b_w_interests,33
0.0,degree_centrality,0.18367346938775508,sequential_ollama/gemma4:e4b_w_interests,25
0.0,degree_centrality,0.16326530612244897,sequential_ollama/gemma4:e4b_w_interests,47
0.0,degree_centrality,0.2040816326530612,sequential_ollama/gemma4:e4b_w_interests,23
0.0,degree_centrality,0.16326530612244897,sequential_ollama/gemma4:e4b_w_interests,2
0.0,degree_centrality,0.1020408163265306,sequential_ollama/gemma4:e4b_w_interests,40
0.0,degree_centrality,0.24489795918367346,sequential_ollama/gemma4:e4b_w_interests,17
0.0,degree_centrality,0.2040816326530612,sequential_ollama/gemma4:e4b_w_interests,31
0.0,degree_centrality,0.2040816326530612,sequential_ollama/gemma4:e4b_w_interests,3
0.0,degree_centrality,0.2040816326530612,sequential_ollama/gemma4:e4b_w_interests,1
0.0,degree_centrality,0.24489795918367346,sequential_ollama/gemma4:e4b_w_interests,19
0.0,degree_centrality,0.16326530612244897,sequential_ollama/gemma4:e4b_w_interests,48
0.0,degree_centrality,0.12244897959183673,sequential_ollama/gemma4:e4b_w_interests,45
0.0,degree_centrality,0.12244897959183673,sequential_ollama/gemma4:e4b_w_interests,6
0.0,degree_centrality,0.1020408163265306,sequential_ollama/gemma4:e4b_w_interests,35
0.0,degree_centrality,0.16326530612244897,sequential_ollama/gemma4:e4b_w_interests,12
0.0,degree_centrality,0.16326530612244897,sequential_ollama/gemma4:e4b_w_interests,36
0.0,degree_centrality,0.08163265306122448,sequential_ollama/gemma4:e4b_w_interests,18
0.0,degree_centrality,0.08163265306122448,sequential_ollama/gemma4:e4b_w_interests,39
0.0,degree_centrality,0.12244897959183673,sequential_ollama/gemma4:e4b_w_interests,0
0.0,degree_centrality,0.12244897959183673,sequential_ollama/gemma4:e4b_w_interests,29
0.0,degree_centrality,0.1020408163265306,sequential_ollama/gemma4:e4b_w_interests,14
0.0,degree_centrality,0.12244897959183673,sequential_ollama/gemma4:e4b_w_interests,24
0.0,degree_centrality,0.1020408163265306,sequential_ollama/gemma4:e4b_w_interests,21
0.0,betweenness_centrality,0.0028559592335102536,sequential_ollama/gemma4:e4b_w_interests,28
0.0,betweenness_centrality,0.0007639044628840546,sequential_ollama/gemma4:e4b_w_interests,10
0.0,betweenness_centrality,0.22370523467462256,sequential_ollama/gemma4:e4b_w_interests,5
0.0,betweenness_centrality,0.0015494874550997001,sequential_ollama/gemma4:e4b_w_interests,34
0.0,betweenness_centrality,0.00047831632653061223,sequential_ollama/gemma4:e4b_w_interests,46
0.0,betweenness_centrality,0.003474563040889571,sequential_ollama/gemma4:e4b_w_interests,22
0.0,betweenness_centrality,0.06208724193418071,sequential_ollama/gemma4:e4b_w_interests,32
0.0,betweenness_centrality,0.0070360372337413156,sequential_ollama/gemma4:e4b_w_interests,15
0.0,betweenness_centrality,0.0023969593803777477,sequential_ollama/gemma4:e4b_w_interests,26
0.0,betweenness_centrality,0.003995080174927113,sequential_ollama/gemma4:e4b_w_interests,11
0.0,betweenness_centrality,0.0036898688046647222,sequential_ollama/gemma4:e4b_w_interests,4
0.0,betweenness_centrality,0.1292855399041624,sequential_ollama/gemma4:e4b_w_interests,44
0.0,betweenness_centrality,0.04232972951085192,sequential_ollama/gemma4:e4b_w_interests,37
0.0,betweenness_centrality,0.005726731460149827,sequential_ollama/gemma4:e4b_w_interests,7
0.0,betweenness_centrality,0.010728574854850365,sequential_ollama/gemma4:e4b_w_interests,8
0.0,betweenness_centrality,0.0012508254217437889,sequential_ollama/gemma4:e4b_w_interests,49
0.0,betweenness_centrality,0.0004378888307459735,sequential_ollama/gemma4:e4b_w_interests,20
0.0,betweenness_centrality,0.0008634270113861948,sequential_ollama/gemma4:e4b_w_interests,13
0.0,betweenness_centrality,0.002760157925974252,sequential_ollama/gemma4:e4b_w_interests,42
0.0,betweenness_centrality,0.010300852775342572,sequential_ollama/gemma4:e4b_w_interests,27
0.0,betweenness_centrality,0.0032811812148546837,sequential_ollama/gemma4:e4b_w_interests,38
0.0,betweenness_centrality,0.055283877777222934,sequential_ollama/gemma4:e4b_w_interests,41
0.0,betweenness_centrality,0.005139670071458004,sequential_ollama/gemma4:e4b_w_interests,16
0.0,betweenness_centrality,0.09568772150571174,sequential_ollama/gemma4:e4b_w_interests,9
0.0,betweenness_centrality,0.013753123765878865,sequential_ollama/gemma4:e4b_w_interests,30
0.0,betweenness_centrality,0.06839118294863639,sequential_ollama/gemma4:e4b_w_interests,43
0.0,betweenness_centrality,0.022200612431867973,sequential_ollama/gemma4:e4b_w_interests,33
0.0,betweenness_centrality,0.017207267534463628,sequential_ollama/gemma4:e4b_w_interests,25
0.0,betweenness_centrality,0.012635758043921308,sequential_ollama/gemma4:e4b_w_interests,47
0.0,betweenness_centrality,0.43552165345089033,sequential_ollama/gemma4:e4b_w_interests,23
0.0,betweenness_centrality,0.004441315199966486,sequential_ollama/gemma4:e4b_w_interests,2
0.0,betweenness_centrality,0.003709630850269715,sequential_ollama/gemma4:e4b_w_interests,40
0.0,betweenness_centrality,0.04641827443236049,sequential_ollama/gemma4:e4b_w_interests,17
0.0,betweenness_centrality,0.00045396898075469503,sequential_ollama/gemma4:e4b_w_interests,31
0.0,betweenness_centrality,0.13586313535293126,sequential_ollama/gemma4:e4b_w_interests,3
0.0,betweenness_centrality,0.023737032709969703,sequential_ollama/gemma4:e4b_w_interests,1
0.0,betweenness_centrality,0.027360444260954454,sequential_ollama/gemma4:e4b_w_interests,19
0.0,betweenness_centrality,0.0057493495076680525,sequential_ollama/gemma4:e4b_w_interests,48
0.0,betweenness_centrality,0.0017770289620333982,sequential_ollama/gemma4:e4b_w_interests,45
0.0,betweenness_centrality,0.013761654067776515,sequential_ollama/gemma4:e4b_w_interests,6
0.0,betweenness_centrality,0.0,sequential_ollama/gemma4:e4b_w_interests,35
0.0,betweenness_centrality,0.020093336491961156,sequential_ollama/gemma4:e4b_w_interests,12
0.0,betweenness_centrality,0.004701530702528928,sequential_ollama/gemma4:e4b_w_interests,36
0.0,betweenness_centrality,0.07183349530288305,sequential_ollama/gemma4:e4b_w_interests,18
0.0,betweenness_centrality,0.0006613756613756612,sequential_ollama/gemma4:e4b_w_interests,39
0.0,betweenness_centrality,0.5085034013605442,sequential_ollama/gemma4:e4b_w_interests,0
0.0,betweenness_centrality,0.00010629251700680272,sequential_ollama/gemma4:e4b_w_interests,29
0.0,betweenness_centrality,0.03032320057608434,sequential_ollama/gemma4:e4b_w_interests,14
0.0,betweenness_centrality,0.008578260363974652,sequential_ollama/gemma4:e4b_w_interests,24
0.0,betweenness_centrality,0.00017006802721088437,sequential_ollama/gemma4:e4b_w_interests,21
0.0,closeness_centrality,0.3181818181818182,sequential_ollama/gemma4:e4b_w_interests,28
0.0,closeness_centrality,0.3141025641025641,sequential_ollama/gemma4:e4b_w_interests,10
0.0,closeness_centrality,0.4083333333333333,sequential_ollama/gemma4:e4b_w_interests,5
0.0,closeness_centrality,0.3181818181818182,sequential_ollama/gemma4:e4b_w_interests,34
0.0,closeness_centrality,0.30625,sequential_ollama/gemma4:e4b_w_interests,46
0.0,closeness_centrality,0.3202614379084967,sequential_ollama/gemma4:e4b_w_interests,22
0.0,closeness_centrality,0.3798449612403101,sequential_ollama/gemma4:e4b_w_interests,32
0.0,closeness_centrality,0.32666666666666666,sequential_ollama/gemma4:e4b_w_interests,15
0.0,closeness_centrality,0.3181818181818182,sequential_ollama/gemma4:e4b_w_interests,26
0.0,closeness_centrality,0.3181818181818182,sequential_ollama/gemma4:e4b_w_interests,11
0.0,closeness_centrality,0.3161290322580645,sequential_ollama/gemma4:e4b_w_interests,4
0.0,closeness_centrality,0.3951612903225806,sequential_ollama/gemma4:e4b_w_interests,44
0.0,closeness_centrality,0.37404580152671757,sequential_ollama/gemma4:e4b_w_interests,37
0.0,closeness_centrality,0.32450331125827814,sequential_ollama/gemma4:e4b_w_interests,7
0.0,closeness_centrality,0.3288590604026846,sequential_ollama/gemma4:e4b_w_interests,8
0.0,closeness_centrality,0.3081761006289308,sequential_ollama/gemma4:e4b_w_interests,49
0.0,closeness_centrality,0.30246913580246915,sequential_ollama/gemma4:e4b_w_interests,20
0.0,closeness_centrality,0.31210191082802546,sequential_ollama/gemma4:e4b_w_interests,13
0.0,closeness_centrality,0.3181818181818182,sequential_ollama/gemma4:e4b_w_interests,42
0.0,closeness_centrality,0.3310810810810811,sequential_ollama/gemma4:e4b_w_interests,27
0.0,closeness_centrality,0.3223684210526316,sequential_ollama/gemma4:e4b_w_interests,38
0.0,closeness_centrality,0.3712121212121212,sequential_ollama/gemma4:e4b_w_interests,41
0.0,closeness_centrality,0.310126582278481,sequential_ollama/gemma4:e4b_w_interests,16
0.0,closeness_centrality,0.3858267716535433,sequential_ollama/gemma4:e4b_w_interests,9
0.0,closeness_centrality,0.3081761006289308,sequential_ollama/gemma4:e4b_w_interests,30
0.0,closeness_centrality,0.3828125,sequential_ollama/gemma4:e4b_w_interests,43
0.0,closeness_centrality,0.3223684210526316,sequential_ollama/gemma4:e4b_w_interests,33
0.0,closeness_centrality,0.310126582278481,sequential_ollama/gemma4:e4b_w_interests,25
0.0,closeness_centrality,0.310126582278481,sequential_ollama/gemma4:e4b_w_interests,47
0.0,closeness_centrality,0.44144144144144143,sequential_ollama/gemma4:e4b_w_interests,23
0.0,closeness_centrality,0.310126582278481,sequential_ollama/gemma4:e4b_w_interests,2
0.0,closeness_centrality,0.296969696969697,sequential_ollama/gemma4:e4b_w_interests,40
0.0,closeness_centrality,0.3223684210526316,sequential_ollama/gemma4:e4b_w_interests,17
0.0,closeness_centrality,0.310126582278481,sequential_ollama/gemma4:e4b_w_interests,31
0.0,closeness_centrality,0.37404580152671757,sequential_ollama/gemma4:e4b_w_interests,3
0.0,closeness_centrality,0.3141025641025641,sequential_ollama/gemma4:e4b_w_interests,1
0.0,closeness_centrality,0.3141025641025641,sequential_ollama/gemma4:e4b_w_interests,19
0.0,closeness_centrality,0.31210191082802546,sequential_ollama/gemma4:e4b_w_interests,48
0.0,closeness_centrality,0.2620320855614973,sequential_ollama/gemma4:e4b_w_interests,45
0.0,closeness_centrality,0.35766423357664234,sequential_ollama/gemma4:e4b_w_interests,6
0.0,closeness_centrality,0.2552083333333333,sequential_ollama/gemma4:e4b_w_interests,35
0.0,closeness_centrality,0.3141025641025641,sequential_ollama/gemma4:e4b_w_interests,12
0.0,closeness_centrality,0.26344086021505375,sequential_ollama/gemma4:e4b_w_interests,36
0.0,closeness_centrality,0.3951612903225806,sequential_ollama/gemma4:e4b_w_interests,18
0.0,closeness_centrality,0.33793103448275863,sequential_ollama/gemma4:e4b_w_interests,39
0.0,closeness_centrality,0.4375,sequential_ollama/gemma4:e4b_w_interests,0
0.0,closeness_centrality,0.30246913580246915,sequential_ollama/gemma4:e4b_w_interests,29
0.0,closeness_centrality,0.3475177304964539,sequential_ollama/gemma4:e4b_w_interests,14
0.0,closeness_centrality,0.35251798561151076,sequential_ollama/gemma4:e4b_w_interests,24
0.0,closeness_centrality,0.25654450261780104,sequential_ollama/gemma4:e4b_w_interests,21
1.0,degree_centrality,0.14285714285714285,sequential_ollama/gemma4:e4b_w_interests,27
1.0,degree_centrality,0.12244897959183673,sequential_ollama/gemma4:e4b_w_interests,20
1.0,degree_centrality,0.24489795918367346,sequential_ollama/gemma4:e4b_w_interests,11
1.0,degree_centrality,0.3469387755102041,sequential_ollama/gemma4:e4b_w_interests,8
1.0,degree_centrality,0.22448979591836732,sequential_ollama/gemma4:e4b_w_interests,46
1.0,degree_centrality,0.4081632653061224,sequential_ollama/gemma4:e4b_w_interests,5
1.0,degree_centrality,0.26530612244897955,sequential_ollama/gemma4:e4b_w_interests,49
1.0,degree_centrality,0.32653061224489793,sequential_ollama/gemma4:e4b_w_interests,26
1.0,degree_centrality,0.4081632653061224,sequential_ollama/gemma4:e4b_w_interests,35
1.0,degree_centrality,0.3469387755102041,sequential_ollama/gemma4:e4b_w_interests,9
1.0,degree_centrality,0.36734693877551017,sequential_ollama/gemma4:e4b_w_interests,12
1.0,degree_centrality,0.22448979591836732,sequential_ollama/gemma4:e4b_w_interests,41
1.0,degree_centrality,0.18367346938775508,sequential_ollama/gemma4:e4b_w_interests,47
1.0,degree_centrality,0.3061224489795918,sequential_ollama/gemma4:e4b_w_interests,1
1.0,degree_centrality,0.24489795918367346,sequential_ollama/gemma4:e4b_w_interests,33
1.0,degree_centrality,0.18367346938775508,sequential_ollama/gemma4:e4b_w_interests,21
1.0,degree_centrality,0.3469387755102041,sequential_ollama/gemma4:e4b_w_interests,30
1.0,degree_centrality,0.18367346938775508,sequential_ollama/gemma4:e4b_w_interests,25
1.0,degree_centrality,0.26530612244897955,sequential_ollama/gemma4:e4b_w_interests,43
1.0,degree_centrality,0.08163265306122448,sequential_ollama/gemma4:e4b_w_interests,23
1.0,degree_centrality,0.24489795918367346,sequential_ollama/gemma4:e4b_w_interests,2
1.0,degree_centrality,0.12244897959183673,sequential_ollama/gemma4:e4b_w_interests,36
1.0,degree_centrality,0.12244897959183673,sequential_ollama/gemma4:e4b_w_interests,3
1.0,degree_centrality,0.26530612244897955,sequential_ollama/gemma4:e4b_w_interests,17
1.0,degree_centrality,0.22448979591836732,sequential_ollama/gemma4:e4b_w_interests,19
1.0,degree_centrality,0.36734693877551017,sequential_ollama/gemma4:e4b_w_interests,48
1.0,degree_centrality,0.2040816326530612,sequential_ollama/gemma4:e4b_w_interests,16
1.0,degree_centrality,0.24489795918367346,sequential_ollama/gemma4:e4b_w_interests,45
1.0,degree_centrality,0.08163265306122448,sequential_ollama/gemma4:e4b_w_interests,14
1.0,degree_centrality,0.12244897959183673,sequential_ollama/gemma4:e4b_w_interests,40
1.0,degree_centrality,0.22448979591836732,sequential_ollama/gemma4:e4b_w_interests,38
1.0,degree_centrality,0.42857142857142855,sequential_ollama/gemma4:e4b_w_interests,28
1.0,degree_centrality,0.3877551020408163,sequential_ollama/gemma4:e4b_w_interests,7
1.0,degree_centrality,0.3877551020408163,sequential_ollama/gemma4:e4b_w_interests,13
1.0,degree_centrality,0.24489795918367346,sequential_ollama/gemma4:e4b_w_interests,34
1.0,degree_centrality,0.3061224489795918,sequential_ollama/gemma4:e4b_w_interests,31
1.0,degree_centrality,0.3061224489795918,sequential_ollama/gemma4:e4b_w_interests,4
1.0,degree_centrality,0.26530612244897955,sequential_ollama/gemma4:e4b_w_interests,42
1.0,degree_centrality,0.36734693877551017,sequential_ollama/gemma4:e4b_w_interests,15
1.0,degree_centrality,0.12244897959183673,sequential_ollama/gemma4:e4b_w_interests,29
1.0,degree_centrality,0.061224489795918366,sequential_ollama/gemma4:e4b_w_interests,39
1.0,degree_centrality,0.061224489795918366,sequential_ollama/gemma4:e4b_w_interests,0
1.0,degree_centrality,0.08163265306122448,sequential_ollama/gemma4:e4b_w_interests,18
1.0,degree_centrality,0.14285714285714285,sequential_ollama/gemma4:e4b_w_interests,24
1.0,degree_centrality,0.1020408163265306,sequential_ollama/gemma4:e4b_w_interests,6
1.0,degree_centrality,0.2040816326530612,sequential_ollama/gemma4:e4b_w_interests,44
1.0,degree_centrality,0.24489795918367346,sequential_ollama/gemma4:e4b_w_interests,22
1.0,degree_centrality,0.2857142857142857,sequential_ollama/gemma4:e4b_w_interests,10
1.0,degree_centrality,0.18367346938775508,sequential_ollama/gemma4:e4b_w_interests,32
1.0,degree_centrality,0.2040816326530612,sequential_ollama/gemma4:e4b_w_interests,37
1.0,betweenness_centrality,0.0036375661375661374,sequential_ollama/gemma4:e4b_w_interests,27
1.0,betweenness_centrality,0.0005962504049238743,sequential_ollama/gemma4:e4b_w_interests,20
1.0,betweenness_centrality,0.1704436247803595,sequential_ollama/gemma4:e4b_w_interests,11
1.0,betweenness_centrality,0.012757188012290055,sequential_ollama/gemma4:e4b_w_interests,8
1.0,betweenness_centrality,0.0023509205269409347,sequential_ollama/gemma4:e4b_w_interests,46
1.0,betweenness_centrality,0.015889918377163265,sequential_ollama/gemma4:e4b_w_interests,5
1.0,betweenness_centrality,0.00619432296728215,sequential_ollama/gemma4:e4b_w_interests,49
1.0,betweenness_centrality,0.011695919348980574,sequential_ollama/gemma4:e4b_w_interests,26
1.0,betweenness_centrality,0.14465923815413614,sequential_ollama/gemma4:e4b_w_interests,35
1.0,betweenness_centrality,0.016771609437425762,sequential_ollama/gemma4:e4b_w_interests,9
1.0,betweenness_centrality,0.5187942655417145,sequential_ollama/gemma4:e4b_w_interests,12
1.0,betweenness_centrality,0.004815894611812983,sequential_ollama/gemma4:e4b_w_interests,41
1.0,betweenness_centrality,0.014216570466570468,sequential_ollama/gemma4:e4b_w_interests,47
1.0,betweenness_centrality,0.013842997516466912,sequential_ollama/gemma4:e4b_w_interests,1
1.0,betweenness_centrality,0.0024150334737069413,sequential_ollama/gemma4:e4b_w_interests,33
1.0,betweenness_centrality,0.007584224165856816,sequential_ollama/gemma4:e4b_w_interests,21
1.0,betweenness_centrality,0.023216709122321384,sequential_ollama/gemma4:e4b_w_interests,30
1.0,betweenness_centrality,0.0015188019652305365,sequential_ollama/gemma4:e4b_w_interests,25
1.0,betweenness_centrality,0.003502254076233668,sequential_ollama/gemma4:e4b_w_interests,43
1.0,betweenness_centrality,0.015525149453720886,sequential_ollama/gemma4:e4b_w_interests,23
1.0,betweenness_centrality,0.007267432586310137,sequential_ollama/gemma4:e4b_w_interests,2
1.0,betweenness_centrality,0.000215959399632869,sequential_ollama/gemma4:e4b_w_interests,36
1.0,betweenness_centrality,0.102020570132815,sequential_ollama/gemma4:e4b_w_interests,3
1.0,betweenness_centrality,0.005521198378341239,sequential_ollama/gemma4:e4b_w_interests,17
1.0,betweenness_centrality,0.009846061440449198,sequential_ollama/gemma4:e4b_w_interests,19
1.0,betweenness_centrality,0.08243789940218511,sequential_ollama/gemma4:e4b_w_interests,48
1.0,betweenness_centrality,0.0023688046647230305,sequential_ollama/gemma4:e4b_w_interests,16
1.0,betweenness_centrality,0.0069123879710614395,sequential_ollama/gemma4:e4b_w_interests,45
1.0,betweenness_centrality,0.0032725211296639866,sequential_ollama/gemma4:e4b_w_interests,14
1.0,betweenness_centrality,0.008568189180434073,sequential_ollama/gemma4:e4b_w_interests,40
1.0,betweenness_centrality,0.0011260564831993402,sequential_ollama/gemma4:e4b_w_interests,38
1.0,betweenness_centrality,0.023084096553484316,sequential_ollama/gemma4:e4b_w_interests,28
1.0,betweenness_centrality,0.01145232082732083,sequential_ollama/gemma4:e4b_w_interests,7
1.0,betweenness_centrality,0.010229788163461635,sequential_ollama/gemma4:e4b_w_interests,13
1.0,betweenness_centrality,0.0011520390984676699,sequential_ollama/gemma4:e4b_w_interests,34
1.0,betweenness_centrality,0.0020736090251396375,sequential_ollama/gemma4:e4b_w_interests,31
1.0,betweenness_centrality,0.006697471557165437,sequential_ollama/gemma4:e4b_w_interests,4
1.0,betweenness_centrality,0.0018326793199242182,sequential_ollama/gemma4:e4b_w_interests,42
1.0,betweenness_centrality,0.3187773937136183,sequential_ollama/gemma4:e4b_w_interests,15
1.0,betweenness_centrality,7.730364873222017e-05,sequential_ollama/gemma4:e4b_w_interests,29
1.0,betweenness_centrality,0.0,sequential_ollama/gemma4:e4b_w_interests,39
1.0,betweenness_centrality,0.0,sequential_ollama/gemma4:e4b_w_interests,0
1.0,betweenness_centrality,0.0015589569160997733,sequential_ollama/gemma4:e4b_w_interests,18
1.0,betweenness_centrality,0.0010416666666666667,sequential_ollama/gemma4:e4b_w_interests,24
1.0,betweenness_centrality,0.0038913184321347567,sequential_ollama/gemma4:e4b_w_interests,6
1.0,betweenness_centrality,0.002465311521433971,sequential_ollama/gemma4:e4b_w_interests,44
1.0,betweenness_centrality,0.0009286560944724211,sequential_ollama/gemma4:e4b_w_interests,22
1.0,betweenness_centrality,0.008474719252780472,sequential_ollama/gemma4:e4b_w_interests,10
1.0,betweenness_centrality,9.448223733938019e-05,sequential_ollama/gemma4:e4b_w_interests,32
1.0,betweenness_centrality,0.0018289061656408595,sequential_ollama/gemma4:e4b_w_interests,37
1.0,closeness_centrality,0.3769230769230769,sequential_ollama/gemma4:e4b_w_interests,27
1.0,closeness_centrality,0.310126582278481,sequential_ollama/gemma4:e4b_w_interests,20
1.0,closeness_centrality,0.494949494949495,sequential_ollama/gemma4:e4b_w_interests,11
1.0,closeness_centrality,0.4083333333333333,sequential_ollama/gemma4:e4b_w_interests,8
1.0,closeness_centrality,0.3888888888888889,sequential_ollama/gemma4:e4b_w_interests,46
1.0,closeness_centrality,0.4188034188034188,sequential_ollama/gemma4:e4b_w_interests,5
1.0,closeness_centrality,0.3951612903225806,sequential_ollama/gemma4:e4b_w_interests,49
1.0,closeness_centrality,0.4049586776859504,sequential_ollama/gemma4:e4b_w_interests,26
1.0,closeness_centrality,0.48514851485148514,sequential_ollama/gemma4:e4b_w_interests,35
1.0,closeness_centrality,0.45794392523364486,sequential_ollama/gemma4:e4b_w_interests,9
1.0,closeness_centrality,0.5764705882352941,sequential_ollama/gemma4:e4b_w_interests,12
1.0,closeness_centrality,0.4336283185840708,sequential_ollama/gemma4:e4b_w_interests,41
1.0,closeness_centrality,0.4260869565217391,sequential_ollama/gemma4:e4b_w_interests,47
1.0,closeness_centrality,0.44954128440366975,sequential_ollama/gemma4:e4b_w_interests,1
1.0,closeness_centrality,0.4375,sequential_ollama/gemma4:e4b_w_interests,33
1.0,closeness_centrality,0.4260869565217391,sequential_ollama/gemma4:e4b_w_interests,21
1.0,closeness_centrality,0.45794392523364486,sequential_ollama/gemma4:e4b_w_interests,30
1.0,closeness_centrality,0.35507246376811596,sequential_ollama/gemma4:e4b_w_interests,25
1.0,closeness_centrality,0.3656716417910448,sequential_ollama/gemma4:e4b_w_interests,43
1.0,closeness_centrality,0.34507042253521125,sequential_ollama/gemma4:e4b_w_interests,23
1.0,closeness_centrality,0.4375,sequential_ollama/gemma4:e4b_w_interests,2
1.0,closeness_centrality,0.34507042253521125,sequential_ollama/gemma4:e4b_w_interests,36
1.0,closeness_centrality,0.35251798561151076,sequential_ollama/gemma4:e4b_w_interests,3
1.0,closeness_centrality,0.44144144144144143,sequential_ollama/gemma4:e4b_w_interests,17
1.0,closeness_centrality,0.4336283185840708,sequential_ollama/gemma4:e4b_w_interests,19
1.0,closeness_centrality,0.47572815533980584,sequential_ollama/gemma4:e4b_w_interests,48
1.0,closeness_centrality,0.4298245614035088,sequential_ollama/gemma4:e4b_w_interests,16
1.0,closeness_centrality,0.4375,sequential_ollama/gemma4:e4b_w_interests,45
1.0,closeness_centrality,0.34265734265734266,sequential_ollama/gemma4:e4b_w_interests,14
1.0,closeness_centrality,0.4049586776859504,sequential_ollama/gemma4:e4b_w_interests,40
1.0,closeness_centrality,0.3888888888888889,sequential_ollama/gemma4:e4b_w_interests,38
1.0,closeness_centrality,0.4224137931034483,sequential_ollama/gemma4:e4b_w_interests,28
1.0,closeness_centrality,0.4152542372881356,sequential_ollama/gemma4:e4b_w_interests,7
1.0,closeness_centrality,0.4152542372881356,sequential_ollama/gemma4:e4b_w_interests,13
1.0,closeness_centrality,0.392,sequential_ollama/gemma4:e4b_w_interests,34
1.0,closeness_centrality,0.4016393442622951,sequential_ollama/gemma4:e4b_w_interests,31
1.0,closeness_centrality,0.4016393442622951,sequential_ollama/gemma4:e4b_w_interests,4
1.0,closeness_centrality,0.3951612903225806,sequential_ollama/gemma4:e4b_w_interests,42
1.0,closeness_centrality,0.5268817204301075,sequential_ollama/gemma4:e4b_w_interests,15
1.0,closeness_centrality,0.37404580152671757,sequential_ollama/gemma4:e4b_w_interests,29
1.0,closeness_centrality,0.2648648648648649,sequential_ollama/gemma4:e4b_w_interests,39
1.0,closeness_centrality,0.2648648648648649,sequential_ollama/gemma4:e4b_w_interests,0
1.0,closeness_centrality,0.2692307692307692,sequential_ollama/gemma4:e4b_w_interests,18
1.0,closeness_centrality,0.34507042253521125,sequential_ollama/gemma4:e4b_w_interests,24
1.0,closeness_centrality,0.4049586776859504,sequential_ollama/gemma4:e4b_w_interests,6
1.0,closeness_centrality,0.3858267716535433,sequential_ollama/gemma4:e4b_w_interests,44
1.0,closeness_centrality,0.392,sequential_ollama/gemma4:e4b_w_interests,22
1.0,closeness_centrality,0.3983739837398374,sequential_ollama/gemma4:e4b_w_interests,10
1.0,closeness_centrality,0.3161290322580645,sequential_ollama/gemma4:e4b_w_interests,32
1.0,closeness_centrality,0.3858267716535433,sequential_ollama/gemma4:e4b_w_interests,37
2.0,degree_centrality,0.08163265306122448,sequential_ollama/gemma4:e4b_w_interests,36
2.0,degree_centrality,0.4081632653061224,sequential_ollama/gemma4:e4b_w_interests,12
2.0,degree_centrality,0.16326530612244897,sequential_ollama/gemma4:e4b_w_interests,21
2.0,degree_centrality,0.2857142857142857,sequential_ollama/gemma4:e4b_w_interests,25
2.0,degree_centrality,0.2857142857142857,sequential_ollama/gemma4:e4b_w_interests,19
2.0,degree_centrality,0.14285714285714285,sequential_ollama/gemma4:e4b_w_interests,47
2.0,degree_centrality,0.12244897959183673,sequential_ollama/gemma4:e4b_w_interests,6
2.0,degree_centrality,0.16326530612244897,sequential_ollama/gemma4:e4b_w_interests,40
2.0,degree_centrality,0.3061224489795918,sequential_ollama/gemma4:e4b_w_interests,33
2.0,degree_centrality,0.3469387755102041,sequential_ollama/gemma4:e4b_w_interests,43
2.0,degree_centrality,0.18367346938775508,sequential_ollama/gemma4:e4b_w_interests,41
2.0,degree_centrality,0.18367346938775508,sequential_ollama/gemma4:e4b_w_interests,24
2.0,degree_centrality,0.3877551020408163,sequential_ollama/gemma4:e4b_w_interests,28
2.0,degree_centrality,0.44897959183673464,sequential_ollama/gemma4:e4b_w_interests,15
2.0,degree_centrality,0.24489795918367346,sequential_ollama/gemma4:e4b_w_interests,37
2.0,degree_centrality,0.36734693877551017,sequential_ollama/gemma4:e4b_w_interests,8
2.0,degree_centrality,0.26530612244897955,sequential_ollama/gemma4:e4b_w_interests,32
2.0,degree_centrality,0.2857142857142857,sequential_ollama/gemma4:e4b_w_interests,38
2.0,degree_centrality,0.3061224489795918,sequential_ollama/gemma4:e4b_w_interests,22
2.0,degree_centrality,0.3877551020408163,sequential_ollama/gemma4:e4b_w_interests,4
2.0,degree_centrality,0.36734693877551017,sequential_ollama/gemma4:e4b_w_interests,7
2.0,degree_centrality,0.3061224489795918,sequential_ollama/gemma4:e4b_w_interests,44
2.0,degree_centrality,0.26530612244897955,sequential_ollama/gemma4:e4b_w_interests,11
2.0,degree_centrality,0.3061224489795918,sequential_ollama/gemma4:e4b_w_interests,20
2.0,degree_centrality,0.26530612244897955,sequential_ollama/gemma4:e4b_w_interests,31
2.0,degree_centrality,0.4081632653061224,sequential_ollama/gemma4:e4b_w_interests,10
2.0,degree_centrality,0.3469387755102041,sequential_ollama/gemma4:e4b_w_interests,34
2.0,degree_centrality,0.4693877551020408,sequential_ollama/gemma4:e4b_w_interests,5
2.0,degree_centrality,0.2857142857142857,sequential_ollama/gemma4:e4b_w_interests,42
2.0,degree_centrality,0.32653061224489793,sequential_ollama/gemma4:e4b_w_interests,26
2.0,degree_centrality,0.32653061224489793,sequential_ollama/gemma4:e4b_w_interests,46
2.0,degree_centrality,0.24489795918367346,sequential_ollama/gemma4:e4b_w_interests,49
2.0,degree_centrality,0.24489795918367346,sequential_ollama/gemma4:e4b_w_interests,9
2.0,degree_centrality,0.32653061224489793,sequential_ollama/gemma4:e4b_w_interests,30
2.0,degree_centrality,0.32653061224489793,sequential_ollama/gemma4:e4b_w_interests,2
2.0,degree_centrality,0.18367346938775508,sequential_ollama/gemma4:e4b_w_interests,16
2.0,degree_centrality,0.2857142857142857,sequential_ollama/gemma4:e4b_w_interests,48
2.0,degree_centrality,0.2040816326530612,sequential_ollama/gemma4:e4b_w_interests,13
2.0,degree_centrality,0.18367346938775508,sequential_ollama/gemma4:e4b_w_interests,0
2.0,degree_centrality,0.1020408163265306,sequential_ollama/gemma4:e4b_w_interests,39
2.0,degree_centrality,0.061224489795918366,sequential_ollama/gemma4:e4b_w_interests,3
2.0,degree_centrality,0.18367346938775508,sequential_ollama/gemma4:e4b_w_interests,29
2.0,degree_centrality,0.061224489795918366,sequential_ollama/gemma4:e4b_w_interests,18
2.0,degree_centrality,0.08163265306122448,sequential_ollama/gemma4:e4b_w_interests,23
2.0,degree_centrality,0.08163265306122448,sequential_ollama/gemma4:e4b_w_interests,14
2.0,degree_centrality,0.16326530612244897,sequential_ollama/gemma4:e4b_w_interests,45
2.0,degree_centrality,0.22448979591836732,sequential_ollama/gemma4:e4b_w_interests,1
2.0,degree_centrality,0.24489795918367346,sequential_ollama/gemma4:e4b_w_interests,17
2.0,degree_centrality,0.18367346938775508,sequential_ollama/gemma4:e4b_w_interests,35
2.0,degree_centrality,0.1020408163265306,sequential_ollama/gemma4:e4b_w_interests,27
2.0,betweenness_centrality,0.0,sequential_ollama/gemma4:e4b_w_interests,36
2.0,betweenness_centrality,0.04718206238699714,sequential_ollama/gemma4:e4b_w_interests,12
2.0,betweenness_centrality,0.0009276437847866418,sequential_ollama/gemma4:e4b_w_interests,21
2.0,betweenness_centrality,0.017928919657439195,sequential_ollama/gemma4:e4b_w_interests,25
2.0,betweenness_centrality,0.01764682269166876,sequential_ollama/gemma4:e4b_w_interests,19
2.0,betweenness_centrality,0.005167512853033359,sequential_ollama/gemma4:e4b_w_interests,47
2.0,betweenness_centrality,0.004371837440011008,sequential_ollama/gemma4:e4b_w_interests,6
2.0,betweenness_centrality,0.044399740747058165,sequential_ollama/gemma4:e4b_w_interests,40
2.0,betweenness_centrality,0.005388101661393586,sequential_ollama/gemma4:e4b_w_interests,33
2.0,betweenness_centrality,0.40631060216880016,sequential_ollama/gemma4:e4b_w_interests,43
2.0,betweenness_centrality,0.0008361678004535146,sequential_ollama/gemma4:e4b_w_interests,41
2.0,betweenness_centrality,0.004771954087206503,sequential_ollama/gemma4:e4b_w_interests,24
2.0,betweenness_centrality,0.004067856746428176,sequential_ollama/gemma4:e4b_w_interests,28
2.0,betweenness_centrality,0.07381563086854911,sequential_ollama/gemma4:e4b_w_interests,15
2.0,betweenness_centrality,0.019100965216284727,sequential_ollama/gemma4:e4b_w_interests,37
2.0,betweenness_centrality,0.015467891023032435,sequential_ollama/gemma4:e4b_w_interests,8
2.0,betweenness_centrality,0.006327996604651623,sequential_ollama/gemma4:e4b_w_interests,32
2.0,betweenness_centrality,0.022840513111445325,sequential_ollama/gemma4:e4b_w_interests,38
2.0,betweenness_centrality,0.0022179799603268993,sequential_ollama/gemma4:e4b_w_interests,22
2.0,betweenness_centrality,0.038215473535905806,sequential_ollama/gemma4:e4b_w_interests,4
2.0,betweenness_centrality,0.034712545890590966,sequential_ollama/gemma4:e4b_w_interests,7
2.0,betweenness_centrality,0.03219262663299984,sequential_ollama/gemma4:e4b_w_interests,44
2.0,betweenness_centrality,0.0020836802086802086,sequential_ollama/gemma4:e4b_w_interests,11
2.0,betweenness_centrality,0.003314514283902039,sequential_ollama/gemma4:e4b_w_interests,20
2.0,betweenness_centrality,0.000708154279582851,sequential_ollama/gemma4:e4b_w_interests,31
2.0,betweenness_centrality,0.018154342222507263,sequential_ollama/gemma4:e4b_w_interests,10
2.0,betweenness_centrality,0.002682587631567223,sequential_ollama/gemma4:e4b_w_interests,34
2.0,betweenness_centrality,0.10318071023362847,sequential_ollama/gemma4:e4b_w_interests,5
2.0,betweenness_centrality,0.0212261838118314,sequential_ollama/gemma4:e4b_w_interests,42
2.0,betweenness_centrality,0.00517643024020575,sequential_ollama/gemma4:e4b_w_interests,26
2.0,betweenness_centrality,0.002218980471531492,sequential_ollama/gemma4:e4b_w_interests,46
2.0,betweenness_centrality,0.0015197104482818768,sequential_ollama/gemma4:e4b_w_interests,49
2.0,betweenness_centrality,0.002960889795406211,sequential_ollama/gemma4:e4b_w_interests,9
2.0,betweenness_centrality,0.02069776737028916,sequential_ollama/gemma4:e4b_w_interests,30
2.0,betweenness_centrality,0.057716809422106614,sequential_ollama/gemma4:e4b_w_interests,2
2.0,betweenness_centrality,0.00010629251700680272,sequential_ollama/gemma4:e4b_w_interests,16
2.0,betweenness_centrality,0.006768103560154814,sequential_ollama/gemma4:e4b_w_interests,48
2.0,betweenness_centrality,0.0003781932353360925,sequential_ollama/gemma4:e4b_w_interests,13
2.0,betweenness_centrality,0.10270640055561935,sequential_ollama/gemma4:e4b_w_interests,0
2.0,betweenness_centrality,0.08003536012131704,sequential_ollama/gemma4:e4b_w_interests,39
2.0,betweenness_centrality,0.01020408163265306,sequential_ollama/gemma4:e4b_w_interests,3
2.0,betweenness_centrality,0.40005712910632085,sequential_ollama/gemma4:e4b_w_interests,29
2.0,betweenness_centrality,0.002362312678694666,sequential_ollama/gemma4:e4b_w_interests,18
2.0,betweenness_centrality,0.027009176613990084,sequential_ollama/gemma4:e4b_w_interests,23
2.0,betweenness_centrality,0.04269302838851299,sequential_ollama/gemma4:e4b_w_interests,14
2.0,betweenness_centrality,0.001047317728772919,sequential_ollama/gemma4:e4b_w_interests,45
2.0,betweenness_centrality,0.006901740026568102,sequential_ollama/gemma4:e4b_w_interests,1
2.0,betweenness_centrality,0.011144218497605881,sequential_ollama/gemma4:e4b_w_interests,17
2.0,betweenness_centrality,0.002850958416210833,sequential_ollama/gemma4:e4b_w_interests,35
2.0,betweenness_centrality,0.0,sequential_ollama/gemma4:e4b_w_interests,27
2.0,closeness_centrality,0.296969696969697,sequential_ollama/gemma4:e4b_w_interests,36
2.0,closeness_centrality,0.4083333333333333,sequential_ollama/gemma4:e4b_w_interests,12
2.0,closeness_centrality,0.30434782608695654,sequential_ollama/gemma4:e4b_w_interests,21
2.0,closeness_centrality,0.3828125,sequential_ollama/gemma4:e4b_w_interests,25
2.0,closeness_centrality,0.3828125,sequential_ollama/gemma4:e4b_w_interests,19
2.0,closeness_centrality,0.3684210526315789,sequential_ollama/gemma4:e4b_w_interests,47
2.0,closeness_centrality,0.3656716417910448,sequential_ollama/gemma4:e4b_w_interests,6
2.0,closeness_centrality,0.3310810810810811,sequential_ollama/gemma4:e4b_w_interests,40
2.0,closeness_centrality,0.3858267716535433,sequential_ollama/gemma4:e4b_w_interests,33
2.0,closeness_centrality,0.4803921568627451,sequential_ollama/gemma4:e4b_w_interests,43
2.0,closeness_centrality,0.3684210526315789,sequential_ollama/gemma4:e4b_w_interests,41
2.0,closeness_centrality,0.3602941176470588,sequential_ollama/gemma4:e4b_w_interests,24
2.0,closeness_centrality,0.3712121212121212,sequential_ollama/gemma4:e4b_w_interests,28
2.0,closeness_centrality,0.47572815533980584,sequential_ollama/gemma4:e4b_w_interests,15
2.0,closeness_centrality,0.4336283185840708,sequential_ollama/gemma4:e4b_w_interests,37
2.0,closeness_centrality,0.3858267716535433,sequential_ollama/gemma4:e4b_w_interests,8
2.0,closeness_centrality,0.3712121212121212,sequential_ollama/gemma4:e4b_w_interests,32
2.0,closeness_centrality,0.4224137931034483,sequential_ollama/gemma4:e4b_w_interests,38
2.0,closeness_centrality,0.3602941176470588,sequential_ollama/gemma4:e4b_w_interests,22
2.0,closeness_centrality,0.44144144144144143,sequential_ollama/gemma4:e4b_w_interests,4
2.0,closeness_centrality,0.4375,sequential_ollama/gemma4:e4b_w_interests,7
2.0,closeness_centrality,0.44545454545454544,sequential_ollama/gemma4:e4b_w_interests,44
2.0,closeness_centrality,0.35507246376811596,sequential_ollama/gemma4:e4b_w_interests,11
2.0,closeness_centrality,0.3602941176470588,sequential_ollama/gemma4:e4b_w_interests,20
2.0,closeness_centrality,0.35507246376811596,sequential_ollama/gemma4:e4b_w_interests,31
2.0,closeness_centrality,0.392,sequential_ollama/gemma4:e4b_w_interests,10
2.0,closeness_centrality,0.3656716417910448,sequential_ollama/gemma4:e4b_w_interests,34
2.0,closeness_centrality,0.4803921568627451,sequential_ollama/gemma4:e4b_w_interests,5
2.0,closeness_centrality,0.4224137931034483,sequential_ollama/gemma4:e4b_w_interests,42
2.0,closeness_centrality,0.362962962962963,sequential_ollama/gemma4:e4b_w_interests,26
2.0,closeness_centrality,0.362962962962963,sequential_ollama/gemma4:e4b_w_interests,46
2.0,closeness_centrality,0.35251798561151076,sequential_ollama/gemma4:e4b_w_interests,49
2.0,closeness_centrality,0.3769230769230769,sequential_ollama/gemma4:e4b_w_interests,9
2.0,closeness_centrality,0.3951612903225806,sequential_ollama/gemma4:e4b_w_interests,30
2.0,closeness_centrality,0.4049586776859504,sequential_ollama/gemma4:e4b_w_interests,2
2.0,closeness_centrality,0.3684210526315789,sequential_ollama/gemma4:e4b_w_interests,16
2.0,closeness_centrality,0.3828125,sequential_ollama/gemma4:e4b_w_interests,48
2.0,closeness_centrality,0.3475177304964539,sequential_ollama/gemma4:e4b_w_interests,13
2.0,closeness_centrality,0.3769230769230769,sequential_ollama/gemma4:e4b_w_interests,0
2.0,closeness_centrality,0.37404580152671757,sequential_ollama/gemma4:e4b_w_interests,39
2.0,closeness_centrality,0.3181818181818182,sequential_ollama/gemma4:e4b_w_interests,3
2.0,closeness_centrality,0.49,sequential_ollama/gemma4:e4b_w_interests,29
2.0,closeness_centrality,0.2916666666666667,sequential_ollama/gemma4:e4b_w_interests,18
2.0,closeness_centrality,0.3333333333333333,sequential_ollama/gemma4:e4b_w_interests,23
2.0,closeness_centrality,0.362962962962963,sequential_ollama/gemma4:e4b_w_interests,14
2.0,closeness_centrality,0.31210191082802546,sequential_ollama/gemma4:e4b_w_interests,45
2.0,closeness_centrality,0.37404580152671757,sequential_ollama/gemma4:e4b_w_interests,1
2.0,closeness_centrality,0.3828125,sequential_ollama/gemma4:e4b_w_interests,17
2.0,closeness_centrality,0.3684210526315789,sequential_ollama/gemma4:e4b_w_interests,35
2.0,closeness_centrality,0.3356164383561644,sequential_ollama/gemma4:e4b_w_interests,27
3.0,degree_centrality,0.16326530612244897,sequential_ollama/gemma4:e4b_w_interests,12
3.0,degree_centrality,0.12244897959183673,sequential_ollama/gemma4:e4b_w_interests,35
3.0,degree_centrality,0.3061224489795918,sequential_ollama/gemma4:e4b_w_interests,19
3.0,degree_centrality,0.18367346938775508,sequential_ollama/gemma4:e4b_w_interests,47
3.0,degree_centrality,0.3061224489795918,sequential_ollama/gemma4:e4b_w_interests,43
3.0,degree_centrality,0.24489795918367346,sequential_ollama/gemma4:e4b_w_interests,16
3.0,degree_centrality,0.18367346938775508,sequential_ollama/gemma4:e4b_w_interests,21
3.0,degree_centrality,0.22448979591836732,sequential_ollama/gemma4:e4b_w_interests,45
3.0,degree_centrality,0.24489795918367346,sequential_ollama/gemma4:e4b_w_interests,40
3.0,degree_centrality,0.08163265306122448,sequential_ollama/gemma4:e4b_w_interests,39
3.0,degree_centrality,0.061224489795918366,sequential_ollama/gemma4:e4b_w_interests,3
3.0,degree_centrality,0.26530612244897955,sequential_ollama/gemma4:e4b_w_interests,0
3.0,degree_centrality,0.08163265306122448,sequential_ollama/gemma4:e4b_w_interests,18
3.0,degree_centrality,0.14285714285714285,sequential_ollama/gemma4:e4b_w_interests,23
3.0,degree_centrality,0.16326530612244897,sequential_ollama/gemma4:e4b_w_interests,9
3.0,degree_centrality,0.2857142857142857,sequential_ollama/gemma4:e4b_w_interests,2
3.0,degree_centrality,0.26530612244897955,sequential_ollama/gemma4:e4b_w_interests,33
3.0,degree_centrality,0.24489795918367346,sequential_ollama/gemma4:e4b_w_interests,48
3.0,degree_centrality,0.18367346938775508,sequential_ollama/gemma4:e4b_w_interests,24
3.0,degree_centrality,0.18367346938775508,sequential_ollama/gemma4:e4b_w_interests,41
3.0,degree_centrality,0.26530612244897955,sequential_ollama/gemma4:e4b_w_interests,30
3.0,degree_centrality,0.22448979591836732,sequential_ollama/gemma4:e4b_w_interests,6
3.0,degree_centrality,0.32653061224489793,sequential_ollama/gemma4:e4b_w_interests,31
3.0,degree_centrality,0.3877551020408163,sequential_ollama/gemma4:e4b_w_interests,11
3.0,degree_centrality,0.36734693877551017,sequential_ollama/gemma4:e4b_w_interests,22
3.0,degree_centrality,0.4081632653061224,sequential_ollama/gemma4:e4b_w_interests,13
3.0,degree_centrality,0.42857142857142855,sequential_ollama/gemma4:e4b_w_interests,5
3.0,degree_centrality,0.2857142857142857,sequential_ollama/gemma4:e4b_w_interests,4
3.0,degree_centrality,0.4693877551020408,sequential_ollama/gemma4:e4b_w_interests,42
3.0,degree_centrality,0.2857142857142857,sequential_ollama/gemma4:e4b_w_interests,27
3.0,degree_centrality,0.3877551020408163,sequential_ollama/gemma4:e4b_w_interests,34
3.0,degree_centrality,0.32653061224489793,sequential_ollama/gemma4:e4b_w_interests,49
3.0,degree_centrality,0.4081632653061224,sequential_ollama/gemma4:e4b_w_interests,15
3.0,degree_centrality,0.44897959183673464,sequential_ollama/gemma4:e4b_w_interests,7
3.0,degree_centrality,0.32653061224489793,sequential_ollama/gemma4:e4b_w_interests,38
3.0,degree_centrality,0.3877551020408163,sequential_ollama/gemma4:e4b_w_interests,28
3.0,degree_centrality,0.4081632653061224,sequential_ollama/gemma4:e4b_w_interests,10
3.0,degree_centrality,0.3061224489795918,sequential_ollama/gemma4:e4b_w_interests,20
3.0,degree_centrality,0.3061224489795918,sequential_ollama/gemma4:e4b_w_interests,26
3.0,degree_centrality,0.26530612244897955,sequential_ollama/gemma4:e4b_w_interests,37
3.0,degree_centrality,0.2857142857142857,sequential_ollama/gemma4:e4b_w_interests,8
3.0,degree_centrality,0.3061224489795918,sequential_ollama/gemma4:e4b_w_interests,44
3.0,degree_centrality,0.3061224489795918,sequential_ollama/gemma4:e4b_w_interests,32
3.0,degree_centrality,0.14285714285714285,sequential_ollama/gemma4:e4b_w_interests,1
3.0,degree_centrality,0.16326530612244897,sequential_ollama/gemma4:e4b_w_interests,17
3.0,degree_centrality,0.16326530612244897,sequential_ollama/gemma4:e4b_w_interests,36
3.0,degree_centrality,0.14285714285714285,sequential_ollama/gemma4:e4b_w_interests,25
3.0,degree_centrality,0.1020408163265306,sequential_ollama/gemma4:e4b_w_interests,14
3.0,degree_centrality,0.26530612244897955,sequential_ollama/gemma4:e4b_w_interests,46
3.0,degree_centrality,0.1020408163265306,sequential_ollama/gemma4:e4b_w_interests,29
3.0,betweenness_centrality,0.006943865981766855,sequential_ollama/gemma4:e4b_w_interests,12
3.0,betweenness_centrality,0.11262712056047872,sequential_ollama/gemma4:e4b_w_interests,35
3.0,betweenness_centrality,0.027287262306385434,sequential_ollama/gemma4:e4b_w_interests,19
3.0,betweenness_centrality,0.0018100097181729833,sequential_ollama/gemma4:e4b_w_interests,47
3.0,betweenness_centrality,0.040422492268696715,sequential_ollama/gemma4:e4b_w_interests,43
3.0,betweenness_centrality,0.1871979173702319,sequential_ollama/gemma4:e4b_w_interests,16
3.0,betweenness_centrality,0.004703018131922301,sequential_ollama/gemma4:e4b_w_interests,21
3.0,betweenness_centrality,0.014647277240395802,sequential_ollama/gemma4:e4b_w_interests,45
3.0,betweenness_centrality,0.0423885651727417,sequential_ollama/gemma4:e4b_w_interests,40
3.0,betweenness_centrality,0.04579772065997709,sequential_ollama/gemma4:e4b_w_interests,39
3.0,betweenness_centrality,0.0,sequential_ollama/gemma4:e4b_w_interests,3
3.0,betweenness_centrality,0.11308534001178627,sequential_ollama/gemma4:e4b_w_interests,0
3.0,betweenness_centrality,0.04579772065997709,sequential_ollama/gemma4:e4b_w_interests,18
3.0,betweenness_centrality,0.16473920906170506,sequential_ollama/gemma4:e4b_w_interests,23
3.0,betweenness_centrality,0.0004251700680272108,sequential_ollama/gemma4:e4b_w_interests,9
3.0,betweenness_centrality,0.010084365008943535,sequential_ollama/gemma4:e4b_w_interests,2
3.0,betweenness_centrality,0.02220414420863365,sequential_ollama/gemma4:e4b_w_interests,33
3.0,betweenness_centrality,0.012644760285066406,sequential_ollama/gemma4:e4b_w_interests,48
3.0,betweenness_centrality,0.017836183596934327,sequential_ollama/gemma4:e4b_w_interests,24
3.0,betweenness_centrality,0.001063937479753806,sequential_ollama/gemma4:e4b_w_interests,41
3.0,betweenness_centrality,0.020278050921253444,sequential_ollama/gemma4:e4b_w_interests,30
3.0,betweenness_centrality,0.008419086153936871,sequential_ollama/gemma4:e4b_w_interests,6
3.0,betweenness_centrality,0.002182183368407858,sequential_ollama/gemma4:e4b_w_interests,31
3.0,betweenness_centrality,0.011793883549711661,sequential_ollama/gemma4:e4b_w_interests,11
3.0,betweenness_centrality,0.010809444872219217,sequential_ollama/gemma4:e4b_w_interests,22
3.0,betweenness_centrality,0.010170599154332919,sequential_ollama/gemma4:e4b_w_interests,13
3.0,betweenness_centrality,0.01516431582057138,sequential_ollama/gemma4:e4b_w_interests,5
3.0,betweenness_centrality,0.004149047620506339,sequential_ollama/gemma4:e4b_w_interests,4
3.0,betweenness_centrality,0.02901119331368082,sequential_ollama/gemma4:e4b_w_interests,42
3.0,betweenness_centrality,0.15808955363498453,sequential_ollama/gemma4:e4b_w_interests,27
3.0,betweenness_centrality,0.007140102363714804,sequential_ollama/gemma4:e4b_w_interests,34
3.0,betweenness_centrality,0.20157517250420828,sequential_ollama/gemma4:e4b_w_interests,49
3.0,betweenness_centrality,0.017628052509833177,sequential_ollama/gemma4:e4b_w_interests,15
3.0,betweenness_centrality,0.027460724224946432,sequential_ollama/gemma4:e4b_w_interests,7
3.0,betweenness_centrality,0.007449636531269185,sequential_ollama/gemma4:e4b_w_interests,38
3.0,betweenness_centrality,0.008551082994000432,sequential_ollama/gemma4:e4b_w_interests,28
3.0,betweenness_centrality,0.006774351266218148,sequential_ollama/gemma4:e4b_w_interests,10
3.0,betweenness_centrality,0.0025267680862653408,sequential_ollama/gemma4:e4b_w_interests,20
3.0,betweenness_centrality,0.0021821188317784654,sequential_ollama/gemma4:e4b_w_interests,26
3.0,betweenness_centrality,0.0028768653532453056,sequential_ollama/gemma4:e4b_w_interests,37
3.0,betweenness_centrality,0.004187742684530799,sequential_ollama/gemma4:e4b_w_interests,8
3.0,betweenness_centrality,0.006878473627812762,sequential_ollama/gemma4:e4b_w_interests,44
3.0,betweenness_centrality,0.0011345018360324481,sequential_ollama/gemma4:e4b_w_interests,32
3.0,betweenness_centrality,0.0016794217687074828,sequential_ollama/gemma4:e4b_w_interests,1
3.0,betweenness_centrality,0.009594554638682537,sequential_ollama/gemma4:e4b_w_interests,17
3.0,betweenness_centrality,0.002393013763078093,sequential_ollama/gemma4:e4b_w_interests,36
3.0,betweenness_centrality,0.0018301695777849282,sequential_ollama/gemma4:e4b_w_interests,25
3.0,betweenness_centrality,0.3823546746817193,sequential_ollama/gemma4:e4b_w_interests,14
3.0,betweenness_centrality,0.004995529112793295,sequential_ollama/gemma4:e4b_w_interests,46
3.0,betweenness_centrality,0.0,sequential_ollama/gemma4:e4b_w_interests,29
3.0,closeness_centrality,0.3356164383561644,sequential_ollama/gemma4:e4b_w_interests,12
3.0,closeness_centrality,0.392,sequential_ollama/gemma4:e4b_w_interests,35
3.0,closeness_centrality,0.35251798561151076,sequential_ollama/gemma4:e4b_w_interests,19
3.0,closeness_centrality,0.33793103448275863,sequential_ollama/gemma4:e4b_w_interests,47
3.0,closeness_centrality,0.37404580152671757,sequential_ollama/gemma4:e4b_w_interests,43
3.0,closeness_centrality,0.4117647058823529,sequential_ollama/gemma4:e4b_w_interests,16
3.0,closeness_centrality,0.296969696969697,sequential_ollama/gemma4:e4b_w_interests,21
3.0,closeness_centrality,0.34265734265734266,sequential_ollama/gemma4:e4b_w_interests,45
3.0,closeness_centrality,0.3656716417910448,sequential_ollama/gemma4:e4b_w_interests,40
3.0,closeness_centrality,0.392,sequential_ollama/gemma4:e4b_w_interests,39
3.0,closeness_centrality,0.3310810810810811,sequential_ollama/gemma4:e4b_w_interests,3
3.0,closeness_centrality,0.392,sequential_ollama/gemma4:e4b_w_interests,0
3.0,closeness_centrality,0.392,sequential_ollama/gemma4:e4b_w_interests,18
3.0,closeness_centrality,0.4260869565217391,sequential_ollama/gemma4:e4b_w_interests,23
3.0,closeness_centrality,0.3356164383561644,sequential_ollama/gemma4:e4b_w_interests,9
3.0,closeness_centrality,0.35,sequential_ollama/gemma4:e4b_w_interests,2
3.0,closeness_centrality,0.3684210526315789,sequential_ollama/gemma4:e4b_w_interests,33
3.0,closeness_centrality,0.34507042253521125,sequential_ollama/gemma4:e4b_w_interests,48
3.0,closeness_centrality,0.35766423357664234,sequential_ollama/gemma4:e4b_w_interests,24
3.0,closeness_centrality,0.33793103448275863,sequential_ollama/gemma4:e4b_w_interests,41
3.0,closeness_centrality,0.3475177304964539,sequential_ollama/gemma4:e4b_w_interests,30
3.0,closeness_centrality,0.34265734265734266,sequential_ollama/gemma4:e4b_w_interests,6
3.0,closeness_centrality,0.3769230769230769,sequential_ollama/gemma4:e4b_w_interests,31
3.0,closeness_centrality,0.3951612903225806,sequential_ollama/gemma4:e4b_w_interests,11
3.0,closeness_centrality,0.392,sequential_ollama/gemma4:e4b_w_interests,22
3.0,closeness_centrality,0.3888888888888889,sequential_ollama/gemma4:e4b_w_interests,13
3.0,closeness_centrality,0.4016393442622951,sequential_ollama/gemma4:e4b_w_interests,5
3.0,closeness_centrality,0.3712121212121212,sequential_ollama/gemma4:e4b_w_interests,4
3.0,closeness_centrality,0.4083333333333333,sequential_ollama/gemma4:e4b_w_interests,42
3.0,closeness_centrality,0.44545454545454544,sequential_ollama/gemma4:e4b_w_interests,27
3.0,closeness_centrality,0.3858267716535433,sequential_ollama/gemma4:e4b_w_interests,34
3.0,closeness_centrality,0.4537037037037037,sequential_ollama/gemma4:e4b_w_interests,49
3.0,closeness_centrality,0.3983739837398374,sequential_ollama/gemma4:e4b_w_interests,15
3.0,closeness_centrality,0.4049586776859504,sequential_ollama/gemma4:e4b_w_interests,7
3.0,closeness_centrality,0.34507042253521125,sequential_ollama/gemma4:e4b_w_interests,38
3.0,closeness_centrality,0.3858267716535433,sequential_ollama/gemma4:e4b_w_interests,28
3.0,closeness_centrality,0.3888888888888889,sequential_ollama/gemma4:e4b_w_interests,10
3.0,closeness_centrality,0.37404580152671757,sequential_ollama/gemma4:e4b_w_interests,20
3.0,closeness_centrality,0.37404580152671757,sequential_ollama/gemma4:e4b_w_interests,26
3.0,closeness_centrality,0.33793103448275863,sequential_ollama/gemma4:e4b_w_interests,37
3.0,closeness_centrality,0.3402777777777778,sequential_ollama/gemma4:e4b_w_interests,8
3.0,closeness_centrality,0.34265734265734266,sequential_ollama/gemma4:e4b_w_interests,44
3.0,closeness_centrality,0.3181818181818182,sequential_ollama/gemma4:e4b_w_interests,32
3.0,closeness_centrality,0.2784090909090909,sequential_ollama/gemma4:e4b_w_interests,1
3.0,closeness_centrality,0.3356164383561644,sequential_ollama/gemma4:e4b_w_interests,17
3.0,closeness_centrality,0.29518072289156627,sequential_ollama/gemma4:e4b_w_interests,36
3.0,closeness_centrality,0.2934131736526946,sequential_ollama/gemma4:e4b_w_interests,25
3.0,closeness_centrality,0.4666666666666667,sequential_ollama/gemma4:e4b_w_interests,14
3.0,closeness_centrality,0.3684210526315789,sequential_ollama/gemma4:e4b_w_interests,46
3.0,closeness_centrality,0.29878048780487804,sequential_ollama/gemma4:e4b_w_interests,29
4.0,degree_centrality,0.12244897959183673,sequential_ollama/gemma4:e4b_w_interests,6
4.0,degree_centrality,0.22448979591836732,sequential_ollama/gemma4:e4b_w_interests,47
4.0,degree_centrality,0.32653061224489793,sequential_ollama/gemma4:e4b_w_interests,24
4.0,degree_centrality,0.2857142857142857,sequential_ollama/gemma4:e4b_w_interests,33
4.0,degree_centrality,0.32653061224489793,sequential_ollama/gemma4:e4b_w_interests,43
4.0,degree_centrality,0.36734693877551017,sequential_ollama/gemma4:e4b_w_interests,9
4.0,degree_centrality,0.4081632653061224,sequential_ollama/gemma4:e4b_w_interests,15
4.0,degree_centrality,0.18367346938775508,sequential_ollama/gemma4:e4b_w_interests,48
4.0,degree_centrality,0.24489795918367346,sequential_ollama/gemma4:e4b_w_interests,41
4.0,degree_centrality,0.24489795918367346,sequential_ollama/gemma4:e4b_w_interests,16
4.0,degree_centrality,0.2857142857142857,sequential_ollama/gemma4:e4b_w_interests,12
4.0,degree_centrality,0.2040816326530612,sequential_ollama/gemma4:e4b_w_interests,2
4.0,degree_centrality,0.36734693877551017,sequential_ollama/gemma4:e4b_w_interests,11
4.0,degree_centrality,0.3877551020408163,sequential_ollama/gemma4:e4b_w_interests,22
4.0,degree_centrality,0.4693877551020408,sequential_ollama/gemma4:e4b_w_interests,38
4.0,degree_centrality,0.4081632653061224,sequential_ollama/gemma4:e4b_w_interests,28
4.0,degree_centrality,0.36734693877551017,sequential_ollama/gemma4:e4b_w_interests,34
4.0,degree_centrality,0.44897959183673464,sequential_ollama/gemma4:e4b_w_interests,46
4.0,degree_centrality,0.42857142857142855,sequential_ollama/gemma4:e4b_w_interests,5
4.0,degree_centrality,0.3469387755102041,sequential_ollama/gemma4:e4b_w_interests,10
4.0,degree_centrality,0.36734693877551017,sequential_ollama/gemma4:e4b_w_interests,8
4.0,degree_centrality,0.4081632653061224,sequential_ollama/gemma4:e4b_w_interests,7
4.0,degree_centrality,0.4081632653061224,sequential_ollama/gemma4:e4b_w_interests,31
4.0,degree_centrality,0.36734693877551017,sequential_ollama/gemma4:e4b_w_interests,13
4.0,degree_centrality,0.36734693877551017,sequential_ollama/gemma4:e4b_w_interests,49
4.0,degree_centrality,0.26530612244897955,sequential_ollama/gemma4:e4b_w_interests,26
4.0,degree_centrality,0.26530612244897955,sequential_ollama/gemma4:e4b_w_interests,20
4.0,degree_centrality,0.32653061224489793,sequential_ollama/gemma4:e4b_w_interests,32
4.0,degree_centrality,0.16326530612244897,sequential_ollama/gemma4:e4b_w_interests,27
4.0,degree_centrality,0.2857142857142857,sequential_ollama/gemma4:e4b_w_interests,4
4.0,degree_centrality,0.2040816326530612,sequential_ollama/gemma4:e4b_w_interests,17
4.0,degree_centrality,0.22448979591836732,sequential_ollama/gemma4:e4b_w_interests,45
4.0,degree_centrality,0.2040816326530612,sequential_ollama/gemma4:e4b_w_interests,19
4.0,degree_centrality,0.26530612244897955,sequential_ollama/gemma4:e4b_w_interests,30
4.0,degree_centrality,0.14285714285714285,sequential_ollama/gemma4:e4b_w_interests,36
4.0,degree_centrality,0.18367346938775508,sequential_ollama/gemma4:e4b_w_interests,1
4.0,degree_centrality,0.22448979591836732,sequential_ollama/gemma4:e4b_w_interests,35
4.0,degree_centrality,0.16326530612244897,sequential_ollama/gemma4:e4b_w_interests,25
4.0,degree_centrality,0.24489795918367346,sequential_ollama/gemma4:e4b_w_interests,42
4.0,degree_centrality,0.2857142857142857,sequential_ollama/gemma4:e4b_w_interests,37
4.0,degree_centrality,0.26530612244897955,sequential_ollama/gemma4:e4b_w_interests,44
4.0,degree_centrality,0.1020408163265306,sequential_ollama/gemma4:e4b_w_interests,29
4.0,degree_centrality,0.12244897959183673,sequential_ollama/gemma4:e4b_w_interests,21
4.0,degree_centrality,0.24489795918367346,sequential_ollama/gemma4:e4b_w_interests,40
4.0,degree_centrality,0.16326530612244897,sequential_ollama/gemma4:e4b_w_interests,14
4.0,degree_centrality,0.1020408163265306,sequential_ollama/gemma4:e4b_w_interests,18
4.0,degree_centrality,0.061224489795918366,sequential_ollama/gemma4:e4b_w_interests,3
4.0,degree_centrality,0.061224489795918366,sequential_ollama/gemma4:e4b_w_interests,0
4.0,degree_centrality,0.08163265306122448,sequential_ollama/gemma4:e4b_w_interests,39
4.0,degree_centrality,0.08163265306122448,sequential_ollama/gemma4:e4b_w_interests,23
4.0,betweenness_centrality,0.04160111885495218,sequential_ollama/gemma4:e4b_w_interests,6
4.0,betweenness_centrality,0.16054404991796628,sequential_ollama/gemma4:e4b_w_interests,47
4.0,betweenness_centrality,0.02654455819795087,sequential_ollama/gemma4:e4b_w_interests,24
4.0,betweenness_centrality,0.016065567738437703,sequential_ollama/gemma4:e4b_w_interests,33
4.0,betweenness_centrality,0.03937786042577923,sequential_ollama/gemma4:e4b_w_interests,43
4.0,betweenness_centrality,0.0794672853095429,sequential_ollama/gemma4:e4b_w_interests,9
4.0,betweenness_centrality,0.051938062004395345,sequential_ollama/gemma4:e4b_w_interests,15
4.0,betweenness_centrality,0.000727154553685166,sequential_ollama/gemma4:e4b_w_interests,48
4.0,betweenness_centrality,0.009636216333551004,sequential_ollama/gemma4:e4b_w_interests,41
4.0,betweenness_centrality,0.018316149020068524,sequential_ollama/gemma4:e4b_w_interests,16
4.0,betweenness_centrality,0.03170637580926821,sequential_ollama/gemma4:e4b_w_interests,12
4.0,betweenness_centrality,0.002815908109275456,sequential_ollama/gemma4:e4b_w_interests,2
4.0,betweenness_centrality,0.002385154999950918,sequential_ollama/gemma4:e4b_w_interests,11
4.0,betweenness_centrality,0.003234461589053425,sequential_ollama/gemma4:e4b_w_interests,22
4.0,betweenness_centrality,0.16938920079118494,sequential_ollama/gemma4:e4b_w_interests,38
4.0,betweenness_centrality,0.004583563639686088,sequential_ollama/gemma4:e4b_w_interests,28
4.0,betweenness_centrality,0.0021998810901872118,sequential_ollama/gemma4:e4b_w_interests,34
4.0,betweenness_centrality,0.10542329253725904,sequential_ollama/gemma4:e4b_w_interests,46
4.0,betweenness_centrality,0.09139102378560258,sequential_ollama/gemma4:e4b_w_interests,5
4.0,betweenness_centrality,0.0017510291107229877,sequential_ollama/gemma4:e4b_w_interests,10
4.0,betweenness_centrality,0.002457007750375097,sequential_ollama/gemma4:e4b_w_interests,8
4.0,betweenness_centrality,0.006046995332709618,sequential_ollama/gemma4:e4b_w_interests,7
4.0,betweenness_centrality,0.004110508255916419,sequential_ollama/gemma4:e4b_w_interests,31
4.0,betweenness_centrality,0.0024991873206158914,sequential_ollama/gemma4:e4b_w_interests,13
4.0,betweenness_centrality,0.0626595590278083,sequential_ollama/gemma4:e4b_w_interests,49
4.0,betweenness_centrality,0.00027271009413866557,sequential_ollama/gemma4:e4b_w_interests,26
4.0,betweenness_centrality,0.036859060329343586,sequential_ollama/gemma4:e4b_w_interests,20
4.0,betweenness_centrality,0.0021036503179360315,sequential_ollama/gemma4:e4b_w_interests,32
4.0,betweenness_centrality,0.0,sequential_ollama/gemma4:e4b_w_interests,27
4.0,betweenness_centrality,0.00032765090163049343,sequential_ollama/gemma4:e4b_w_interests,4
4.0,betweenness_centrality,0.004847237134625772,sequential_ollama/gemma4:e4b_w_interests,17
4.0,betweenness_centrality,0.0401426149071667,sequential_ollama/gemma4:e4b_w_interests,45
4.0,betweenness_centrality,0.006608744647683907,sequential_ollama/gemma4:e4b_w_interests,19
4.0,betweenness_centrality,0.008935613863334949,sequential_ollama/gemma4:e4b_w_interests,30
4.0,betweenness_centrality,0.0008328940738088608,sequential_ollama/gemma4:e4b_w_interests,36
4.0,betweenness_centrality,0.003924273603257038,sequential_ollama/gemma4:e4b_w_interests,1
4.0,betweenness_centrality,0.01466187034719981,sequential_ollama/gemma4:e4b_w_interests,35
4.0,betweenness_centrality,0.005163216339917284,sequential_ollama/gemma4:e4b_w_interests,25
4.0,betweenness_centrality,0.0007298752834467119,sequential_ollama/gemma4:e4b_w_interests,42
4.0,betweenness_centrality,0.00042924998282141137,sequential_ollama/gemma4:e4b_w_interests,37
4.0,betweenness_centrality,0.0019912131519274376,sequential_ollama/gemma4:e4b_w_interests,44
4.0,betweenness_centrality,0.0,sequential_ollama/gemma4:e4b_w_interests,29
4.0,betweenness_centrality,0.0005314625850340135,sequential_ollama/gemma4:e4b_w_interests,21
4.0,betweenness_centrality,0.2005834167406215,sequential_ollama/gemma4:e4b_w_interests,40
4.0,betweenness_centrality,0.08180596946105939,sequential_ollama/gemma4:e4b_w_interests,14
4.0,betweenness_centrality,0.0708623788343176,sequential_ollama/gemma4:e4b_w_interests,18
4.0,betweenness_centrality,0.004988187522877361,sequential_ollama/gemma4:e4b_w_interests,3
4.0,betweenness_centrality,0.004988187522877361,sequential_ollama/gemma4:e4b_w_interests,0
4.0,betweenness_centrality,0.005271634234895501,sequential_ollama/gemma4:e4b_w_interests,39
4.0,betweenness_centrality,0.05861465538964328,sequential_ollama/gemma4:e4b_w_interests,23
4.0,closeness_centrality,0.4666666666666667,sequential_ollama/gemma4:e4b_w_interests,6
4.0,closeness_centrality,0.5157894736842106,sequential_ollama/gemma4:e4b_w_interests,47
4.0,closeness_centrality,0.44545454545454544,sequential_ollama/gemma4:e4b_w_interests,24
4.0,closeness_centrality,0.44954128440366975,sequential_ollama/gemma4:e4b_w_interests,33
4.0,closeness_centrality,0.46226415094339623,sequential_ollama/gemma4:e4b_w_interests,43
4.0,closeness_centrality,0.47115384615384615,sequential_ollama/gemma4:e4b_w_interests,9
4.0,closeness_centrality,0.49,sequential_ollama/gemma4:e4b_w_interests,15
4.0,closeness_centrality,0.4049586776859504,sequential_ollama/gemma4:e4b_w_interests,48
4.0,closeness_centrality,0.4375,sequential_ollama/gemma4:e4b_w_interests,41
4.0,closeness_centrality,0.4375,sequential_ollama/gemma4:e4b_w_interests,16
4.0,closeness_centrality,0.4260869565217391,sequential_ollama/gemma4:e4b_w_interests,12
4.0,closeness_centrality,0.4224137931034483,sequential_ollama/gemma4:e4b_w_interests,2
4.0,closeness_centrality,0.44144144144144143,sequential_ollama/gemma4:e4b_w_interests,11
4.0,closeness_centrality,0.44545454545454544,sequential_ollama/gemma4:e4b_w_interests,22
4.0,closeness_centrality,0.5384615384615384,sequential_ollama/gemma4:e4b_w_interests,38
4.0,closeness_centrality,0.44954128440366975,sequential_ollama/gemma4:e4b_w_interests,28
4.0,closeness_centrality,0.44144144144144143,sequential_ollama/gemma4:e4b_w_interests,34
4.0,closeness_centrality,0.532608695652174,sequential_ollama/gemma4:e4b_w_interests,46
4.0,closeness_centrality,0.5268817204301075,sequential_ollama/gemma4:e4b_w_interests,5
4.0,closeness_centrality,0.4375,sequential_ollama/gemma4:e4b_w_interests,10
4.0,closeness_centrality,0.44144144144144143,sequential_ollama/gemma4:e4b_w_interests,8
4.0,closeness_centrality,0.44954128440366975,sequential_ollama/gemma4:e4b_w_interests,7
4.0,closeness_centrality,0.44954128440366975,sequential_ollama/gemma4:e4b_w_interests,31
4.0,closeness_centrality,0.44144144144144143,sequential_ollama/gemma4:e4b_w_interests,13
4.0,closeness_centrality,0.45794392523364486,sequential_ollama/gemma4:e4b_w_interests,49
4.0,closeness_centrality,0.4224137931034483,sequential_ollama/gemma4:e4b_w_interests,26
4.0,closeness_centrality,0.4336283185840708,sequential_ollama/gemma4:e4b_w_interests,20
4.0,closeness_centrality,0.4298245614035088,sequential_ollama/gemma4:e4b_w_interests,32
4.0,closeness_centrality,0.4016393442622951,sequential_ollama/gemma4:e4b_w_interests,27
4.0,closeness_centrality,0.4260869565217391,sequential_ollama/gemma4:e4b_w_interests,4
4.0,closeness_centrality,0.35,sequential_ollama/gemma4:e4b_w_interests,17
4.0,closeness_centrality,0.4152542372881356,sequential_ollama/gemma4:e4b_w_interests,45
4.0,closeness_centrality,0.35,sequential_ollama/gemma4:e4b_w_interests,19
4.0,closeness_centrality,0.35766423357664234,sequential_ollama/gemma4:e4b_w_interests,30
4.0,closeness_centrality,0.3181818181818182,sequential_ollama/gemma4:e4b_w_interests,36
4.0,closeness_centrality,0.3475177304964539,sequential_ollama/gemma4:e4b_w_interests,1
4.0,closeness_centrality,0.4188034188034188,sequential_ollama/gemma4:e4b_w_interests,35
4.0,closeness_centrality,0.34507042253521125,sequential_ollama/gemma4:e4b_w_interests,25
4.0,closeness_centrality,0.4188034188034188,sequential_ollama/gemma4:e4b_w_interests,42
4.0,closeness_centrality,0.4117647058823529,sequential_ollama/gemma4:e4b_w_interests,37
4.0,closeness_centrality,0.4083333333333333,sequential_ollama/gemma4:e4b_w_interests,44
4.0,closeness_centrality,0.3828125,sequential_ollama/gemma4:e4b_w_interests,29
4.0,closeness_centrality,0.310126582278481,sequential_ollama/gemma4:e4b_w_interests,21
4.0,closeness_centrality,0.532608695652174,sequential_ollama/gemma4:e4b_w_interests,40
4.0,closeness_centrality,0.4298245614035088,sequential_ollama/gemma4:e4b_w_interests,14
4.0,closeness_centrality,0.34265734265734266,sequential_ollama/gemma4:e4b_w_interests,18
4.0,closeness_centrality,0.3141025641025641,sequential_ollama/gemma4:e4b_w_interests,3
4.0,closeness_centrality,0.3141025641025641,sequential_ollama/gemma4:e4b_w_interests,0
4.0,closeness_centrality,0.3161290322580645,sequential_ollama/gemma4:e4b_w_interests,39
4.0,closeness_centrality,0.3223684210526316,sequential_ollama/gemma4:e4b_w_interests,23
5.0,degree_centrality,0.3061224489795918,sequential_ollama/gemma4:e4b_w_interests,42
5.0,degree_centrality,0.44897959183673464,sequential_ollama/gemma4:e4b_w_interests,7
5.0,degree_centrality,0.42857142857142855,sequential_ollama/gemma4:e4b_w_interests,31
5.0,degree_centrality,0.3877551020408163,sequential_ollama/gemma4:e4b_w_interests,37
5.0,degree_centrality,0.4693877551020408,sequential_ollama/gemma4:e4b_w_interests,8
5.0,degree_centrality,0.42857142857142855,sequential_ollama/gemma4:e4b_w_interests,10
5.0,degree_centrality,0.3877551020408163,sequential_ollama/gemma4:e4b_w_interests,34
5.0,degree_centrality,0.5102040816326531,sequential_ollama/gemma4:e4b_w_interests,11
5.0,degree_centrality,0.4081632653061224,sequential_ollama/gemma4:e4b_w_interests,4
5.0,degree_centrality,0.4693877551020408,sequential_ollama/gemma4:e4b_w_interests,38
5.0,degree_centrality,0.36734693877551017,sequential_ollama/gemma4:e4b_w_interests,15
5.0,degree_centrality,0.3877551020408163,sequential_ollama/gemma4:e4b_w_interests,44
5.0,degree_centrality,0.3877551020408163,sequential_ollama/gemma4:e4b_w_interests,5
5.0,degree_centrality,0.3469387755102041,sequential_ollama/gemma4:e4b_w_interests,27
5.0,degree_centrality,0.4081632653061224,sequential_ollama/gemma4:e4b_w_interests,26
5.0,degree_centrality,0.4081632653061224,sequential_ollama/gemma4:e4b_w_interests,13
5.0,degree_centrality,0.18367346938775508,sequential_ollama/gemma4:e4b_w_interests,29
5.0,degree_centrality,0.16326530612244897,sequential_ollama/gemma4:e4b_w_interests,6
5.0,degree_centrality,0.32653061224489793,sequential_ollama/gemma4:e4b_w_interests,24
5.0,degree_centrality,0.32653061224489793,sequential_ollama/gemma4:e4b_w_interests,47
5.0,degree_centrality,0.4081632653061224,sequential_ollama/gemma4:e4b_w_interests,46
5.0,degree_centrality,0.2857142857142857,sequential_ollama/gemma4:e4b_w_interests,19
5.0,degree_centrality,0.3469387755102041,sequential_ollama/gemma4:e4b_w_interests,17
5.0,degree_centrality,0.36734693877551017,sequential_ollama/gemma4:e4b_w_interests,21
5.0,degree_centrality,0.18367346938775508,sequential_ollama/gemma4:e4b_w_interests,45
5.0,degree_centrality,0.26530612244897955,sequential_ollama/gemma4:e4b_w_interests,48
5.0,degree_centrality,0.32653061224489793,sequential_ollama/gemma4:e4b_w_interests,33
5.0,degree_centrality,0.14285714285714285,sequential_ollama/gemma4:e4b_w_interests,25
5.0,degree_centrality,0.12244897959183673,sequential_ollama/gemma4:e4b_w_interests,36
5.0,degree_centrality,0.3469387755102041,sequential_ollama/gemma4:e4b_w_interests,1
5.0,degree_centrality,0.32653061224489793,sequential_ollama/gemma4:e4b_w_interests,43
5.0,degree_centrality,0.24489795918367346,sequential_ollama/gemma4:e4b_w_interests,16
5.0,degree_centrality,0.2857142857142857,sequential_ollama/gemma4:e4b_w_interests,9
5.0,degree_centrality,0.4081632653061224,sequential_ollama/gemma4:e4b_w_interests,12
5.0,degree_centrality,0.36734693877551017,sequential_ollama/gemma4:e4b_w_interests,28
5.0,degree_centrality,0.26530612244897955,sequential_ollama/gemma4:e4b_w_interests,20
5.0,degree_centrality,0.4081632653061224,sequential_ollama/gemma4:e4b_w_interests,49
5.0,degree_centrality,0.3469387755102041,sequential_ollama/gemma4:e4b_w_interests,32
5.0,degree_centrality,0.3469387755102041,sequential_ollama/gemma4:e4b_w_interests,22
5.0,degree_centrality,0.08163265306122448,sequential_ollama/gemma4:e4b_w_interests,14
5.0,degree_centrality,0.26530612244897955,sequential_ollama/gemma4:e4b_w_interests,41
5.0,degree_centrality,0.26530612244897955,sequential_ollama/gemma4:e4b_w_interests,30
5.0,degree_centrality,0.32653061224489793,sequential_ollama/gemma4:e4b_w_interests,2
5.0,degree_centrality,0.2040816326530612,sequential_ollama/gemma4:e4b_w_interests,35
5.0,degree_centrality,0.26530612244897955,sequential_ollama/gemma4:e4b_w_interests,40
5.0,degree_centrality,0.14285714285714285,sequential_ollama/gemma4:e4b_w_interests,39
5.0,degree_centrality,0.08163265306122448,sequential_ollama/gemma4:e4b_w_interests,3
5.0,degree_centrality,0.08163265306122448,sequential_ollama/gemma4:e4b_w_interests,18
5.0,degree_centrality,0.061224489795918366,sequential_ollama/gemma4:e4b_w_interests,0
5.0,degree_centrality,0.061224489795918366,sequential_ollama/gemma4:e4b_w_interests,23
5.0,betweenness_centrality,0.0006264032609439193,sequential_ollama/gemma4:e4b_w_interests,42
5.0,betweenness_centrality,0.042623427213262864,sequential_ollama/gemma4:e4b_w_interests,7
5.0,betweenness_centrality,0.004220495012535513,sequential_ollama/gemma4:e4b_w_interests,31
5.0,betweenness_centrality,0.0015144501630214335,sequential_ollama/gemma4:e4b_w_interests,37
5.0,betweenness_centrality,0.011531459969058692,sequential_ollama/gemma4:e4b_w_interests,8
5.0,betweenness_centrality,0.004220495012535513,sequential_ollama/gemma4:e4b_w_interests,10
5.0,betweenness_centrality,0.0022978492052305784,sequential_ollama/gemma4:e4b_w_interests,34
5.0,betweenness_centrality,0.19188246721386126,sequential_ollama/gemma4:e4b_w_interests,11
5.0,betweenness_centrality,0.0039072481314180625,sequential_ollama/gemma4:e4b_w_interests,4
5.0,betweenness_centrality,0.04811725531184367,sequential_ollama/gemma4:e4b_w_interests,38
5.0,betweenness_centrality,0.06867312758869323,sequential_ollama/gemma4:e4b_w_interests,15
5.0,betweenness_centrality,0.0048298347401541306,sequential_ollama/gemma4:e4b_w_interests,44
5.0,betweenness_centrality,0.0016224298628378679,sequential_ollama/gemma4:e4b_w_interests,5
5.0,betweenness_centrality,0.018344002035254565,sequential_ollama/gemma4:e4b_w_interests,27
5.0,betweenness_centrality,0.00572164797677371,sequential_ollama/gemma4:e4b_w_interests,26
5.0,betweenness_centrality,0.0028092806393929474,sequential_ollama/gemma4:e4b_w_interests,13
5.0,betweenness_centrality,0.00020865959165621136,sequential_ollama/gemma4:e4b_w_interests,29
5.0,betweenness_centrality,0.016840157768054954,sequential_ollama/gemma4:e4b_w_interests,6
5.0,betweenness_centrality,0.013329005250311816,sequential_ollama/gemma4:e4b_w_interests,24
5.0,betweenness_centrality,0.07567051631511083,sequential_ollama/gemma4:e4b_w_interests,47
5.0,betweenness_centrality,0.006918313303466046,sequential_ollama/gemma4:e4b_w_interests,46
5.0,betweenness_centrality,0.008013184189687399,sequential_ollama/gemma4:e4b_w_interests,19
5.0,betweenness_centrality,0.029728225644150647,sequential_ollama/gemma4:e4b_w_interests,17
5.0,betweenness_centrality,0.05949657006822579,sequential_ollama/gemma4:e4b_w_interests,21
5.0,betweenness_centrality,0.0016605834808115717,sequential_ollama/gemma4:e4b_w_interests,45
5.0,betweenness_centrality,0.0011234745651338377,sequential_ollama/gemma4:e4b_w_interests,48
5.0,betweenness_centrality,0.03408617485448733,sequential_ollama/gemma4:e4b_w_interests,33
5.0,betweenness_centrality,0.00021902700474129045,sequential_ollama/gemma4:e4b_w_interests,25
5.0,betweenness_centrality,7.730364873222017e-05,sequential_ollama/gemma4:e4b_w_interests,36
5.0,betweenness_centrality,0.009098888150264136,sequential_ollama/gemma4:e4b_w_interests,1
5.0,betweenness_centrality,0.002843816954841799,sequential_ollama/gemma4:e4b_w_interests,43
5.0,betweenness_centrality,0.0007055074698708239,sequential_ollama/gemma4:e4b_w_interests,16
5.0,betweenness_centrality,0.0011888853448303314,sequential_ollama/gemma4:e4b_w_interests,9
5.0,betweenness_centrality,0.09587972419760882,sequential_ollama/gemma4:e4b_w_interests,12
5.0,betweenness_centrality,0.0022086814019705594,sequential_ollama/gemma4:e4b_w_interests,28
5.0,betweenness_centrality,0.051948505161875755,sequential_ollama/gemma4:e4b_w_interests,20
5.0,betweenness_centrality,0.024712717344783038,sequential_ollama/gemma4:e4b_w_interests,49
5.0,betweenness_centrality,0.002824811031317318,sequential_ollama/gemma4:e4b_w_interests,32
5.0,betweenness_centrality,0.0018303875325302317,sequential_ollama/gemma4:e4b_w_interests,22
5.0,betweenness_centrality,0.03438053117292519,sequential_ollama/gemma4:e4b_w_interests,14
5.0,betweenness_centrality,0.0016801575322538055,sequential_ollama/gemma4:e4b_w_interests,41
5.0,betweenness_centrality,0.006145540070767771,sequential_ollama/gemma4:e4b_w_interests,30
5.0,betweenness_centrality,0.053575205913704245,sequential_ollama/gemma4:e4b_w_interests,2
5.0,betweenness_centrality,0.020971895465850654,sequential_ollama/gemma4:e4b_w_interests,35
5.0,betweenness_centrality,0.040178563781554745,sequential_ollama/gemma4:e4b_w_interests,40
5.0,betweenness_centrality,0.07396391020270206,sequential_ollama/gemma4:e4b_w_interests,39
5.0,betweenness_centrality,0.0017006802721088435,sequential_ollama/gemma4:e4b_w_interests,3
5.0,betweenness_centrality,0.033562344365000676,sequential_ollama/gemma4:e4b_w_interests,18
5.0,betweenness_centrality,0.0,sequential_ollama/gemma4:e4b_w_interests,0
5.0,betweenness_centrality,0.005286177611851303,sequential_ollama/gemma4:e4b_w_interests,23
5.0,closeness_centrality,0.47572815533980584,sequential_ollama/gemma4:e4b_w_interests,42
5.0,closeness_centrality,0.5632183908045977,sequential_ollama/gemma4:e4b_w_interests,7
5.0,closeness_centrality,0.5212765957446809,sequential_ollama/gemma4:e4b_w_interests,31
5.0,closeness_centrality,0.494949494949495,sequential_ollama/gemma4:e4b_w_interests,37
5.0,closeness_centrality,0.5384615384615384,sequential_ollama/gemma4:e4b_w_interests,8
5.0,closeness_centrality,0.5212765957446809,sequential_ollama/gemma4:e4b_w_interests,10
5.0,closeness_centrality,0.49,sequential_ollama/gemma4:e4b_w_interests,34
5.0,closeness_centrality,0.6447368421052632,sequential_ollama/gemma4:e4b_w_interests,11
5.0,closeness_centrality,0.5157894736842106,sequential_ollama/gemma4:e4b_w_interests,4
5.0,closeness_centrality,0.5833333333333334,sequential_ollama/gemma4:e4b_w_interests,38
5.0,closeness_centrality,0.5764705882352941,sequential_ollama/gemma4:e4b_w_interests,15
5.0,closeness_centrality,0.5,sequential_ollama/gemma4:e4b_w_interests,44
5.0,closeness_centrality,0.494949494949495,sequential_ollama/gemma4:e4b_w_interests,5
5.0,closeness_centrality,0.5,sequential_ollama/gemma4:e4b_w_interests,27
5.0,closeness_centrality,0.5157894736842106,sequential_ollama/gemma4:e4b_w_interests,26
5.0,closeness_centrality,0.5,sequential_ollama/gemma4:e4b_w_interests,13
5.0,closeness_centrality,0.44144144144144143,sequential_ollama/gemma4:e4b_w_interests,29
5.0,closeness_centrality,0.5,sequential_ollama/gemma4:e4b_w_interests,6
5.0,closeness_centrality,0.4803921568627451,sequential_ollama/gemma4:e4b_w_interests,24
5.0,closeness_centrality,0.5833333333333334,sequential_ollama/gemma4:e4b_w_interests,47
5.0,closeness_centrality,0.5212765957446809,sequential_ollama/gemma4:e4b_w_interests,46
5.0,closeness_centrality,0.45794392523364486,sequential_ollama/gemma4:e4b_w_interests,19
5.0,closeness_centrality,0.4803921568627451,sequential_ollama/gemma4:e4b_w_interests,17
5.0,closeness_centrality,0.5833333333333334,sequential_ollama/gemma4:e4b_w_interests,21
5.0,closeness_centrality,0.4117647058823529,sequential_ollama/gemma4:e4b_w_interests,45
5.0,closeness_centrality,0.4537037037037037,sequential_ollama/gemma4:e4b_w_interests,48
5.0,closeness_centrality,0.5568181818181818,sequential_ollama/gemma4:e4b_w_interests,33
5.0,closeness_centrality,0.3983739837398374,sequential_ollama/gemma4:e4b_w_interests,25
5.0,closeness_centrality,0.3951612903225806,sequential_ollama/gemma4:e4b_w_interests,36
5.0,closeness_centrality,0.47115384615384615,sequential_ollama/gemma4:e4b_w_interests,1
5.0,closeness_centrality,0.4666666666666667,sequential_ollama/gemma4:e4b_w_interests,43
5.0,closeness_centrality,0.44954128440366975,sequential_ollama/gemma4:e4b_w_interests,16
5.0,closeness_centrality,0.45794392523364486,sequential_ollama/gemma4:e4b_w_interests,9
5.0,closeness_centrality,0.5975609756097561,sequential_ollama/gemma4:e4b_w_interests,12
5.0,closeness_centrality,0.5,sequential_ollama/gemma4:e4b_w_interests,28
5.0,closeness_centrality,0.4803921568627451,sequential_ollama/gemma4:e4b_w_interests,20
5.0,closeness_centrality,0.5212765957446809,sequential_ollama/gemma4:e4b_w_interests,49
5.0,closeness_centrality,0.5,sequential_ollama/gemma4:e4b_w_interests,32
5.0,closeness_centrality,0.494949494949495,sequential_ollama/gemma4:e4b_w_interests,22
5.0,closeness_centrality,0.4803921568627451,sequential_ollama/gemma4:e4b_w_interests,14
5.0,closeness_centrality,0.4537037037037037,sequential_ollama/gemma4:e4b_w_interests,41
5.0,closeness_centrality,0.44545454545454544,sequential_ollama/gemma4:e4b_w_interests,30
5.0,closeness_centrality,0.5568181818181818,sequential_ollama/gemma4:e4b_w_interests,2
5.0,closeness_centrality,0.5157894736842106,sequential_ollama/gemma4:e4b_w_interests,35
5.0,closeness_centrality,0.5764705882352941,sequential_ollama/gemma4:e4b_w_interests,40
5.0,closeness_centrality,0.4298245614035088,sequential_ollama/gemma4:e4b_w_interests,39
5.0,closeness_centrality,0.3356164383561644,sequential_ollama/gemma4:e4b_w_interests,3
5.0,closeness_centrality,0.3888888888888889,sequential_ollama/gemma4:e4b_w_interests,18
5.0,closeness_centrality,0.3310810810810811,sequential_ollama/gemma4:e4b_w_interests,0
5.0,closeness_centrality,0.3602941176470588,sequential_ollama/gemma4:e4b_w_interests,23
6.0,degree_centrality,0.14285714285714285,sequential_ollama/gemma4:e4b_w_interests,49
6.0,degree_centrality,0.5102040816326531,sequential_ollama/gemma4:e4b_w_interests,11
6.0,degree_centrality,0.3469387755102041,sequential_ollama/gemma4:e4b_w_interests,26
6.0,degree_centrality,0.36734693877551017,sequential_ollama/gemma4:e4b_w_interests,13
6.0,degree_centrality,0.5510204081632653,sequential_ollama/gemma4:e4b_w_interests,10
6.0,degree_centrality,0.24489795918367346,sequential_ollama/gemma4:e4b_w_interests,4
6.0,degree_centrality,0.3877551020408163,sequential_ollama/gemma4:e4b_w_interests,28
6.0,degree_centrality,0.16326530612244897,sequential_ollama/gemma4:e4b_w_interests,20
6.0,degree_centrality,0.14285714285714285,sequential_ollama/gemma4:e4b_w_interests,40
6.0,degree_centrality,0.1020408163265306,sequential_ollama/gemma4:e4b_w_interests,14
6.0,degree_centrality,0.16326530612244897,sequential_ollama/gemma4:e4b_w_interests,39
6.0,degree_centrality,0.32653061224489793,sequential_ollama/gemma4:e4b_w_interests,16
6.0,degree_centrality,0.26530612244897955,sequential_ollama/gemma4:e4b_w_interests,12
6.0,degree_centrality,0.26530612244897955,sequential_ollama/gemma4:e4b_w_interests,47
6.0,degree_centrality,0.3469387755102041,sequential_ollama/gemma4:e4b_w_interests,30
6.0,degree_centrality,0.3061224489795918,sequential_ollama/gemma4:e4b_w_interests,17
6.0,degree_centrality,0.26530612244897955,sequential_ollama/gemma4:e4b_w_interests,38
6.0,degree_centrality,0.42857142857142855,sequential_ollama/gemma4:e4b_w_interests,42
6.0,degree_centrality,0.22448979591836732,sequential_ollama/gemma4:e4b_w_interests,31
6.0,degree_centrality,0.32653061224489793,sequential_ollama/gemma4:e4b_w_interests,7
6.0,degree_centrality,0.4693877551020408,sequential_ollama/gemma4:e4b_w_interests,8
6.0,degree_centrality,0.2857142857142857,sequential_ollama/gemma4:e4b_w_interests,34
6.0,degree_centrality,0.4081632653061224,sequential_ollama/gemma4:e4b_w_interests,22
6.0,degree_centrality,0.2857142857142857,sequential_ollama/gemma4:e4b_w_interests,44
6.0,degree_centrality,0.42857142857142855,sequential_ollama/gemma4:e4b_w_interests,5
6.0,degree_centrality,0.5714285714285714,sequential_ollama/gemma4:e4b_w_interests,15
6.0,degree_centrality,0.16326530612244897,sequential_ollama/gemma4:e4b_w_interests,29
6.0,degree_centrality,0.2857142857142857,sequential_ollama/gemma4:e4b_w_interests,23
6.0,degree_centrality,0.1020408163265306,sequential_ollama/gemma4:e4b_w_interests,18
6.0,degree_centrality,0.061224489795918366,sequential_ollama/gemma4:e4b_w_interests,3
6.0,degree_centrality,0.2857142857142857,sequential_ollama/gemma4:e4b_w_interests,27
6.0,degree_centrality,0.3469387755102041,sequential_ollama/gemma4:e4b_w_interests,32
6.0,degree_centrality,0.2857142857142857,sequential_ollama/gemma4:e4b_w_interests,37
6.0,degree_centrality,0.2040816326530612,sequential_ollama/gemma4:e4b_w_interests,0
6.0,degree_centrality,0.08163265306122448,sequential_ollama/gemma4:e4b_w_interests,6
6.0,degree_centrality,0.32653061224489793,sequential_ollama/gemma4:e4b_w_interests,48
6.0,degree_centrality,0.2040816326530612,sequential_ollama/gemma4:e4b_w_interests,24
6.0,degree_centrality,0.2040816326530612,sequential_ollama/gemma4:e4b_w_interests,41
6.0,degree_centrality,0.26530612244897955,sequential_ollama/gemma4:e4b_w_interests,1
6.0,degree_centrality,0.2857142857142857,sequential_ollama/gemma4:e4b_w_interests,19
6.0,degree_centrality,0.32653061224489793,sequential_ollama/gemma4:e4b_w_interests,33
6.0,degree_centrality,0.2857142857142857,sequential_ollama/gemma4:e4b_w_interests,43
6.0,degree_centrality,0.2040816326530612,sequential_ollama/gemma4:e4b_w_interests,9
6.0,degree_centrality,0.2040816326530612,sequential_ollama/gemma4:e4b_w_interests,35
6.0,degree_centrality,0.22448979591836732,sequential_ollama/gemma4:e4b_w_interests,2
6.0,degree_centrality,0.14285714285714285,sequential_ollama/gemma4:e4b_w_interests,21
6.0,degree_centrality,0.14285714285714285,sequential_ollama/gemma4:e4b_w_interests,36
6.0,degree_centrality,0.2040816326530612,sequential_ollama/gemma4:e4b_w_interests,45
6.0,degree_centrality,0.2040816326530612,sequential_ollama/gemma4:e4b_w_interests,25
6.0,degree_centrality,0.18367346938775508,sequential_ollama/gemma4:e4b_w_interests,46
6.0,betweenness_centrality,0.0003829904977864161,sequential_ollama/gemma4:e4b_w_interests,49
6.0,betweenness_centrality,0.14002487946894512,sequential_ollama/gemma4:e4b_w_interests,11
6.0,betweenness_centrality,0.009681392364030638,sequential_ollama/gemma4:e4b_w_interests,26
6.0,betweenness_centrality,0.007861027478004701,sequential_ollama/gemma4:e4b_w_interests,13
6.0,betweenness_centrality,0.07329200864748323,sequential_ollama/gemma4:e4b_w_interests,10
6.0,betweenness_centrality,0.006044503337578177,sequential_ollama/gemma4:e4b_w_interests,4
6.0,betweenness_centrality,0.014046252109384968,sequential_ollama/gemma4:e4b_w_interests,28
6.0,betweenness_centrality,0.0008864458481805419,sequential_ollama/gemma4:e4b_w_interests,20
6.0,betweenness_centrality,0.013004370426714361,sequential_ollama/gemma4:e4b_w_interests,40
6.0,betweenness_centrality,0.005669552388239863,sequential_ollama/gemma4:e4b_w_interests,14
6.0,betweenness_centrality,0.03259277908866005,sequential_ollama/gemma4:e4b_w_interests,39
6.0,betweenness_centrality,0.013812768818117728,sequential_ollama/gemma4:e4b_w_interests,16
6.0,betweenness_centrality,0.021969238754299555,sequential_ollama/gemma4:e4b_w_interests,12
6.0,betweenness_centrality,0.07046399495167045,sequential_ollama/gemma4:e4b_w_interests,47
6.0,betweenness_centrality,0.017679776555887483,sequential_ollama/gemma4:e4b_w_interests,30
6.0,betweenness_centrality,0.0133972641039379,sequential_ollama/gemma4:e4b_w_interests,17
6.0,betweenness_centrality,0.0012800187970255998,sequential_ollama/gemma4:e4b_w_interests,38
6.0,betweenness_centrality,0.04805048333840286,sequential_ollama/gemma4:e4b_w_interests,42
6.0,betweenness_centrality,0.0004351295592792191,sequential_ollama/gemma4:e4b_w_interests,31
6.0,betweenness_centrality,0.0034866552871580967,sequential_ollama/gemma4:e4b_w_interests,7
6.0,betweenness_centrality,0.015846645412602233,sequential_ollama/gemma4:e4b_w_interests,8
6.0,betweenness_centrality,0.00138806651765096,sequential_ollama/gemma4:e4b_w_interests,34
6.0,betweenness_centrality,0.029899581178516658,sequential_ollama/gemma4:e4b_w_interests,22
6.0,betweenness_centrality,0.004000926288156398,sequential_ollama/gemma4:e4b_w_interests,44
6.0,betweenness_centrality,0.011113465232993476,sequential_ollama/gemma4:e4b_w_interests,5
6.0,betweenness_centrality,0.16613301892345567,sequential_ollama/gemma4:e4b_w_interests,15
6.0,betweenness_centrality,0.0,sequential_ollama/gemma4:e4b_w_interests,29
6.0,betweenness_centrality,0.038441048945522464,sequential_ollama/gemma4:e4b_w_interests,23
6.0,betweenness_centrality,0.003462216699794339,sequential_ollama/gemma4:e4b_w_interests,18
6.0,betweenness_centrality,0.0,sequential_ollama/gemma4:e4b_w_interests,3
6.0,betweenness_centrality,0.01912964444852201,sequential_ollama/gemma4:e4b_w_interests,27
6.0,betweenness_centrality,0.010230687838388526,sequential_ollama/gemma4:e4b_w_interests,32
6.0,betweenness_centrality,0.0015040255473928944,sequential_ollama/gemma4:e4b_w_interests,37
6.0,betweenness_centrality,0.00041129936316271724,sequential_ollama/gemma4:e4b_w_interests,0
6.0,betweenness_centrality,0.004401004560443337,sequential_ollama/gemma4:e4b_w_interests,6
6.0,betweenness_centrality,0.03348356764128315,sequential_ollama/gemma4:e4b_w_interests,48
6.0,betweenness_centrality,0.005186040141191557,sequential_ollama/gemma4:e4b_w_interests,24
6.0,betweenness_centrality,0.021268186345467257,sequential_ollama/gemma4:e4b_w_interests,41
6.0,betweenness_centrality,0.004346614970380605,sequential_ollama/gemma4:e4b_w_interests,1
6.0,betweenness_centrality,0.007863087434351424,sequential_ollama/gemma4:e4b_w_interests,19
6.0,betweenness_centrality,0.05834726212252659,sequential_ollama/gemma4:e4b_w_interests,33
6.0,betweenness_centrality,0.0065271429357588,sequential_ollama/gemma4:e4b_w_interests,43
6.0,betweenness_centrality,0.0013055715923556606,sequential_ollama/gemma4:e4b_w_interests,9
6.0,betweenness_centrality,0.012044854086045564,sequential_ollama/gemma4:e4b_w_interests,35
6.0,betweenness_centrality,0.013086415860408523,sequential_ollama/gemma4:e4b_w_interests,2
6.0,betweenness_centrality,0.0027530222045528165,sequential_ollama/gemma4:e4b_w_interests,21
6.0,betweenness_centrality,0.0008160396676690291,sequential_ollama/gemma4:e4b_w_interests,36
6.0,betweenness_centrality,0.021916108344268315,sequential_ollama/gemma4:e4b_w_interests,45
6.0,betweenness_centrality,0.05459796852558022,sequential_ollama/gemma4:e4b_w_interests,25
6.0,betweenness_centrality,0.0006526424256016091,sequential_ollama/gemma4:e4b_w_interests,46
6.0,closeness_centrality,0.44545454545454544,sequential_ollama/gemma4:e4b_w_interests,49
6.0,closeness_centrality,0.6712328767123288,sequential_ollama/gemma4:e4b_w_interests,11
6.0,closeness_centrality,0.532608695652174,sequential_ollama/gemma4:e4b_w_interests,26
6.0,closeness_centrality,0.5384615384615384,sequential_ollama/gemma4:e4b_w_interests,13
6.0,closeness_centrality,0.6621621621621622,sequential_ollama/gemma4:e4b_w_interests,10
6.0,closeness_centrality,0.5104166666666666,sequential_ollama/gemma4:e4b_w_interests,4
6.0,closeness_centrality,0.5568181818181818,sequential_ollama/gemma4:e4b_w_interests,28
6.0,closeness_centrality,0.4537037037037037,sequential_ollama/gemma4:e4b_w_interests,20
6.0,closeness_centrality,0.44545454545454544,sequential_ollama/gemma4:e4b_w_interests,40
6.0,closeness_centrality,0.4298245614035088,sequential_ollama/gemma4:e4b_w_interests,14
6.0,closeness_centrality,0.494949494949495,sequential_ollama/gemma4:e4b_w_interests,39
6.0,closeness_centrality,0.48514851485148514,sequential_ollama/gemma4:e4b_w_interests,16
6.0,closeness_centrality,0.5384615384615384,sequential_ollama/gemma4:e4b_w_interests,12
6.0,closeness_centrality,0.5697674418604651,sequential_ollama/gemma4:e4b_w_interests,47
6.0,closeness_centrality,0.48514851485148514,sequential_ollama/gemma4:e4b_w_interests,30
6.0,closeness_centrality,0.47572815533980584,sequential_ollama/gemma4:e4b_w_interests,17
6.0,closeness_centrality,0.48514851485148514,sequential_ollama/gemma4:e4b_w_interests,38
6.0,closeness_centrality,0.5903614457831325,sequential_ollama/gemma4:e4b_w_interests,42
6.0,closeness_centrality,0.48514851485148514,sequential_ollama/gemma4:e4b_w_interests,31
6.0,closeness_centrality,0.5157894736842106,sequential_ollama/gemma4:e4b_w_interests,7
6.0,closeness_centrality,0.5697674418604651,sequential_ollama/gemma4:e4b_w_interests,8
6.0,closeness_centrality,0.5051546391752577,sequential_ollama/gemma4:e4b_w_interests,34
6.0,closeness_centrality,0.5833333333333334,sequential_ollama/gemma4:e4b_w_interests,22
6.0,closeness_centrality,0.494949494949495,sequential_ollama/gemma4:e4b_w_interests,44
6.0,closeness_centrality,0.5568181818181818,sequential_ollama/gemma4:e4b_w_interests,5
6.0,closeness_centrality,0.6901408450704225,sequential_ollama/gemma4:e4b_w_interests,15
6.0,closeness_centrality,0.45794392523364486,sequential_ollama/gemma4:e4b_w_interests,29
6.0,closeness_centrality,0.5212765957446809,sequential_ollama/gemma4:e4b_w_interests,23
6.0,closeness_centrality,0.4188034188034188,sequential_ollama/gemma4:e4b_w_interests,18
6.0,closeness_centrality,0.3858267716535433,sequential_ollama/gemma4:e4b_w_interests,3
6.0,closeness_centrality,0.5212765957446809,sequential_ollama/gemma4:e4b_w_interests,27
6.0,closeness_centrality,0.5384615384615384,sequential_ollama/gemma4:e4b_w_interests,32
6.0,closeness_centrality,0.5,sequential_ollama/gemma4:e4b_w_interests,37
6.0,closeness_centrality,0.47115384615384615,sequential_ollama/gemma4:e4b_w_interests,0
6.0,closeness_centrality,0.47115384615384615,sequential_ollama/gemma4:e4b_w_interests,6
6.0,closeness_centrality,0.5697674418604651,sequential_ollama/gemma4:e4b_w_interests,48
6.0,closeness_centrality,0.44144144144144143,sequential_ollama/gemma4:e4b_w_interests,24
6.0,closeness_centrality,0.532608695652174,sequential_ollama/gemma4:e4b_w_interests,41
6.0,closeness_centrality,0.44144144144144143,sequential_ollama/gemma4:e4b_w_interests,1
6.0,closeness_centrality,0.44545454545454544,sequential_ollama/gemma4:e4b_w_interests,19
6.0,closeness_centrality,0.5833333333333334,sequential_ollama/gemma4:e4b_w_interests,33
6.0,closeness_centrality,0.45794392523364486,sequential_ollama/gemma4:e4b_w_interests,43
6.0,closeness_centrality,0.44144144144144143,sequential_ollama/gemma4:e4b_w_interests,9
6.0,closeness_centrality,0.5104166666666666,sequential_ollama/gemma4:e4b_w_interests,35
6.0,closeness_centrality,0.532608695652174,sequential_ollama/gemma4:e4b_w_interests,2
6.0,closeness_centrality,0.4117647058823529,sequential_ollama/gemma4:e4b_w_interests,21
6.0,closeness_centrality,0.4152542372881356,sequential_ollama/gemma4:e4b_w_interests,36
6.0,closeness_centrality,0.5051546391752577,sequential_ollama/gemma4:e4b_w_interests,45
6.0,closeness_centrality,0.532608695652174,sequential_ollama/gemma4:e4b_w_interests,25
6.0,closeness_centrality,0.4803921568627451,sequential_ollama/gemma4:e4b_w_interests,46
7.0,degree_centrality,0.3061224489795918,sequential_ollama/gemma4:e4b_w_interests,13
7.0,degree_centrality,0.42857142857142855,sequential_ollama/gemma4:e4b_w_interests,38
7.0,degree_centrality,0.5102040816326531,sequential_ollama/gemma4:e4b_w_interests,8
7.0,degree_centrality,0.3061224489795918,sequential_ollama/gemma4:e4b_w_interests,4
7.0,degree_centrality,0.3469387755102041,sequential_ollama/gemma4:e4b_w_interests,22
7.0,degree_centrality,0.42857142857142855,sequential_ollama/gemma4:e4b_w_interests,5
7.0,degree_centrality,0.4081632653061224,sequential_ollama/gemma4:e4b_w_interests,15
7.0,degree_centrality,0.3469387755102041,sequential_ollama/gemma4:e4b_w_interests,31
7.0,degree_centrality,0.3877551020408163,sequential_ollama/gemma4:e4b_w_interests,26
7.0,degree_centrality,0.3061224489795918,sequential_ollama/gemma4:e4b_w_interests,42
7.0,degree_centrality,0.44897959183673464,sequential_ollama/gemma4:e4b_w_interests,10
7.0,degree_centrality,0.4693877551020408,sequential_ollama/gemma4:e4b_w_interests,49
7.0,degree_centrality,0.42857142857142855,sequential_ollama/gemma4:e4b_w_interests,7
7.0,degree_centrality,0.4693877551020408,sequential_ollama/gemma4:e4b_w_interests,28
7.0,degree_centrality,0.44897959183673464,sequential_ollama/gemma4:e4b_w_interests,11
7.0,degree_centrality,0.3469387755102041,sequential_ollama/gemma4:e4b_w_interests,34
7.0,degree_centrality,0.36734693877551017,sequential_ollama/gemma4:e4b_w_interests,44
7.0,degree_centrality,0.3877551020408163,sequential_ollama/gemma4:e4b_w_interests,29
7.0,degree_centrality,0.3061224489795918,sequential_ollama/gemma4:e4b_w_interests,37
7.0,degree_centrality,0.2857142857142857,sequential_ollama/gemma4:e4b_w_interests,46
7.0,degree_centrality,0.24489795918367346,sequential_ollama/gemma4:e4b_w_interests,0
7.0,degree_centrality,0.3469387755102041,sequential_ollama/gemma4:e4b_w_interests,30
7.0,degree_centrality,0.2857142857142857,sequential_ollama/gemma4:e4b_w_interests,17
7.0,degree_centrality,0.24489795918367346,sequential_ollama/gemma4:e4b_w_interests,35
7.0,degree_centrality,0.18367346938775508,sequential_ollama/gemma4:e4b_w_interests,36
7.0,degree_centrality,0.32653061224489793,sequential_ollama/gemma4:e4b_w_interests,40
7.0,degree_centrality,0.22448979591836732,sequential_ollama/gemma4:e4b_w_interests,43
7.0,degree_centrality,0.16326530612244897,sequential_ollama/gemma4:e4b_w_interests,12
7.0,degree_centrality,0.24489795918367346,sequential_ollama/gemma4:e4b_w_interests,1
7.0,degree_centrality,0.18367346938775508,sequential_ollama/gemma4:e4b_w_interests,2
7.0,degree_centrality,0.16326530612244897,sequential_ollama/gemma4:e4b_w_interests,25
7.0,degree_centrality,0.26530612244897955,sequential_ollama/gemma4:e4b_w_interests,19
7.0,degree_centrality,0.2040816326530612,sequential_ollama/gemma4:e4b_w_interests,45
7.0,degree_centrality,0.26530612244897955,sequential_ollama/gemma4:e4b_w_interests,41
7.0,degree_centrality,0.3061224489795918,sequential_ollama/gemma4:e4b_w_interests,33
7.0,degree_centrality,0.18367346938775508,sequential_ollama/gemma4:e4b_w_interests,16
7.0,degree_centrality,0.18367346938775508,sequential_ollama/gemma4:e4b_w_interests,21
7.0,degree_centrality,0.26530612244897955,sequential_ollama/gemma4:e4b_w_interests,47
7.0,degree_centrality,0.24489795918367346,sequential_ollama/gemma4:e4b_w_interests,14
7.0,degree_centrality,0.18367346938775508,sequential_ollama/gemma4:e4b_w_interests,27
7.0,degree_centrality,0.16326530612244897,sequential_ollama/gemma4:e4b_w_interests,20
7.0,degree_centrality,0.2040816326530612,sequential_ollama/gemma4:e4b_w_interests,48
7.0,degree_centrality,0.24489795918367346,sequential_ollama/gemma4:e4b_w_interests,32
7.0,degree_centrality,0.04081632653061224,sequential_ollama/gemma4:e4b_w_interests,18
7.0,degree_centrality,0.08163265306122448,sequential_ollama/gemma4:e4b_w_interests,3
7.0,degree_centrality,0.08163265306122448,sequential_ollama/gemma4:e4b_w_interests,39
7.0,degree_centrality,0.08163265306122448,sequential_ollama/gemma4:e4b_w_interests,6
7.0,degree_centrality,0.18367346938775508,sequential_ollama/gemma4:e4b_w_interests,9
7.0,degree_centrality,0.1020408163265306,sequential_ollama/gemma4:e4b_w_interests,24
7.0,degree_centrality,0.16326530612244897,sequential_ollama/gemma4:e4b_w_interests,23
7.0,betweenness_centrality,0.0003449320493572404,sequential_ollama/gemma4:e4b_w_interests,13
7.0,betweenness_centrality,0.012905625454334251,sequential_ollama/gemma4:e4b_w_interests,38
7.0,betweenness_centrality,0.028258507789001464,sequential_ollama/gemma4:e4b_w_interests,8
7.0,betweenness_centrality,0.003398965883851055,sequential_ollama/gemma4:e4b_w_interests,4
7.0,betweenness_centrality,0.004426411054554865,sequential_ollama/gemma4:e4b_w_interests,22
7.0,betweenness_centrality,0.006083487234358887,sequential_ollama/gemma4:e4b_w_interests,5
7.0,betweenness_centrality,0.007557156898047695,sequential_ollama/gemma4:e4b_w_interests,15
7.0,betweenness_centrality,0.002600648284234634,sequential_ollama/gemma4:e4b_w_interests,31
7.0,betweenness_centrality,0.005841071929121446,sequential_ollama/gemma4:e4b_w_interests,26
7.0,betweenness_centrality,0.000270021132609589,sequential_ollama/gemma4:e4b_w_interests,42
7.0,betweenness_centrality,0.01200542508310765,sequential_ollama/gemma4:e4b_w_interests,10
7.0,betweenness_centrality,0.05711832096910659,sequential_ollama/gemma4:e4b_w_interests,49
7.0,betweenness_centrality,0.014596855293038205,sequential_ollama/gemma4:e4b_w_interests,7
7.0,betweenness_centrality,0.05336104975946866,sequential_ollama/gemma4:e4b_w_interests,28
7.0,betweenness_centrality,0.04364847993955497,sequential_ollama/gemma4:e4b_w_interests,11
7.0,betweenness_centrality,0.002030713969144648,sequential_ollama/gemma4:e4b_w_interests,34
7.0,betweenness_centrality,0.0057152607255966425,sequential_ollama/gemma4:e4b_w_interests,44
7.0,betweenness_centrality,0.17822574231979035,sequential_ollama/gemma4:e4b_w_interests,29
7.0,betweenness_centrality,0.05134723424194486,sequential_ollama/gemma4:e4b_w_interests,37
7.0,betweenness_centrality,0.0007305146734602726,sequential_ollama/gemma4:e4b_w_interests,46
7.0,betweenness_centrality,0.049362230497745345,sequential_ollama/gemma4:e4b_w_interests,0
7.0,betweenness_centrality,0.0583146863537282,sequential_ollama/gemma4:e4b_w_interests,30
7.0,betweenness_centrality,0.029908742094941366,sequential_ollama/gemma4:e4b_w_interests,17
7.0,betweenness_centrality,0.023667952676709608,sequential_ollama/gemma4:e4b_w_interests,35
7.0,betweenness_centrality,0.00040728593024511397,sequential_ollama/gemma4:e4b_w_interests,36
7.0,betweenness_centrality,0.05638878957903665,sequential_ollama/gemma4:e4b_w_interests,40
7.0,betweenness_centrality,0.01062387905706294,sequential_ollama/gemma4:e4b_w_interests,43
7.0,betweenness_centrality,0.0004224705755318,sequential_ollama/gemma4:e4b_w_interests,12
7.0,betweenness_centrality,0.009724882129074087,sequential_ollama/gemma4:e4b_w_interests,1
7.0,betweenness_centrality,0.04706666711312729,sequential_ollama/gemma4:e4b_w_interests,2
7.0,betweenness_centrality,0.0007072670337976459,sequential_ollama/gemma4:e4b_w_interests,25
7.0,betweenness_centrality,0.0068202479968337715,sequential_ollama/gemma4:e4b_w_interests,19
7.0,betweenness_centrality,0.0010669744088111434,sequential_ollama/gemma4:e4b_w_interests,45
7.0,betweenness_centrality,0.10233514589332512,sequential_ollama/gemma4:e4b_w_interests,41
7.0,betweenness_centrality,0.0781066813644166,sequential_ollama/gemma4:e4b_w_interests,33
7.0,betweenness_centrality,0.003306734781824818,sequential_ollama/gemma4:e4b_w_interests,16
7.0,betweenness_centrality,0.0006822967282150955,sequential_ollama/gemma4:e4b_w_interests,21
7.0,betweenness_centrality,0.0137559932640307,sequential_ollama/gemma4:e4b_w_interests,47
7.0,betweenness_centrality,0.19439749636054615,sequential_ollama/gemma4:e4b_w_interests,14
7.0,betweenness_centrality,0.010558123712570743,sequential_ollama/gemma4:e4b_w_interests,27
7.0,betweenness_centrality,0.00038299049778641614,sequential_ollama/gemma4:e4b_w_interests,20
7.0,betweenness_centrality,0.0548286451607059,sequential_ollama/gemma4:e4b_w_interests,48
7.0,betweenness_centrality,0.0022361581151802046,sequential_ollama/gemma4:e4b_w_interests,32
7.0,betweenness_centrality,0.0,sequential_ollama/gemma4:e4b_w_interests,18
7.0,betweenness_centrality,0.03733113009163962,sequential_ollama/gemma4:e4b_w_interests,3
7.0,betweenness_centrality,0.015897545036420265,sequential_ollama/gemma4:e4b_w_interests,39
7.0,betweenness_centrality,0.0,sequential_ollama/gemma4:e4b_w_interests,6
7.0,betweenness_centrality,0.0036589116721169545,sequential_ollama/gemma4:e4b_w_interests,9
7.0,betweenness_centrality,0.0,sequential_ollama/gemma4:e4b_w_interests,24
7.0,betweenness_centrality,0.030906980524225747,sequential_ollama/gemma4:e4b_w_interests,23
7.0,closeness_centrality,0.4117647058823529,sequential_ollama/gemma4:e4b_w_interests,13
7.0,closeness_centrality,0.48514851485148514,sequential_ollama/gemma4:e4b_w_interests,38
7.0,closeness_centrality,0.5104166666666666,sequential_ollama/gemma4:e4b_w_interests,8
7.0,closeness_centrality,0.44954128440366975,sequential_ollama/gemma4:e4b_w_interests,4
7.0,closeness_centrality,0.4537037037037037,sequential_ollama/gemma4:e4b_w_interests,22
7.0,closeness_centrality,0.47572815533980584,sequential_ollama/gemma4:e4b_w_interests,5
7.0,closeness_centrality,0.48514851485148514,sequential_ollama/gemma4:e4b_w_interests,15
7.0,closeness_centrality,0.45794392523364486,sequential_ollama/gemma4:e4b_w_interests,31
7.0,closeness_centrality,0.4666666666666667,sequential_ollama/gemma4:e4b_w_interests,26
7.0,closeness_centrality,0.4117647058823529,sequential_ollama/gemma4:e4b_w_interests,42
7.0,closeness_centrality,0.494949494949495,sequential_ollama/gemma4:e4b_w_interests,10
7.0,closeness_centrality,0.5568181818181818,sequential_ollama/gemma4:e4b_w_interests,49
7.0,closeness_centrality,0.48514851485148514,sequential_ollama/gemma4:e4b_w_interests,7
7.0,closeness_centrality,0.5568181818181818,sequential_ollama/gemma4:e4b_w_interests,28
7.0,closeness_centrality,0.5444444444444444,sequential_ollama/gemma4:e4b_w_interests,11
7.0,closeness_centrality,0.45794392523364486,sequential_ollama/gemma4:e4b_w_interests,34
7.0,closeness_centrality,0.47572815533980584,sequential_ollama/gemma4:e4b_w_interests,44
7.0,closeness_centrality,0.5568181818181818,sequential_ollama/gemma4:e4b_w_interests,29
7.0,closeness_centrality,0.5268817204301075,sequential_ollama/gemma4:e4b_w_interests,37
7.0,closeness_centrality,0.4298245614035088,sequential_ollama/gemma4:e4b_w_interests,46
7.0,closeness_centrality,0.44144144144144143,sequential_ollama/gemma4:e4b_w_interests,0
7.0,closeness_centrality,0.4803921568627451,sequential_ollama/gemma4:e4b_w_interests,30
7.0,closeness_centrality,0.4537037037037037,sequential_ollama/gemma4:e4b_w_interests,17
7.0,closeness_centrality,0.44545454545454544,sequential_ollama/gemma4:e4b_w_interests,35
7.0,closeness_centrality,0.35,sequential_ollama/gemma4:e4b_w_interests,36
7.0,closeness_centrality,0.47572815533980584,sequential_ollama/gemma4:e4b_w_interests,40
7.0,closeness_centrality,0.4117647058823529,sequential_ollama/gemma4:e4b_w_interests,43
7.0,closeness_centrality,0.3475177304964539,sequential_ollama/gemma4:e4b_w_interests,12
7.0,closeness_centrality,0.3983739837398374,sequential_ollama/gemma4:e4b_w_interests,1
7.0,closeness_centrality,0.45794392523364486,sequential_ollama/gemma4:e4b_w_interests,2
7.0,closeness_centrality,0.3475177304964539,sequential_ollama/gemma4:e4b_w_interests,25
7.0,closeness_centrality,0.4016393442622951,sequential_ollama/gemma4:e4b_w_interests,19
7.0,closeness_centrality,0.35251798561151076,sequential_ollama/gemma4:e4b_w_interests,45
7.0,closeness_centrality,0.5444444444444444,sequential_ollama/gemma4:e4b_w_interests,41
7.0,closeness_centrality,0.532608695652174,sequential_ollama/gemma4:e4b_w_interests,33
7.0,closeness_centrality,0.4152542372881356,sequential_ollama/gemma4:e4b_w_interests,16
7.0,closeness_centrality,0.35,sequential_ollama/gemma4:e4b_w_interests,21
7.0,closeness_centrality,0.4298245614035088,sequential_ollama/gemma4:e4b_w_interests,47
7.0,closeness_centrality,0.5568181818181818,sequential_ollama/gemma4:e4b_w_interests,14
7.0,closeness_centrality,0.46226415094339623,sequential_ollama/gemma4:e4b_w_interests,27
7.0,closeness_centrality,0.3888888888888889,sequential_ollama/gemma4:e4b_w_interests,20
7.0,closeness_centrality,0.4803921568627451,sequential_ollama/gemma4:e4b_w_interests,48
7.0,closeness_centrality,0.4336283185840708,sequential_ollama/gemma4:e4b_w_interests,32
7.0,closeness_centrality,0.29878048780487804,sequential_ollama/gemma4:e4b_w_interests,18
7.0,closeness_centrality,0.4049586776859504,sequential_ollama/gemma4:e4b_w_interests,3
7.0,closeness_centrality,0.362962962962963,sequential_ollama/gemma4:e4b_w_interests,39
7.0,closeness_centrality,0.4049586776859504,sequential_ollama/gemma4:e4b_w_interests,6
7.0,closeness_centrality,0.4152542372881356,sequential_ollama/gemma4:e4b_w_interests,9
7.0,closeness_centrality,0.3769230769230769,sequential_ollama/gemma4:e4b_w_interests,24
7.0,closeness_centrality,0.47572815533980584,sequential_ollama/gemma4:e4b_w_interests,23
8.0,degree_centrality,0.36734693877551017,sequential_ollama/gemma4:e4b_w_interests,44
8.0,degree_centrality,0.3877551020408163,sequential_ollama/gemma4:e4b_w_interests,4
8.0,degree_centrality,0.32653061224489793,sequential_ollama/gemma4:e4b_w_interests,32
8.0,degree_centrality,0.44897959183673464,sequential_ollama/gemma4:e4b_w_interests,5
8.0,degree_centrality,0.42857142857142855,sequential_ollama/gemma4:e4b_w_interests,46
8.0,degree_centrality,0.3061224489795918,sequential_ollama/gemma4:e4b_w_interests,15
8.0,degree_centrality,0.42857142857142855,sequential_ollama/gemma4:e4b_w_interests,34
8.0,degree_centrality,0.42857142857142855,sequential_ollama/gemma4:e4b_w_interests,26
8.0,degree_centrality,0.5306122448979591,sequential_ollama/gemma4:e4b_w_interests,10
8.0,degree_centrality,0.3877551020408163,sequential_ollama/gemma4:e4b_w_interests,13
8.0,degree_centrality,0.3877551020408163,sequential_ollama/gemma4:e4b_w_interests,42
8.0,degree_centrality,0.4081632653061224,sequential_ollama/gemma4:e4b_w_interests,7
8.0,degree_centrality,0.26530612244897955,sequential_ollama/gemma4:e4b_w_interests,37
8.0,degree_centrality,0.4693877551020408,sequential_ollama/gemma4:e4b_w_interests,8
8.0,degree_centrality,0.42857142857142855,sequential_ollama/gemma4:e4b_w_interests,11
8.0,degree_centrality,0.44897959183673464,sequential_ollama/gemma4:e4b_w_interests,28
8.0,degree_centrality,0.4081632653061224,sequential_ollama/gemma4:e4b_w_interests,38
8.0,degree_centrality,0.4081632653061224,sequential_ollama/gemma4:e4b_w_interests,22
8.0,degree_centrality,0.32653061224489793,sequential_ollama/gemma4:e4b_w_interests,31
8.0,degree_centrality,0.26530612244897955,sequential_ollama/gemma4:e4b_w_interests,49
8.0,degree_centrality,0.36734693877551017,sequential_ollama/gemma4:e4b_w_interests,27
8.0,degree_centrality,0.24489795918367346,sequential_ollama/gemma4:e4b_w_interests,20
8.0,degree_centrality,0.42857142857142855,sequential_ollama/gemma4:e4b_w_interests,0
8.0,degree_centrality,0.14285714285714285,sequential_ollama/gemma4:e4b_w_interests,36
8.0,degree_centrality,0.16326530612244897,sequential_ollama/gemma4:e4b_w_interests,21
8.0,degree_centrality,0.14285714285714285,sequential_ollama/gemma4:e4b_w_interests,25
8.0,degree_centrality,0.2857142857142857,sequential_ollama/gemma4:e4b_w_interests,19
8.0,degree_centrality,0.24489795918367346,sequential_ollama/gemma4:e4b_w_interests,45
8.0,degree_centrality,0.24489795918367346,sequential_ollama/gemma4:e4b_w_interests,30
8.0,degree_centrality,0.22448979591836732,sequential_ollama/gemma4:e4b_w_interests,12
8.0,degree_centrality,0.18367346938775508,sequential_ollama/gemma4:e4b_w_interests,1
8.0,degree_centrality,0.1020408163265306,sequential_ollama/gemma4:e4b_w_interests,23
8.0,degree_centrality,0.12244897959183673,sequential_ollama/gemma4:e4b_w_interests,3
8.0,degree_centrality,0.1020408163265306,sequential_ollama/gemma4:e4b_w_interests,14
8.0,degree_centrality,0.08163265306122448,sequential_ollama/gemma4:e4b_w_interests,39
8.0,degree_centrality,0.1020408163265306,sequential_ollama/gemma4:e4b_w_interests,18
8.0,degree_centrality,0.18367346938775508,sequential_ollama/gemma4:e4b_w_interests,48
8.0,degree_centrality,0.26530612244897955,sequential_ollama/gemma4:e4b_w_interests,17
8.0,degree_centrality,0.18367346938775508,sequential_ollama/gemma4:e4b_w_interests,24
8.0,degree_centrality,0.22448979591836732,sequential_ollama/gemma4:e4b_w_interests,2
8.0,degree_centrality,0.24489795918367346,sequential_ollama/gemma4:e4b_w_interests,41
8.0,degree_centrality,0.2857142857142857,sequential_ollama/gemma4:e4b_w_interests,33
8.0,degree_centrality,0.3469387755102041,sequential_ollama/gemma4:e4b_w_interests,43
8.0,degree_centrality,0.16326530612244897,sequential_ollama/gemma4:e4b_w_interests,9
8.0,degree_centrality,0.12244897959183673,sequential_ollama/gemma4:e4b_w_interests,6
8.0,degree_centrality,0.24489795918367346,sequential_ollama/gemma4:e4b_w_interests,16
8.0,degree_centrality,0.24489795918367346,sequential_ollama/gemma4:e4b_w_interests,35
8.0,degree_centrality,0.24489795918367346,sequential_ollama/gemma4:e4b_w_interests,29
8.0,degree_centrality,0.1020408163265306,sequential_ollama/gemma4:e4b_w_interests,40
8.0,degree_centrality,0.1020408163265306,sequential_ollama/gemma4:e4b_w_interests,47
8.0,betweenness_centrality,0.0014346053655482052,sequential_ollama/gemma4:e4b_w_interests,44
8.0,betweenness_centrality,0.004893027634261779,sequential_ollama/gemma4:e4b_w_interests,4
8.0,betweenness_centrality,0.002060715857264422,sequential_ollama/gemma4:e4b_w_interests,32
8.0,betweenness_centrality,0.11888507944959885,sequential_ollama/gemma4:e4b_w_interests,5
8.0,betweenness_centrality,0.0039882533513969755,sequential_ollama/gemma4:e4b_w_interests,46
8.0,betweenness_centrality,0.0022604630275075734,sequential_ollama/gemma4:e4b_w_interests,15
8.0,betweenness_centrality,0.005485297977628608,sequential_ollama/gemma4:e4b_w_interests,34
8.0,betweenness_centrality,0.003365177878963657,sequential_ollama/gemma4:e4b_w_interests,26
8.0,betweenness_centrality,0.2307850560825885,sequential_ollama/gemma4:e4b_w_interests,10
8.0,betweenness_centrality,0.0042846137412300865,sequential_ollama/gemma4:e4b_w_interests,13
8.0,betweenness_centrality,0.004745497722854051,sequential_ollama/gemma4:e4b_w_interests,42
8.0,betweenness_centrality,0.004790252466856917,sequential_ollama/gemma4:e4b_w_interests,7
8.0,betweenness_centrality,0.0005490690238273482,sequential_ollama/gemma4:e4b_w_interests,37
8.0,betweenness_centrality,0.008002995534857305,sequential_ollama/gemma4:e4b_w_interests,8
8.0,betweenness_centrality,0.019351046196981487,sequential_ollama/gemma4:e4b_w_interests,11
8.0,betweenness_centrality,0.007725716323636096,sequential_ollama/gemma4:e4b_w_interests,28
8.0,betweenness_centrality,0.0042610207766177206,sequential_ollama/gemma4:e4b_w_interests,38
8.0,betweenness_centrality,0.003075656257333874,sequential_ollama/gemma4:e4b_w_interests,22
8.0,betweenness_centrality,0.001155661455011458,sequential_ollama/gemma4:e4b_w_interests,31
8.0,betweenness_centrality,0.0006495979827746744,sequential_ollama/gemma4:e4b_w_interests,49
8.0,betweenness_centrality,0.02342056263032126,sequential_ollama/gemma4:e4b_w_interests,27
8.0,betweenness_centrality,0.0005041581051919397,sequential_ollama/gemma4:e4b_w_interests,20
8.0,betweenness_centrality,0.06436137249389574,sequential_ollama/gemma4:e4b_w_interests,0
8.0,betweenness_centrality,0.0007600911937646631,sequential_ollama/gemma4:e4b_w_interests,36
8.0,betweenness_centrality,0.0014466212170293803,sequential_ollama/gemma4:e4b_w_interests,21
8.0,betweenness_centrality,0.035467575238502656,sequential_ollama/gemma4:e4b_w_interests,25
8.0,betweenness_centrality,0.015227583130762773,sequential_ollama/gemma4:e4b_w_interests,19
8.0,betweenness_centrality,0.012081802227385707,sequential_ollama/gemma4:e4b_w_interests,45
8.0,betweenness_centrality,0.07200195670328187,sequential_ollama/gemma4:e4b_w_interests,30
8.0,betweenness_centrality,0.009074712135936625,sequential_ollama/gemma4:e4b_w_interests,12
8.0,betweenness_centrality,0.004429284339998626,sequential_ollama/gemma4:e4b_w_interests,1
8.0,betweenness_centrality,0.00450580045257556,sequential_ollama/gemma4:e4b_w_interests,23
8.0,betweenness_centrality,0.05092169800987956,sequential_ollama/gemma4:e4b_w_interests,3
8.0,betweenness_centrality,0.021556346864374302,sequential_ollama/gemma4:e4b_w_interests,14
8.0,betweenness_centrality,0.00048185941043083896,sequential_ollama/gemma4:e4b_w_interests,39
8.0,betweenness_centrality,0.010559878820677774,sequential_ollama/gemma4:e4b_w_interests,18
8.0,betweenness_centrality,0.002694461623033052,sequential_ollama/gemma4:e4b_w_interests,48
8.0,betweenness_centrality,0.009949536377584115,sequential_ollama/gemma4:e4b_w_interests,17
8.0,betweenness_centrality,0.004792462828177114,sequential_ollama/gemma4:e4b_w_interests,24
8.0,betweenness_centrality,0.007508423841091089,sequential_ollama/gemma4:e4b_w_interests,2
8.0,betweenness_centrality,0.0139628475656402,sequential_ollama/gemma4:e4b_w_interests,41
8.0,betweenness_centrality,0.013035039296751446,sequential_ollama/gemma4:e4b_w_interests,33
8.0,betweenness_centrality,0.07839614439034347,sequential_ollama/gemma4:e4b_w_interests,43
8.0,betweenness_centrality,0.002381383510729304,sequential_ollama/gemma4:e4b_w_interests,9
8.0,betweenness_centrality,0.03909188268820814,sequential_ollama/gemma4:e4b_w_interests,6
8.0,betweenness_centrality,0.11175094006482202,sequential_ollama/gemma4:e4b_w_interests,16
8.0,betweenness_centrality,0.1057229414211682,sequential_ollama/gemma4:e4b_w_interests,35
8.0,betweenness_centrality,0.05116441282789066,sequential_ollama/gemma4:e4b_w_interests,29
8.0,betweenness_centrality,0.0006731859410430839,sequential_ollama/gemma4:e4b_w_interests,40
8.0,betweenness_centrality,0.0018568427876670807,sequential_ollama/gemma4:e4b_w_interests,47
8.0,closeness_centrality,0.47572815533980584,sequential_ollama/gemma4:e4b_w_interests,44
8.0,closeness_centrality,0.494949494949495,sequential_ollama/gemma4:e4b_w_interests,4
8.0,closeness_centrality,0.4803921568627451,sequential_ollama/gemma4:e4b_w_interests,32
8.0,closeness_centrality,0.5903614457831325,sequential_ollama/gemma4:e4b_w_interests,5
8.0,closeness_centrality,0.5051546391752577,sequential_ollama/gemma4:e4b_w_interests,46
8.0,closeness_centrality,0.47115384615384615,sequential_ollama/gemma4:e4b_w_interests,15
8.0,closeness_centrality,0.5157894736842106,sequential_ollama/gemma4:e4b_w_interests,34
8.0,closeness_centrality,0.5051546391752577,sequential_ollama/gemma4:e4b_w_interests,26
8.0,closeness_centrality,0.6282051282051282,sequential_ollama/gemma4:e4b_w_interests,10
8.0,closeness_centrality,0.5051546391752577,sequential_ollama/gemma4:e4b_w_interests,13
8.0,closeness_centrality,0.5104166666666666,sequential_ollama/gemma4:e4b_w_interests,42
8.0,closeness_centrality,0.5157894736842106,sequential_ollama/gemma4:e4b_w_interests,7
8.0,closeness_centrality,0.44545454545454544,sequential_ollama/gemma4:e4b_w_interests,37
8.0,closeness_centrality,0.532608695652174,sequential_ollama/gemma4:e4b_w_interests,8
8.0,closeness_centrality,0.5104166666666666,sequential_ollama/gemma4:e4b_w_interests,11
8.0,closeness_centrality,0.5268817204301075,sequential_ollama/gemma4:e4b_w_interests,28
8.0,closeness_centrality,0.5157894736842106,sequential_ollama/gemma4:e4b_w_interests,38
8.0,closeness_centrality,0.5,sequential_ollama/gemma4:e4b_w_interests,22
8.0,closeness_centrality,0.47115384615384615,sequential_ollama/gemma4:e4b_w_interests,31
8.0,closeness_centrality,0.4666666666666667,sequential_ollama/gemma4:e4b_w_interests,49
8.0,closeness_centrality,0.494949494949495,sequential_ollama/gemma4:e4b_w_interests,27
8.0,closeness_centrality,0.4537037037037037,sequential_ollama/gemma4:e4b_w_interests,20
8.0,closeness_centrality,0.5268817204301075,sequential_ollama/gemma4:e4b_w_interests,0
8.0,closeness_centrality,0.392,sequential_ollama/gemma4:e4b_w_interests,36
8.0,closeness_centrality,0.4016393442622951,sequential_ollama/gemma4:e4b_w_interests,21
8.0,closeness_centrality,0.48514851485148514,sequential_ollama/gemma4:e4b_w_interests,25
8.0,closeness_centrality,0.44954128440366975,sequential_ollama/gemma4:e4b_w_interests,19
8.0,closeness_centrality,0.4375,sequential_ollama/gemma4:e4b_w_interests,45
8.0,closeness_centrality,0.5444444444444444,sequential_ollama/gemma4:e4b_w_interests,30
8.0,closeness_centrality,0.4375,sequential_ollama/gemma4:e4b_w_interests,12
8.0,closeness_centrality,0.4224137931034483,sequential_ollama/gemma4:e4b_w_interests,1
8.0,closeness_centrality,0.4117647058823529,sequential_ollama/gemma4:e4b_w_interests,23
8.0,closeness_centrality,0.48514851485148514,sequential_ollama/gemma4:e4b_w_interests,3
8.0,closeness_centrality,0.44954128440366975,sequential_ollama/gemma4:e4b_w_interests,14
8.0,closeness_centrality,0.35251798561151076,sequential_ollama/gemma4:e4b_w_interests,39
8.0,closeness_centrality,0.4152542372881356,sequential_ollama/gemma4:e4b_w_interests,18
8.0,closeness_centrality,0.3858267716535433,sequential_ollama/gemma4:e4b_w_interests,48
8.0,closeness_centrality,0.44545454545454544,sequential_ollama/gemma4:e4b_w_interests,17
8.0,closeness_centrality,0.3858267716535433,sequential_ollama/gemma4:e4b_w_interests,24
8.0,closeness_centrality,0.4375,sequential_ollama/gemma4:e4b_w_interests,2
8.0,closeness_centrality,0.44144144144144143,sequential_ollama/gemma4:e4b_w_interests,41
8.0,closeness_centrality,0.4537037037037037,sequential_ollama/gemma4:e4b_w_interests,33
8.0,closeness_centrality,0.48514851485148514,sequential_ollama/gemma4:e4b_w_interests,43
8.0,closeness_centrality,0.4117647058823529,sequential_ollama/gemma4:e4b_w_interests,9
8.0,closeness_centrality,0.4375,sequential_ollama/gemma4:e4b_w_interests,6
8.0,closeness_centrality,0.532608695652174,sequential_ollama/gemma4:e4b_w_interests,16
8.0,closeness_centrality,0.5632183908045977,sequential_ollama/gemma4:e4b_w_interests,35
8.0,closeness_centrality,0.47572815533980584,sequential_ollama/gemma4:e4b_w_interests,29
8.0,closeness_centrality,0.3769230769230769,sequential_ollama/gemma4:e4b_w_interests,40
8.0,closeness_centrality,0.392,sequential_ollama/gemma4:e4b_w_interests,47
9.0,degree_centrality,0.14285714285714285,sequential_ollama/gemma4:e4b_w_interests,21
9.0,degree_centrality,0.24489795918367346,sequential_ollama/gemma4:e4b_w_interests,47
9.0,degree_centrality,0.26530612244897955,sequential_ollama/gemma4:e4b_w_interests,19
9.0,degree_centrality,0.2040816326530612,sequential_ollama/gemma4:e4b_w_interests,30
9.0,degree_centrality,0.22448979591836732,sequential_ollama/gemma4:e4b_w_interests,17
9.0,degree_centrality,0.18367346938775508,sequential_ollama/gemma4:e4b_w_interests,36
9.0,degree_centrality,0.2040816326530612,sequential_ollama/gemma4:e4b_w_interests,25
9.0,degree_centrality,0.22448979591836732,sequential_ollama/gemma4:e4b_w_interests,1
9.0,degree_centrality,0.22448979591836732,sequential_ollama/gemma4:e4b_w_interests,37
9.0,degree_centrality,0.32653061224489793,sequential_ollama/gemma4:e4b_w_interests,4
9.0,degree_centrality,0.4693877551020408,sequential_ollama/gemma4:e4b_w_interests,28
9.0,degree_centrality,0.4081632653061224,sequential_ollama/gemma4:e4b_w_interests,22
9.0,degree_centrality,0.3061224489795918,sequential_ollama/gemma4:e4b_w_interests,38
9.0,degree_centrality,0.36734693877551017,sequential_ollama/gemma4:e4b_w_interests,44
9.0,degree_centrality,0.2040816326530612,sequential_ollama/gemma4:e4b_w_interests,32
9.0,degree_centrality,0.42857142857142855,sequential_ollama/gemma4:e4b_w_interests,15
9.0,degree_centrality,0.3469387755102041,sequential_ollama/gemma4:e4b_w_interests,10
9.0,degree_centrality,0.4081632653061224,sequential_ollama/gemma4:e4b_w_interests,42
9.0,degree_centrality,0.4081632653061224,sequential_ollama/gemma4:e4b_w_interests,7
9.0,degree_centrality,0.32653061224489793,sequential_ollama/gemma4:e4b_w_interests,8
9.0,degree_centrality,0.18367346938775508,sequential_ollama/gemma4:e4b_w_interests,2
9.0,degree_centrality,0.26530612244897955,sequential_ollama/gemma4:e4b_w_interests,16
9.0,degree_centrality,0.2040816326530612,sequential_ollama/gemma4:e4b_w_interests,14
9.0,degree_centrality,0.3061224489795918,sequential_ollama/gemma4:e4b_w_interests,33
9.0,degree_centrality,0.2857142857142857,sequential_ollama/gemma4:e4b_w_interests,43
9.0,degree_centrality,0.2857142857142857,sequential_ollama/gemma4:e4b_w_interests,48
9.0,degree_centrality,0.3469387755102041,sequential_ollama/gemma4:e4b_w_interests,12
9.0,degree_centrality,0.16326530612244897,sequential_ollama/gemma4:e4b_w_interests,40
9.0,degree_centrality,0.18367346938775508,sequential_ollama/gemma4:e4b_w_interests,41
9.0,degree_centrality,0.2040816326530612,sequential_ollama/gemma4:e4b_w_interests,9
9.0,degree_centrality,0.12244897959183673,sequential_ollama/gemma4:e4b_w_interests,23
9.0,degree_centrality,0.12244897959183673,sequential_ollama/gemma4:e4b_w_interests,18
9.0,degree_centrality,0.16326530612244897,sequential_ollama/gemma4:e4b_w_interests,35
9.0,degree_centrality,0.22448979591836732,sequential_ollama/gemma4:e4b_w_interests,27
9.0,degree_centrality,0.2040816326530612,sequential_ollama/gemma4:e4b_w_interests,5
9.0,degree_centrality,0.2040816326530612,sequential_ollama/gemma4:e4b_w_interests,29
9.0,degree_centrality,0.26530612244897955,sequential_ollama/gemma4:e4b_w_interests,11
9.0,degree_centrality,0.24489795918367346,sequential_ollama/gemma4:e4b_w_interests,20
9.0,degree_centrality,0.26530612244897955,sequential_ollama/gemma4:e4b_w_interests,26
9.0,degree_centrality,0.2040816326530612,sequential_ollama/gemma4:e4b_w_interests,46
9.0,degree_centrality,0.3061224489795918,sequential_ollama/gemma4:e4b_w_interests,6
9.0,degree_centrality,0.2857142857142857,sequential_ollama/gemma4:e4b_w_interests,13
9.0,degree_centrality,0.14285714285714285,sequential_ollama/gemma4:e4b_w_interests,34
9.0,degree_centrality,0.2857142857142857,sequential_ollama/gemma4:e4b_w_interests,31
9.0,degree_centrality,0.22448979591836732,sequential_ollama/gemma4:e4b_w_interests,49
9.0,degree_centrality,0.22448979591836732,sequential_ollama/gemma4:e4b_w_interests,45
9.0,degree_centrality,0.2040816326530612,sequential_ollama/gemma4:e4b_w_interests,24
9.0,degree_centrality,0.061224489795918366,sequential_ollama/gemma4:e4b_w_interests,3
9.0,degree_centrality,0.08163265306122448,sequential_ollama/gemma4:e4b_w_interests,39
9.0,degree_centrality,0.061224489795918366,sequential_ollama/gemma4:e4b_w_interests,0
9.0,betweenness_centrality,0.0021339427428894104,sequential_ollama/gemma4:e4b_w_interests,21
9.0,betweenness_centrality,0.013108064015831866,sequential_ollama/gemma4:e4b_w_interests,47
9.0,betweenness_centrality,0.016376472845339853,sequential_ollama/gemma4:e4b_w_interests,19
9.0,betweenness_centrality,0.007761048828446893,sequential_ollama/gemma4:e4b_w_interests,30
9.0,betweenness_centrality,0.005189626355592741,sequential_ollama/gemma4:e4b_w_interests,17
9.0,betweenness_centrality,0.10521927279066783,sequential_ollama/gemma4:e4b_w_interests,36
9.0,betweenness_centrality,0.003803565717887367,sequential_ollama/gemma4:e4b_w_interests,25
9.0,betweenness_centrality,0.012285446812995957,sequential_ollama/gemma4:e4b_w_interests,1
9.0,betweenness_centrality,0.0007355597916822406,sequential_ollama/gemma4:e4b_w_interests,37
9.0,betweenness_centrality,0.005371553256544366,sequential_ollama/gemma4:e4b_w_interests,4
9.0,betweenness_centrality,0.12836532790348515,sequential_ollama/gemma4:e4b_w_interests,28
9.0,betweenness_centrality,0.017157867497234525,sequential_ollama/gemma4:e4b_w_interests,22
9.0,betweenness_centrality,0.004583342489822967,sequential_ollama/gemma4:e4b_w_interests,38
9.0,betweenness_centrality,0.11835395714722374,sequential_ollama/gemma4:e4b_w_interests,44
9.0,betweenness_centrality,0.0003070672713529856,sequential_ollama/gemma4:e4b_w_interests,32
9.0,betweenness_centrality,0.014693345901120293,sequential_ollama/gemma4:e4b_w_interests,15
9.0,betweenness_centrality,0.011368454083548795,sequential_ollama/gemma4:e4b_w_interests,10
9.0,betweenness_centrality,0.06317444356113293,sequential_ollama/gemma4:e4b_w_interests,42
9.0,betweenness_centrality,0.013290525030861419,sequential_ollama/gemma4:e4b_w_interests,7
9.0,betweenness_centrality,0.0035243009890508405,sequential_ollama/gemma4:e4b_w_interests,8
9.0,betweenness_centrality,0.0015703958540961762,sequential_ollama/gemma4:e4b_w_interests,2
9.0,betweenness_centrality,0.014693334976526057,sequential_ollama/gemma4:e4b_w_interests,16
9.0,betweenness_centrality,0.02020256518484042,sequential_ollama/gemma4:e4b_w_interests,14
9.0,betweenness_centrality,0.02476286625804613,sequential_ollama/gemma4:e4b_w_interests,33
9.0,betweenness_centrality,0.01122966774734633,sequential_ollama/gemma4:e4b_w_interests,43
9.0,betweenness_centrality,0.10353368612783254,sequential_ollama/gemma4:e4b_w_interests,48
9.0,betweenness_centrality,0.07407870292301239,sequential_ollama/gemma4:e4b_w_interests,12
9.0,betweenness_centrality,0.0021438445508073357,sequential_ollama/gemma4:e4b_w_interests,40
9.0,betweenness_centrality,0.0011118895610192129,sequential_ollama/gemma4:e4b_w_interests,41
9.0,betweenness_centrality,0.007792095043323337,sequential_ollama/gemma4:e4b_w_interests,9
9.0,betweenness_centrality,0.02253326606755478,sequential_ollama/gemma4:e4b_w_interests,23
9.0,betweenness_centrality,0.07044087309093225,sequential_ollama/gemma4:e4b_w_interests,18
9.0,betweenness_centrality,0.0020743145743145745,sequential_ollama/gemma4:e4b_w_interests,35
9.0,betweenness_centrality,0.001896826482285666,sequential_ollama/gemma4:e4b_w_interests,27
9.0,betweenness_centrality,0.0005704851525819432,sequential_ollama/gemma4:e4b_w_interests,5
9.0,betweenness_centrality,0.08846387413838543,sequential_ollama/gemma4:e4b_w_interests,29
9.0,betweenness_centrality,0.055712178955619356,sequential_ollama/gemma4:e4b_w_interests,11
9.0,betweenness_centrality,0.0031278762041938458,sequential_ollama/gemma4:e4b_w_interests,20
9.0,betweenness_centrality,0.002502127312749724,sequential_ollama/gemma4:e4b_w_interests,26
9.0,betweenness_centrality,0.0007326054519932071,sequential_ollama/gemma4:e4b_w_interests,46
9.0,betweenness_centrality,0.20028353508115698,sequential_ollama/gemma4:e4b_w_interests,6
9.0,betweenness_centrality,0.005736053660059296,sequential_ollama/gemma4:e4b_w_interests,13
9.0,betweenness_centrality,0.0,sequential_ollama/gemma4:e4b_w_interests,34
9.0,betweenness_centrality,0.0021362035073769765,sequential_ollama/gemma4:e4b_w_interests,31
9.0,betweenness_centrality,0.043971507386497535,sequential_ollama/gemma4:e4b_w_interests,49
9.0,betweenness_centrality,0.009682903927477473,sequential_ollama/gemma4:e4b_w_interests,45
9.0,betweenness_centrality,0.008846204563582474,sequential_ollama/gemma4:e4b_w_interests,24
9.0,betweenness_centrality,0.003744594879798961,sequential_ollama/gemma4:e4b_w_interests,3
9.0,betweenness_centrality,0.011819502426929607,sequential_ollama/gemma4:e4b_w_interests,39
9.0,betweenness_centrality,0.026850452924566778,sequential_ollama/gemma4:e4b_w_interests,0
9.0,closeness_centrality,0.392,sequential_ollama/gemma4:e4b_w_interests,21
9.0,closeness_centrality,0.4375,sequential_ollama/gemma4:e4b_w_interests,47
9.0,closeness_centrality,0.44954128440366975,sequential_ollama/gemma4:e4b_w_interests,19
9.0,closeness_centrality,0.4375,sequential_ollama/gemma4:e4b_w_interests,30
9.0,closeness_centrality,0.3712121212121212,sequential_ollama/gemma4:e4b_w_interests,17
9.0,closeness_centrality,0.5268817204301075,sequential_ollama/gemma4:e4b_w_interests,36
9.0,closeness_centrality,0.4375,sequential_ollama/gemma4:e4b_w_interests,25
9.0,closeness_centrality,0.4375,sequential_ollama/gemma4:e4b_w_interests,1
9.0,closeness_centrality,0.4152542372881356,sequential_ollama/gemma4:e4b_w_interests,37
9.0,closeness_centrality,0.44144144144144143,sequential_ollama/gemma4:e4b_w_interests,4
9.0,closeness_centrality,0.5444444444444444,sequential_ollama/gemma4:e4b_w_interests,28
9.0,closeness_centrality,0.47572815533980584,sequential_ollama/gemma4:e4b_w_interests,22
9.0,closeness_centrality,0.44954128440366975,sequential_ollama/gemma4:e4b_w_interests,38
9.0,closeness_centrality,0.532608695652174,sequential_ollama/gemma4:e4b_w_interests,44
9.0,closeness_centrality,0.4016393442622951,sequential_ollama/gemma4:e4b_w_interests,32
9.0,closeness_centrality,0.47572815533980584,sequential_ollama/gemma4:e4b_w_interests,15
9.0,closeness_centrality,0.45794392523364486,sequential_ollama/gemma4:e4b_w_interests,10
9.0,closeness_centrality,0.48514851485148514,sequential_ollama/gemma4:e4b_w_interests,42
9.0,closeness_centrality,0.47115384615384615,sequential_ollama/gemma4:e4b_w_interests,7
9.0,closeness_centrality,0.4336283185840708,sequential_ollama/gemma4:e4b_w_interests,8
9.0,closeness_centrality,0.3858267716535433,sequential_ollama/gemma4:e4b_w_interests,2
9.0,closeness_centrality,0.44144144144144143,sequential_ollama/gemma4:e4b_w_interests,16
9.0,closeness_centrality,0.4117647058823529,sequential_ollama/gemma4:e4b_w_interests,14
9.0,closeness_centrality,0.45794392523364486,sequential_ollama/gemma4:e4b_w_interests,33
9.0,closeness_centrality,0.4049586776859504,sequential_ollama/gemma4:e4b_w_interests,43
9.0,closeness_centrality,0.5,sequential_ollama/gemma4:e4b_w_interests,48
9.0,closeness_centrality,0.49,sequential_ollama/gemma4:e4b_w_interests,12
9.0,closeness_centrality,0.3602941176470588,sequential_ollama/gemma4:e4b_w_interests,40
9.0,closeness_centrality,0.3858267716535433,sequential_ollama/gemma4:e4b_w_interests,41
9.0,closeness_centrality,0.4260869565217391,sequential_ollama/gemma4:e4b_w_interests,9
9.0,closeness_centrality,0.4260869565217391,sequential_ollama/gemma4:e4b_w_interests,23
9.0,closeness_centrality,0.46226415094339623,sequential_ollama/gemma4:e4b_w_interests,18
9.0,closeness_centrality,0.362962962962963,sequential_ollama/gemma4:e4b_w_interests,35
9.0,closeness_centrality,0.4224137931034483,sequential_ollama/gemma4:e4b_w_interests,27
9.0,closeness_centrality,0.4117647058823529,sequential_ollama/gemma4:e4b_w_interests,5
9.0,closeness_centrality,0.494949494949495,sequential_ollama/gemma4:e4b_w_interests,29
9.0,closeness_centrality,0.5104166666666666,sequential_ollama/gemma4:e4b_w_interests,11
9.0,closeness_centrality,0.4260869565217391,sequential_ollama/gemma4:e4b_w_interests,20
9.0,closeness_centrality,0.4298245614035088,sequential_ollama/gemma4:e4b_w_interests,26
9.0,closeness_centrality,0.4016393442622951,sequential_ollama/gemma4:e4b_w_interests,46
9.0,closeness_centrality,0.5568181818181818,sequential_ollama/gemma4:e4b_w_interests,6
9.0,closeness_centrality,0.44545454545454544,sequential_ollama/gemma4:e4b_w_interests,13
9.0,closeness_centrality,0.3798449612403101,sequential_ollama/gemma4:e4b_w_interests,34
9.0,closeness_centrality,0.4016393442622951,sequential_ollama/gemma4:e4b_w_interests,31
9.0,closeness_centrality,0.4666666666666667,sequential_ollama/gemma4:e4b_w_interests,49
9.0,closeness_centrality,0.44144144144144143,sequential_ollama/gemma4:e4b_w_interests,45
9.0,closeness_centrality,0.4224137931034483,sequential_ollama/gemma4:e4b_w_interests,24
9.0,closeness_centrality,0.35,sequential_ollama/gemma4:e4b_w_interests,3
9.0,closeness_centrality,0.362962962962963,sequential_ollama/gemma4:e4b_w_interests,39
9.0,closeness_centrality,0.3602941176470588,sequential_ollama/gemma4:e4b_w_interests,0
