graph_nr,metric_name,_metric_value,save_name,node
0.0,density,0.15755102040816327,sequential_ollama/gemma4:e4b,
0.0,avg_clustering_coef,0.5506543807070122,sequential_ollama/gemma4:e4b,
0.0,prop_nodes_lcc,1.0,sequential_ollama/gemma4:e4b,
0.0,radius,0.7668666559059943,sequential_ollama/gemma4:e4b,
0.0,diameter,1.2781110931766573,sequential_ollama/gemma4:e4b,
0.0,avg_shortest_path,0.7211676633499637,sequential_ollama/gemma4:e4b,
0.0,modularity,0.48934199575827536,sequential_ollama/gemma4:e4b,
1.0,density,0.12816326530612246,sequential_ollama/gemma4:e4b,
1.0,avg_clustering_coef,0.5033189882013411,sequential_ollama/gemma4:e4b,
1.0,prop_nodes_lcc,1.0,sequential_ollama/gemma4:e4b,
1.0,radius,1.2781110931766573,sequential_ollama/gemma4:e4b,
1.0,diameter,2.0449777490826517,sequential_ollama/gemma4:e4b,
1.0,avg_shortest_path,0.9857627435373926,sequential_ollama/gemma4:e4b,
1.0,modularity,0.5087630329830825,sequential_ollama/gemma4:e4b,
2.0,density,0.14285714285714285,sequential_ollama/gemma4:e4b,
2.0,avg_clustering_coef,0.5645787545787546,sequential_ollama/gemma4:e4b,
2.0,prop_nodes_lcc,1.0,sequential_ollama/gemma4:e4b,
2.0,radius,0.7668666559059943,sequential_ollama/gemma4:e4b,
2.0,diameter,1.5337333118119887,sequential_ollama/gemma4:e4b,
2.0,avg_shortest_path,0.7789695854413815,sequential_ollama/gemma4:e4b,
2.0,modularity,0.5004571428571428,sequential_ollama/gemma4:e4b,
3.0,density,0.363265306122449,sequential_ollama/gemma4:e4b,
3.0,avg_clustering_coef,0.7983490128348791,sequential_ollama/gemma4:e4b,
3.0,prop_nodes_lcc,1.0,sequential_ollama/gemma4:e4b,
3.0,radius,0.7668666559059943,sequential_ollama/gemma4:e4b,
3.0,diameter,1.2781110931766573,sequential_ollama/gemma4:e4b,
3.0,avg_shortest_path,0.5892874656540212,sequential_ollama/gemma4:e4b,
3.0,modularity,0.4967428355005681,sequential_ollama/gemma4:e4b,
4.0,density,0.38612244897959186,sequential_ollama/gemma4:e4b,
4.0,avg_clustering_coef,0.8241333685249557,sequential_ollama/gemma4:e4b,
4.0,prop_nodes_lcc,1.0,sequential_ollama/gemma4:e4b,
4.0,radius,0.7668666559059943,sequential_ollama/gemma4:e4b,
4.0,diameter,1.2781110931766573,sequential_ollama/gemma4:e4b,
4.0,avg_shortest_path,0.5997210255983205,sequential_ollama/gemma4:e4b,
4.0,modularity,0.4863003902042203,sequential_ollama/gemma4:e4b,
5.0,density,0.3706122448979592,sequential_ollama/gemma4:e4b,
5.0,avg_clustering_coef,0.8285599231237945,sequential_ollama/gemma4:e4b,
5.0,prop_nodes_lcc,0.52,sequential_ollama/gemma4:e4b,
5.0,radius,0.6138553528602697,sequential_ollama/gemma4:e4b,
5.0,diameter,0.6138553528602697,sequential_ollama/gemma4:e4b,
5.0,avg_shortest_path,0.3853122830261385,sequential_ollama/gemma4:e4b,
5.0,modularity,0.49781676337596314,sequential_ollama/gemma4:e4b,
6.0,density,0.32653061224489793,sequential_ollama/gemma4:e4b,
6.0,avg_clustering_coef,0.6977138755976523,sequential_ollama/gemma4:e4b,
6.0,prop_nodes_lcc,1.0,sequential_ollama/gemma4:e4b,
6.0,radius,0.5112444372706629,sequential_ollama/gemma4:e4b,
6.0,diameter,0.7668666559059943,sequential_ollama/gemma4:e4b,
6.0,avg_shortest_path,0.47806571664779135,sequential_ollama/gemma4:e4b,
6.0,modularity,0.44247187499999996,sequential_ollama/gemma4:e4b,
7.0,density,0.39510204081632655,sequential_ollama/gemma4:e4b,
7.0,avg_clustering_coef,0.85742480195206,sequential_ollama/gemma4:e4b,
7.0,prop_nodes_lcc,1.0,sequential_ollama/gemma4:e4b,
7.0,radius,0.5112444372706629,sequential_ollama/gemma4:e4b,
7.0,diameter,1.0224888745413259,sequential_ollama/gemma4:e4b,
7.0,avg_shortest_path,0.535658967540323,sequential_ollama/gemma4:e4b,
7.0,modularity,0.48946238303394574,sequential_ollama/gemma4:e4b,
8.0,density,0.3983673469387755,sequential_ollama/gemma4:e4b,
8.0,avg_clustering_coef,0.8341744698370086,sequential_ollama/gemma4:e4b,
8.0,prop_nodes_lcc,1.0,sequential_ollama/gemma4:e4b,
8.0,radius,0.5112444372706629,sequential_ollama/gemma4:e4b,
8.0,diameter,1.0224888745413259,sequential_ollama/gemma4:e4b,
8.0,avg_shortest_path,0.5195912852261023,sequential_ollama/gemma4:e4b,
8.0,modularity,0.49383356288632096,sequential_ollama/gemma4:e4b,
9.0,density,0.3395918367346939,sequential_ollama/gemma4:e4b,
9.0,avg_clustering_coef,0.7857011707530889,sequential_ollama/gemma4:e4b,
9.0,prop_nodes_lcc,1.0,sequential_ollama/gemma4:e4b,
9.0,radius,0.5112444372706629,sequential_ollama/gemma4:e4b,
9.0,diameter,1.0224888745413259,sequential_ollama/gemma4:e4b,
9.0,avg_shortest_path,0.5348242827447792,sequential_ollama/gemma4:e4b,
9.0,modularity,0.4834013267381657,sequential_ollama/gemma4:e4b,
0.0,degree_centrality,0.14285714285714285,sequential_ollama/gemma4:e4b,28
0.0,degree_centrality,0.12244897959183673,sequential_ollama/gemma4:e4b,15
0.0,degree_centrality,0.1020408163265306,sequential_ollama/gemma4:e4b,20
0.0,degree_centrality,0.1020408163265306,sequential_ollama/gemma4:e4b,4
0.0,degree_centrality,0.16326530612244897,sequential_ollama/gemma4:e4b,10
0.0,degree_centrality,0.14285714285714285,sequential_ollama/gemma4:e4b,11
0.0,degree_centrality,0.18367346938775508,sequential_ollama/gemma4:e4b,22
0.0,degree_centrality,0.14285714285714285,sequential_ollama/gemma4:e4b,32
0.0,degree_centrality,0.18367346938775508,sequential_ollama/gemma4:e4b,5
0.0,degree_centrality,0.14285714285714285,sequential_ollama/gemma4:e4b,34
0.0,degree_centrality,0.12244897959183673,sequential_ollama/gemma4:e4b,49
0.0,degree_centrality,0.12244897959183673,sequential_ollama/gemma4:e4b,26
0.0,degree_centrality,0.24489795918367346,sequential_ollama/gemma4:e4b,17
0.0,degree_centrality,0.14285714285714285,sequential_ollama/gemma4:e4b,44
0.0,degree_centrality,0.2040816326530612,sequential_ollama/gemma4:e4b,0
0.0,degree_centrality,0.14285714285714285,sequential_ollama/gemma4:e4b,25
0.0,degree_centrality,0.08163265306122448,sequential_ollama/gemma4:e4b,37
0.0,degree_centrality,0.16326530612244897,sequential_ollama/gemma4:e4b,8
0.0,degree_centrality,0.1020408163265306,sequential_ollama/gemma4:e4b,41
0.0,degree_centrality,0.3877551020408163,sequential_ollama/gemma4:e4b,16
0.0,degree_centrality,0.12244897959183673,sequential_ollama/gemma4:e4b,9
0.0,degree_centrality,0.24489795918367346,sequential_ollama/gemma4:e4b,2
0.0,degree_centrality,0.26530612244897955,sequential_ollama/gemma4:e4b,33
0.0,degree_centrality,0.42857142857142855,sequential_ollama/gemma4:e4b,47
0.0,degree_centrality,0.12244897959183673,sequential_ollama/gemma4:e4b,14
0.0,degree_centrality,0.14285714285714285,sequential_ollama/gemma4:e4b,39
0.0,degree_centrality,0.18367346938775508,sequential_ollama/gemma4:e4b,43
0.0,degree_centrality,0.16326530612244897,sequential_ollama/gemma4:e4b,40
0.0,degree_centrality,0.14285714285714285,sequential_ollama/gemma4:e4b,3
0.0,degree_centrality,0.12244897959183673,sequential_ollama/gemma4:e4b,23
0.0,degree_centrality,0.18367346938775508,sequential_ollama/gemma4:e4b,45
0.0,degree_centrality,0.08163265306122448,sequential_ollama/gemma4:e4b,27
0.0,degree_centrality,0.16326530612244897,sequential_ollama/gemma4:e4b,13
0.0,degree_centrality,0.18367346938775508,sequential_ollama/gemma4:e4b,42
0.0,degree_centrality,0.12244897959183673,sequential_ollama/gemma4:e4b,38
0.0,degree_centrality,0.12244897959183673,sequential_ollama/gemma4:e4b,29
0.0,degree_centrality,0.18367346938775508,sequential_ollama/gemma4:e4b,7
0.0,degree_centrality,0.061224489795918366,sequential_ollama/gemma4:e4b,31
0.0,degree_centrality,0.061224489795918366,sequential_ollama/gemma4:e4b,46
0.0,degree_centrality,0.24489795918367346,sequential_ollama/gemma4:e4b,12
0.0,degree_centrality,0.18367346938775508,sequential_ollama/gemma4:e4b,19
0.0,degree_centrality,0.22448979591836732,sequential_ollama/gemma4:e4b,48
0.0,degree_centrality,0.2040816326530612,sequential_ollama/gemma4:e4b,1
0.0,degree_centrality,0.14285714285714285,sequential_ollama/gemma4:e4b,35
0.0,degree_centrality,0.02040816326530612,sequential_ollama/gemma4:e4b,18
0.0,degree_centrality,0.18367346938775508,sequential_ollama/gemma4:e4b,36
0.0,degree_centrality,0.12244897959183673,sequential_ollama/gemma4:e4b,30
0.0,degree_centrality,0.08163265306122448,sequential_ollama/gemma4:e4b,24
0.0,degree_centrality,0.12244897959183673,sequential_ollama/gemma4:e4b,6
0.0,degree_centrality,0.1020408163265306,sequential_ollama/gemma4:e4b,21
0.0,betweenness_centrality,0.04196578891313199,sequential_ollama/gemma4:e4b,28
0.0,betweenness_centrality,0.009592553520426395,sequential_ollama/gemma4:e4b,15
0.0,betweenness_centrality,0.0008430167364671399,sequential_ollama/gemma4:e4b,20
0.0,betweenness_centrality,0.008378391511862919,sequential_ollama/gemma4:e4b,4
0.0,betweenness_centrality,0.12751771166046072,sequential_ollama/gemma4:e4b,10
0.0,betweenness_centrality,0.27925177724272815,sequential_ollama/gemma4:e4b,11
0.0,betweenness_centrality,0.041527838324176725,sequential_ollama/gemma4:e4b,22
0.0,betweenness_centrality,0.0776526727062085,sequential_ollama/gemma4:e4b,32
0.0,betweenness_centrality,0.0536513284439756,sequential_ollama/gemma4:e4b,5
0.0,betweenness_centrality,0.023375952960924047,sequential_ollama/gemma4:e4b,34
0.0,betweenness_centrality,0.03909933817908034,sequential_ollama/gemma4:e4b,49
0.0,betweenness_centrality,0.03786001106888764,sequential_ollama/gemma4:e4b,26
0.0,betweenness_centrality,0.2795072006977641,sequential_ollama/gemma4:e4b,17
0.0,betweenness_centrality,0.018807857600249563,sequential_ollama/gemma4:e4b,44
0.0,betweenness_centrality,0.047299793937256744,sequential_ollama/gemma4:e4b,0
0.0,betweenness_centrality,0.22142276788334767,sequential_ollama/gemma4:e4b,25
0.0,betweenness_centrality,0.0014219576719576722,sequential_ollama/gemma4:e4b,37
0.0,betweenness_centrality,0.04088937509180607,sequential_ollama/gemma4:e4b,8
0.0,betweenness_centrality,0.0003543083900226757,sequential_ollama/gemma4:e4b,41
0.0,betweenness_centrality,0.13119205878876258,sequential_ollama/gemma4:e4b,16
0.0,betweenness_centrality,0.018173451835777624,sequential_ollama/gemma4:e4b,9
0.0,betweenness_centrality,0.013360622026588415,sequential_ollama/gemma4:e4b,2
0.0,betweenness_centrality,0.01551390867702064,sequential_ollama/gemma4:e4b,33
0.0,betweenness_centrality,0.16586732648297373,sequential_ollama/gemma4:e4b,47
0.0,betweenness_centrality,0.0,sequential_ollama/gemma4:e4b,14
0.0,betweenness_centrality,0.0006731859410430839,sequential_ollama/gemma4:e4b,39
0.0,betweenness_centrality,0.007620592620439283,sequential_ollama/gemma4:e4b,43
0.0,betweenness_centrality,0.0020904195011337864,sequential_ollama/gemma4:e4b,40
0.0,betweenness_centrality,0.0006775726163481265,sequential_ollama/gemma4:e4b,3
0.0,betweenness_centrality,0.0,sequential_ollama/gemma4:e4b,23
0.0,betweenness_centrality,0.007919236348107896,sequential_ollama/gemma4:e4b,45
0.0,betweenness_centrality,0.0008162897193509437,sequential_ollama/gemma4:e4b,27
0.0,betweenness_centrality,0.027175338987156735,sequential_ollama/gemma4:e4b,13
0.0,betweenness_centrality,0.021350280652861944,sequential_ollama/gemma4:e4b,42
0.0,betweenness_centrality,0.006890054543709027,sequential_ollama/gemma4:e4b,38
0.0,betweenness_centrality,0.0014749965642822786,sequential_ollama/gemma4:e4b,29
0.0,betweenness_centrality,0.008315792816144679,sequential_ollama/gemma4:e4b,7
0.0,betweenness_centrality,0.00033406219630709427,sequential_ollama/gemma4:e4b,31
0.0,betweenness_centrality,0.00042213313896987363,sequential_ollama/gemma4:e4b,46
0.0,betweenness_centrality,0.015849117946650407,sequential_ollama/gemma4:e4b,12
0.0,betweenness_centrality,0.0021386939418869427,sequential_ollama/gemma4:e4b,19
0.0,betweenness_centrality,0.024607089114363746,sequential_ollama/gemma4:e4b,48
0.0,betweenness_centrality,0.004442810614361819,sequential_ollama/gemma4:e4b,1
0.0,betweenness_centrality,0.00048590864917395516,sequential_ollama/gemma4:e4b,35
0.0,betweenness_centrality,0.0,sequential_ollama/gemma4:e4b,18
0.0,betweenness_centrality,0.05934547597621085,sequential_ollama/gemma4:e4b,36
0.0,betweenness_centrality,0.005919074560391948,sequential_ollama/gemma4:e4b,30
0.0,betweenness_centrality,0.00042517006802721087,sequential_ollama/gemma4:e4b,24
0.0,betweenness_centrality,0.0021817754879729667,sequential_ollama/gemma4:e4b,6
0.0,betweenness_centrality,0.001426761180662741,sequential_ollama/gemma4:e4b,21
0.0,closeness_centrality,0.37404580152671757,sequential_ollama/gemma4:e4b,28
0.0,closeness_centrality,0.3081761006289308,sequential_ollama/gemma4:e4b,15
0.0,closeness_centrality,0.3356164383561644,sequential_ollama/gemma4:e4b,20
0.0,closeness_centrality,0.34265734265734266,sequential_ollama/gemma4:e4b,4
0.0,closeness_centrality,0.4224137931034483,sequential_ollama/gemma4:e4b,10
0.0,closeness_centrality,0.4537037037037037,sequential_ollama/gemma4:e4b,11
0.0,closeness_centrality,0.3828125,sequential_ollama/gemma4:e4b,22
0.0,closeness_centrality,0.4049586776859504,sequential_ollama/gemma4:e4b,32
0.0,closeness_centrality,0.3712121212121212,sequential_ollama/gemma4:e4b,5
0.0,closeness_centrality,0.362962962962963,sequential_ollama/gemma4:e4b,34
0.0,closeness_centrality,0.35766423357664234,sequential_ollama/gemma4:e4b,49
0.0,closeness_centrality,0.35507246376811596,sequential_ollama/gemma4:e4b,26
0.0,closeness_centrality,0.46226415094339623,sequential_ollama/gemma4:e4b,17
0.0,closeness_centrality,0.35,sequential_ollama/gemma4:e4b,44
0.0,closeness_centrality,0.3712121212121212,sequential_ollama/gemma4:e4b,0
0.0,closeness_centrality,0.4375,sequential_ollama/gemma4:e4b,25
0.0,closeness_centrality,0.3333333333333333,sequential_ollama/gemma4:e4b,37
0.0,closeness_centrality,0.35,sequential_ollama/gemma4:e4b,8
0.0,closeness_centrality,0.3310810810810811,sequential_ollama/gemma4:e4b,41
0.0,closeness_centrality,0.44545454545454544,sequential_ollama/gemma4:e4b,16
0.0,closeness_centrality,0.3712121212121212,sequential_ollama/gemma4:e4b,9
0.0,closeness_centrality,0.3475177304964539,sequential_ollama/gemma4:e4b,2
0.0,closeness_centrality,0.3951612903225806,sequential_ollama/gemma4:e4b,33
0.0,closeness_centrality,0.45794392523364486,sequential_ollama/gemma4:e4b,47
0.0,closeness_centrality,0.3310810810810811,sequential_ollama/gemma4:e4b,14
0.0,closeness_centrality,0.3333333333333333,sequential_ollama/gemma4:e4b,39
0.0,closeness_centrality,0.3828125,sequential_ollama/gemma4:e4b,43
0.0,closeness_centrality,0.3356164383561644,sequential_ollama/gemma4:e4b,40
0.0,closeness_centrality,0.3356164383561644,sequential_ollama/gemma4:e4b,3
0.0,closeness_centrality,0.3310810810810811,sequential_ollama/gemma4:e4b,23
0.0,closeness_centrality,0.3798449612403101,sequential_ollama/gemma4:e4b,45
0.0,closeness_centrality,0.2934131736526946,sequential_ollama/gemma4:e4b,27
0.0,closeness_centrality,0.3202614379084967,sequential_ollama/gemma4:e4b,13
0.0,closeness_centrality,0.3223684210526316,sequential_ollama/gemma4:e4b,42
0.0,closeness_centrality,0.3161290322580645,sequential_ollama/gemma4:e4b,38
0.0,closeness_centrality,0.3081761006289308,sequential_ollama/gemma4:e4b,29
0.0,closeness_centrality,0.3181818181818182,sequential_ollama/gemma4:e4b,7
0.0,closeness_centrality,0.28488372093023256,sequential_ollama/gemma4:e4b,31
0.0,closeness_centrality,0.28994082840236685,sequential_ollama/gemma4:e4b,46
0.0,closeness_centrality,0.3951612903225806,sequential_ollama/gemma4:e4b,12
0.0,closeness_centrality,0.3828125,sequential_ollama/gemma4:e4b,19
0.0,closeness_centrality,0.3888888888888889,sequential_ollama/gemma4:e4b,48
0.0,closeness_centrality,0.3888888888888889,sequential_ollama/gemma4:e4b,1
0.0,closeness_centrality,0.35,sequential_ollama/gemma4:e4b,35
0.0,closeness_centrality,0.2934131736526946,sequential_ollama/gemma4:e4b,18
0.0,closeness_centrality,0.4117647058823529,sequential_ollama/gemma4:e4b,36
0.0,closeness_centrality,0.37404580152671757,sequential_ollama/gemma4:e4b,30
0.0,closeness_centrality,0.32666666666666666,sequential_ollama/gemma4:e4b,24
0.0,closeness_centrality,0.3310810810810811,sequential_ollama/gemma4:e4b,6
0.0,closeness_centrality,0.3333333333333333,sequential_ollama/gemma4:e4b,21
1.0,degree_centrality,0.1020408163265306,sequential_ollama/gemma4:e4b,27
1.0,degree_centrality,0.16326530612244897,sequential_ollama/gemma4:e4b,26
1.0,degree_centrality,0.12244897959183673,sequential_ollama/gemma4:e4b,31
1.0,degree_centrality,0.08163265306122448,sequential_ollama/gemma4:e4b,20
1.0,degree_centrality,0.12244897959183673,sequential_ollama/gemma4:e4b,5
1.0,degree_centrality,0.12244897959183673,sequential_ollama/gemma4:e4b,49
1.0,degree_centrality,0.08163265306122448,sequential_ollama/gemma4:e4b,35
1.0,degree_centrality,0.18367346938775508,sequential_ollama/gemma4:e4b,17
1.0,degree_centrality,0.18367346938775508,sequential_ollama/gemma4:e4b,1
1.0,degree_centrality,0.2040816326530612,sequential_ollama/gemma4:e4b,12
1.0,degree_centrality,0.36734693877551017,sequential_ollama/gemma4:e4b,19
1.0,degree_centrality,0.14285714285714285,sequential_ollama/gemma4:e4b,40
1.0,degree_centrality,0.1020408163265306,sequential_ollama/gemma4:e4b,39
1.0,degree_centrality,0.1020408163265306,sequential_ollama/gemma4:e4b,14
1.0,degree_centrality,0.2040816326530612,sequential_ollama/gemma4:e4b,47
1.0,degree_centrality,0.22448979591836732,sequential_ollama/gemma4:e4b,6
1.0,degree_centrality,0.14285714285714285,sequential_ollama/gemma4:e4b,21
1.0,degree_centrality,0.1020408163265306,sequential_ollama/gemma4:e4b,23
1.0,degree_centrality,0.14285714285714285,sequential_ollama/gemma4:e4b,38
1.0,degree_centrality,0.12244897959183673,sequential_ollama/gemma4:e4b,15
1.0,degree_centrality,0.16326530612244897,sequential_ollama/gemma4:e4b,8
1.0,degree_centrality,0.2040816326530612,sequential_ollama/gemma4:e4b,7
1.0,degree_centrality,0.14285714285714285,sequential_ollama/gemma4:e4b,13
1.0,degree_centrality,0.14285714285714285,sequential_ollama/gemma4:e4b,42
1.0,degree_centrality,0.08163265306122448,sequential_ollama/gemma4:e4b,4
1.0,degree_centrality,0.1020408163265306,sequential_ollama/gemma4:e4b,2
1.0,degree_centrality,0.1020408163265306,sequential_ollama/gemma4:e4b,41
1.0,degree_centrality,0.14285714285714285,sequential_ollama/gemma4:e4b,16
1.0,degree_centrality,0.16326530612244897,sequential_ollama/gemma4:e4b,9
1.0,degree_centrality,0.061224489795918366,sequential_ollama/gemma4:e4b,0
1.0,degree_centrality,0.14285714285714285,sequential_ollama/gemma4:e4b,3
1.0,degree_centrality,0.16326530612244897,sequential_ollama/gemma4:e4b,48
1.0,degree_centrality,0.24489795918367346,sequential_ollama/gemma4:e4b,33
1.0,degree_centrality,0.14285714285714285,sequential_ollama/gemma4:e4b,43
1.0,degree_centrality,0.1020408163265306,sequential_ollama/gemma4:e4b,24
1.0,degree_centrality,0.12244897959183673,sequential_ollama/gemma4:e4b,29
1.0,degree_centrality,0.12244897959183673,sequential_ollama/gemma4:e4b,34
1.0,degree_centrality,0.12244897959183673,sequential_ollama/gemma4:e4b,11
1.0,degree_centrality,0.061224489795918366,sequential_ollama/gemma4:e4b,46
1.0,degree_centrality,0.14285714285714285,sequential_ollama/gemma4:e4b,44
1.0,degree_centrality,0.04081632653061224,sequential_ollama/gemma4:e4b,32
1.0,degree_centrality,0.08163265306122448,sequential_ollama/gemma4:e4b,10
1.0,degree_centrality,0.061224489795918366,sequential_ollama/gemma4:e4b,25
1.0,degree_centrality,0.04081632653061224,sequential_ollama/gemma4:e4b,36
1.0,degree_centrality,0.1020408163265306,sequential_ollama/gemma4:e4b,30
1.0,degree_centrality,0.02040816326530612,sequential_ollama/gemma4:e4b,18
1.0,degree_centrality,0.08163265306122448,sequential_ollama/gemma4:e4b,45
1.0,degree_centrality,0.1020408163265306,sequential_ollama/gemma4:e4b,22
1.0,degree_centrality,0.061224489795918366,sequential_ollama/gemma4:e4b,28
1.0,degree_centrality,0.12244897959183673,sequential_ollama/gemma4:e4b,37
1.0,betweenness_centrality,0.014902444494281209,sequential_ollama/gemma4:e4b,27
1.0,betweenness_centrality,0.014901042834716305,sequential_ollama/gemma4:e4b,26
1.0,betweenness_centrality,0.0078878132449561,sequential_ollama/gemma4:e4b,31
1.0,betweenness_centrality,0.021544312169312158,sequential_ollama/gemma4:e4b,20
1.0,betweenness_centrality,0.1402403223194039,sequential_ollama/gemma4:e4b,5
1.0,betweenness_centrality,0.0061177248677248665,sequential_ollama/gemma4:e4b,49
1.0,betweenness_centrality,0.0,sequential_ollama/gemma4:e4b,35
1.0,betweenness_centrality,0.052444286627960114,sequential_ollama/gemma4:e4b,17
1.0,betweenness_centrality,0.007974300831443688,sequential_ollama/gemma4:e4b,1
1.0,betweenness_centrality,0.05018660241874527,sequential_ollama/gemma4:e4b,12
1.0,betweenness_centrality,0.13880658032443757,sequential_ollama/gemma4:e4b,19
1.0,betweenness_centrality,0.013955026455026463,sequential_ollama/gemma4:e4b,40
1.0,betweenness_centrality,0.0,sequential_ollama/gemma4:e4b,39
1.0,betweenness_centrality,0.0,sequential_ollama/gemma4:e4b,14
1.0,betweenness_centrality,0.02357422669922669,sequential_ollama/gemma4:e4b,47
1.0,betweenness_centrality,0.18063207578513685,sequential_ollama/gemma4:e4b,6
1.0,betweenness_centrality,0.0031985611704999453,sequential_ollama/gemma4:e4b,21
1.0,betweenness_centrality,0.0,sequential_ollama/gemma4:e4b,23
1.0,betweenness_centrality,0.032949616049105845,sequential_ollama/gemma4:e4b,38
1.0,betweenness_centrality,0.02247901144584817,sequential_ollama/gemma4:e4b,15
1.0,betweenness_centrality,0.13299343088883894,sequential_ollama/gemma4:e4b,8
1.0,betweenness_centrality,0.11208204588306629,sequential_ollama/gemma4:e4b,7
1.0,betweenness_centrality,0.024770205701328134,sequential_ollama/gemma4:e4b,13
1.0,betweenness_centrality,0.012897396443314807,sequential_ollama/gemma4:e4b,42
1.0,betweenness_centrality,0.0018221574344023323,sequential_ollama/gemma4:e4b,4
1.0,betweenness_centrality,0.35510811467444126,sequential_ollama/gemma4:e4b,2
1.0,betweenness_centrality,0.031646280306994595,sequential_ollama/gemma4:e4b,41
1.0,betweenness_centrality,0.04508020088377234,sequential_ollama/gemma4:e4b,16
1.0,betweenness_centrality,0.058315371325575405,sequential_ollama/gemma4:e4b,9
1.0,betweenness_centrality,0.3557458697764821,sequential_ollama/gemma4:e4b,0
1.0,betweenness_centrality,0.002409297052154195,sequential_ollama/gemma4:e4b,3
1.0,betweenness_centrality,0.009041405023547878,sequential_ollama/gemma4:e4b,48
1.0,betweenness_centrality,0.025574576594984758,sequential_ollama/gemma4:e4b,33
1.0,betweenness_centrality,0.005422268113594643,sequential_ollama/gemma4:e4b,43
1.0,betweenness_centrality,0.003620486656200941,sequential_ollama/gemma4:e4b,24
1.0,betweenness_centrality,0.007617474645535868,sequential_ollama/gemma4:e4b,29
1.0,betweenness_centrality,0.04125315113835523,sequential_ollama/gemma4:e4b,34
1.0,betweenness_centrality,0.019621832249383263,sequential_ollama/gemma4:e4b,11
1.0,betweenness_centrality,0.0,sequential_ollama/gemma4:e4b,46
1.0,betweenness_centrality,0.1995903520138214,sequential_ollama/gemma4:e4b,44
1.0,betweenness_centrality,0.0,sequential_ollama/gemma4:e4b,32
1.0,betweenness_centrality,0.13816340028074725,sequential_ollama/gemma4:e4b,10
1.0,betweenness_centrality,0.13490038872691934,sequential_ollama/gemma4:e4b,25
1.0,betweenness_centrality,0.04081632653061224,sequential_ollama/gemma4:e4b,36
1.0,betweenness_centrality,0.17337827988338192,sequential_ollama/gemma4:e4b,30
1.0,betweenness_centrality,0.0,sequential_ollama/gemma4:e4b,18
1.0,betweenness_centrality,0.012585034013605442,sequential_ollama/gemma4:e4b,45
1.0,betweenness_centrality,0.015198428272407865,sequential_ollama/gemma4:e4b,22
1.0,betweenness_centrality,0.0007086167800453514,sequential_ollama/gemma4:e4b,28
1.0,betweenness_centrality,0.2831837970230827,sequential_ollama/gemma4:e4b,37
1.0,closeness_centrality,0.24019607843137256,sequential_ollama/gemma4:e4b,27
1.0,closeness_centrality,0.2149122807017544,sequential_ollama/gemma4:e4b,26
1.0,closeness_centrality,0.21212121212121213,sequential_ollama/gemma4:e4b,31
1.0,closeness_centrality,0.24019607843137256,sequential_ollama/gemma4:e4b,20
1.0,closeness_centrality,0.28654970760233917,sequential_ollama/gemma4:e4b,5
1.0,closeness_centrality,0.21030042918454936,sequential_ollama/gemma4:e4b,49
1.0,closeness_centrality,0.23671497584541062,sequential_ollama/gemma4:e4b,35
1.0,closeness_centrality,0.2832369942196532,sequential_ollama/gemma4:e4b,17
1.0,closeness_centrality,0.2752808988764045,sequential_ollama/gemma4:e4b,1
1.0,closeness_centrality,0.28488372093023256,sequential_ollama/gemma4:e4b,12
1.0,closeness_centrality,0.28994082840236685,sequential_ollama/gemma4:e4b,19
1.0,closeness_centrality,0.26344086021505375,sequential_ollama/gemma4:e4b,40
1.0,closeness_centrality,0.23222748815165878,sequential_ollama/gemma4:e4b,39
1.0,closeness_centrality,0.23222748815165878,sequential_ollama/gemma4:e4b,14
1.0,closeness_centrality,0.2677595628415301,sequential_ollama/gemma4:e4b,47
1.0,closeness_centrality,0.3181818181818182,sequential_ollama/gemma4:e4b,6
1.0,closeness_centrality,0.2722222222222222,sequential_ollama/gemma4:e4b,21
1.0,closeness_centrality,0.23222748815165878,sequential_ollama/gemma4:e4b,23
1.0,closeness_centrality,0.2474747474747475,sequential_ollama/gemma4:e4b,38
1.0,closeness_centrality,0.28160919540229884,sequential_ollama/gemma4:e4b,15
1.0,closeness_centrality,0.28823529411764703,sequential_ollama/gemma4:e4b,8
1.0,closeness_centrality,0.29518072289156627,sequential_ollama/gemma4:e4b,7
1.0,closeness_centrality,0.245,sequential_ollama/gemma4:e4b,13
1.0,closeness_centrality,0.24873096446700507,sequential_ollama/gemma4:e4b,42
1.0,closeness_centrality,0.2076271186440678,sequential_ollama/gemma4:e4b,4
1.0,closeness_centrality,0.3288590604026846,sequential_ollama/gemma4:e4b,2
1.0,closeness_centrality,0.296969696969697,sequential_ollama/gemma4:e4b,41
1.0,closeness_centrality,0.3006134969325153,sequential_ollama/gemma4:e4b,16
1.0,closeness_centrality,0.30246913580246915,sequential_ollama/gemma4:e4b,9
1.0,closeness_centrality,0.3288590604026846,sequential_ollama/gemma4:e4b,0
1.0,closeness_centrality,0.2413793103448276,sequential_ollama/gemma4:e4b,3
1.0,closeness_centrality,0.2648648648648649,sequential_ollama/gemma4:e4b,48
1.0,closeness_centrality,0.28,sequential_ollama/gemma4:e4b,33
1.0,closeness_centrality,0.2413793103448276,sequential_ollama/gemma4:e4b,43
1.0,closeness_centrality,0.2578947368421053,sequential_ollama/gemma4:e4b,24
1.0,closeness_centrality,0.245,sequential_ollama/gemma4:e4b,29
1.0,closeness_centrality,0.24623115577889448,sequential_ollama/gemma4:e4b,34
1.0,closeness_centrality,0.24257425742574257,sequential_ollama/gemma4:e4b,11
1.0,closeness_centrality,0.2677595628415301,sequential_ollama/gemma4:e4b,46
1.0,closeness_centrality,0.3288590604026846,sequential_ollama/gemma4:e4b,44
1.0,closeness_centrality,0.25925925925925924,sequential_ollama/gemma4:e4b,32
1.0,closeness_centrality,0.3006134969325153,sequential_ollama/gemma4:e4b,10
1.0,closeness_centrality,0.296969696969697,sequential_ollama/gemma4:e4b,25
1.0,closeness_centrality,0.23222748815165878,sequential_ollama/gemma4:e4b,36
1.0,closeness_centrality,0.296969696969697,sequential_ollama/gemma4:e4b,30
1.0,closeness_centrality,0.1891891891891892,sequential_ollama/gemma4:e4b,18
1.0,closeness_centrality,0.27071823204419887,sequential_ollama/gemma4:e4b,45
1.0,closeness_centrality,0.24019607843137256,sequential_ollama/gemma4:e4b,22
1.0,closeness_centrality,0.20416666666666666,sequential_ollama/gemma4:e4b,28
1.0,closeness_centrality,0.3333333333333333,sequential_ollama/gemma4:e4b,37
2.0,degree_centrality,0.1020408163265306,sequential_ollama/gemma4:e4b,36
2.0,degree_centrality,0.16326530612244897,sequential_ollama/gemma4:e4b,30
2.0,degree_centrality,0.061224489795918366,sequential_ollama/gemma4:e4b,6
2.0,degree_centrality,0.08163265306122448,sequential_ollama/gemma4:e4b,21
2.0,degree_centrality,0.04081632653061224,sequential_ollama/gemma4:e4b,18
2.0,degree_centrality,0.2040816326530612,sequential_ollama/gemma4:e4b,1
2.0,degree_centrality,0.2040816326530612,sequential_ollama/gemma4:e4b,47
2.0,degree_centrality,0.18367346938775508,sequential_ollama/gemma4:e4b,33
2.0,degree_centrality,0.18367346938775508,sequential_ollama/gemma4:e4b,16
2.0,degree_centrality,0.2040816326530612,sequential_ollama/gemma4:e4b,9
2.0,degree_centrality,0.2857142857142857,sequential_ollama/gemma4:e4b,43
2.0,degree_centrality,0.12244897959183673,sequential_ollama/gemma4:e4b,40
2.0,degree_centrality,0.08163265306122448,sequential_ollama/gemma4:e4b,24
2.0,degree_centrality,0.08163265306122448,sequential_ollama/gemma4:e4b,14
2.0,degree_centrality,0.1020408163265306,sequential_ollama/gemma4:e4b,23
2.0,degree_centrality,0.1020408163265306,sequential_ollama/gemma4:e4b,39
2.0,degree_centrality,0.12244897959183673,sequential_ollama/gemma4:e4b,28
2.0,degree_centrality,0.14285714285714285,sequential_ollama/gemma4:e4b,10
2.0,degree_centrality,0.14285714285714285,sequential_ollama/gemma4:e4b,32
2.0,degree_centrality,0.2040816326530612,sequential_ollama/gemma4:e4b,11
2.0,degree_centrality,0.16326530612244897,sequential_ollama/gemma4:e4b,22
2.0,degree_centrality,0.18367346938775508,sequential_ollama/gemma4:e4b,34
2.0,degree_centrality,0.3061224489795918,sequential_ollama/gemma4:e4b,44
2.0,degree_centrality,0.12244897959183673,sequential_ollama/gemma4:e4b,2
2.0,degree_centrality,0.12244897959183673,sequential_ollama/gemma4:e4b,41
2.0,degree_centrality,0.16326530612244897,sequential_ollama/gemma4:e4b,3
2.0,degree_centrality,0.14285714285714285,sequential_ollama/gemma4:e4b,48
2.0,degree_centrality,0.16326530612244897,sequential_ollama/gemma4:e4b,13
2.0,degree_centrality,0.12244897959183673,sequential_ollama/gemma4:e4b,27
2.0,degree_centrality,0.18367346938775508,sequential_ollama/gemma4:e4b,38
2.0,degree_centrality,0.18367346938775508,sequential_ollama/gemma4:e4b,31
2.0,degree_centrality,0.18367346938775508,sequential_ollama/gemma4:e4b,4
2.0,degree_centrality,0.16326530612244897,sequential_ollama/gemma4:e4b,42
2.0,degree_centrality,0.2040816326530612,sequential_ollama/gemma4:e4b,26
2.0,degree_centrality,0.16326530612244897,sequential_ollama/gemma4:e4b,49
2.0,degree_centrality,0.16326530612244897,sequential_ollama/gemma4:e4b,0
2.0,degree_centrality,0.18367346938775508,sequential_ollama/gemma4:e4b,7
2.0,degree_centrality,0.04081632653061224,sequential_ollama/gemma4:e4b,37
2.0,degree_centrality,0.061224489795918366,sequential_ollama/gemma4:e4b,15
2.0,degree_centrality,0.12244897959183673,sequential_ollama/gemma4:e4b,5
2.0,degree_centrality,0.1020408163265306,sequential_ollama/gemma4:e4b,29
2.0,degree_centrality,0.14285714285714285,sequential_ollama/gemma4:e4b,8
2.0,degree_centrality,0.1020408163265306,sequential_ollama/gemma4:e4b,46
2.0,degree_centrality,0.14285714285714285,sequential_ollama/gemma4:e4b,35
2.0,degree_centrality,0.2040816326530612,sequential_ollama/gemma4:e4b,19
2.0,degree_centrality,0.12244897959183673,sequential_ollama/gemma4:e4b,17
2.0,degree_centrality,0.12244897959183673,sequential_ollama/gemma4:e4b,12
2.0,degree_centrality,0.1020408163265306,sequential_ollama/gemma4:e4b,45
2.0,degree_centrality,0.08163265306122448,sequential_ollama/gemma4:e4b,20
2.0,degree_centrality,0.061224489795918366,sequential_ollama/gemma4:e4b,25
2.0,betweenness_centrality,0.03250569042614309,sequential_ollama/gemma4:e4b,36
2.0,betweenness_centrality,0.1560476022733101,sequential_ollama/gemma4:e4b,30
2.0,betweenness_centrality,0.004246976568405139,sequential_ollama/gemma4:e4b,6
2.0,betweenness_centrality,0.003982652490072699,sequential_ollama/gemma4:e4b,21
2.0,betweenness_centrality,0.0,sequential_ollama/gemma4:e4b,18
2.0,betweenness_centrality,0.09023045437632142,sequential_ollama/gemma4:e4b,1
2.0,betweenness_centrality,0.10566526609256202,sequential_ollama/gemma4:e4b,47
2.0,betweenness_centrality,0.026007238521720266,sequential_ollama/gemma4:e4b,33
2.0,betweenness_centrality,0.30531204221610847,sequential_ollama/gemma4:e4b,16
2.0,betweenness_centrality,0.04828989664851305,sequential_ollama/gemma4:e4b,9
2.0,betweenness_centrality,0.11367591484054816,sequential_ollama/gemma4:e4b,43
2.0,betweenness_centrality,0.02969033635727037,sequential_ollama/gemma4:e4b,40
2.0,betweenness_centrality,0.0028223194039520565,sequential_ollama/gemma4:e4b,24
2.0,betweenness_centrality,0.0,sequential_ollama/gemma4:e4b,14
2.0,betweenness_centrality,0.0010322184429327288,sequential_ollama/gemma4:e4b,23
2.0,betweenness_centrality,0.0010322184429327288,sequential_ollama/gemma4:e4b,39
2.0,betweenness_centrality,0.002882444464077117,sequential_ollama/gemma4:e4b,28
2.0,betweenness_centrality,0.050261349784133054,sequential_ollama/gemma4:e4b,10
2.0,betweenness_centrality,0.03624498165739004,sequential_ollama/gemma4:e4b,32
2.0,betweenness_centrality,0.05909364977807803,sequential_ollama/gemma4:e4b,11
2.0,betweenness_centrality,0.04058802699949609,sequential_ollama/gemma4:e4b,22
2.0,betweenness_centrality,0.008307530054979032,sequential_ollama/gemma4:e4b,34
2.0,betweenness_centrality,0.07290764392057496,sequential_ollama/gemma4:e4b,44
2.0,betweenness_centrality,0.08701249408587018,sequential_ollama/gemma4:e4b,2
2.0,betweenness_centrality,0.005167903968458672,sequential_ollama/gemma4:e4b,41
2.0,betweenness_centrality,0.023622024016966472,sequential_ollama/gemma4:e4b,3
2.0,betweenness_centrality,0.003584788826902913,sequential_ollama/gemma4:e4b,48
2.0,betweenness_centrality,0.004777374930436155,sequential_ollama/gemma4:e4b,13
2.0,betweenness_centrality,0.004193557764986336,sequential_ollama/gemma4:e4b,27
2.0,betweenness_centrality,0.05812059255936805,sequential_ollama/gemma4:e4b,38
2.0,betweenness_centrality,0.006451131068478006,sequential_ollama/gemma4:e4b,31
2.0,betweenness_centrality,0.02448775006172965,sequential_ollama/gemma4:e4b,4
2.0,betweenness_centrality,0.043948667138762144,sequential_ollama/gemma4:e4b,42
2.0,betweenness_centrality,0.0704930255361283,sequential_ollama/gemma4:e4b,26
2.0,betweenness_centrality,0.01604477580242886,sequential_ollama/gemma4:e4b,49
2.0,betweenness_centrality,0.39083057859721765,sequential_ollama/gemma4:e4b,0
2.0,betweenness_centrality,0.0556637802569365,sequential_ollama/gemma4:e4b,7
2.0,betweenness_centrality,0.0,sequential_ollama/gemma4:e4b,37
2.0,betweenness_centrality,0.000849358502419727,sequential_ollama/gemma4:e4b,15
2.0,betweenness_centrality,0.002384694859184655,sequential_ollama/gemma4:e4b,5
2.0,betweenness_centrality,0.0006789223625958319,sequential_ollama/gemma4:e4b,29
2.0,betweenness_centrality,0.016009462948238455,sequential_ollama/gemma4:e4b,8
2.0,betweenness_centrality,0.0018363297700032392,sequential_ollama/gemma4:e4b,46
2.0,betweenness_centrality,0.0012471655328798183,sequential_ollama/gemma4:e4b,35
2.0,betweenness_centrality,0.020194228485044808,sequential_ollama/gemma4:e4b,19
2.0,betweenness_centrality,0.0012802343159486016,sequential_ollama/gemma4:e4b,17
2.0,betweenness_centrality,0.0012802343159486016,sequential_ollama/gemma4:e4b,12
2.0,betweenness_centrality,0.0005668934240362811,sequential_ollama/gemma4:e4b,45
2.0,betweenness_centrality,0.0007369614512471656,sequential_ollama/gemma4:e4b,20
2.0,betweenness_centrality,0.1003636768827521,sequential_ollama/gemma4:e4b,25
2.0,closeness_centrality,0.3223684210526316,sequential_ollama/gemma4:e4b,36
2.0,closeness_centrality,0.392,sequential_ollama/gemma4:e4b,30
2.0,closeness_centrality,0.2916666666666667,sequential_ollama/gemma4:e4b,6
2.0,closeness_centrality,0.2916666666666667,sequential_ollama/gemma4:e4b,21
2.0,closeness_centrality,0.29878048780487804,sequential_ollama/gemma4:e4b,18
2.0,closeness_centrality,0.362962962962963,sequential_ollama/gemma4:e4b,1
2.0,closeness_centrality,0.3656716417910448,sequential_ollama/gemma4:e4b,47
2.0,closeness_centrality,0.3656716417910448,sequential_ollama/gemma4:e4b,33
2.0,closeness_centrality,0.4537037037037037,sequential_ollama/gemma4:e4b,16
2.0,closeness_centrality,0.3798449612403101,sequential_ollama/gemma4:e4b,9
2.0,closeness_centrality,0.3828125,sequential_ollama/gemma4:e4b,43
2.0,closeness_centrality,0.3223684210526316,sequential_ollama/gemma4:e4b,40
2.0,closeness_centrality,0.30434782608695654,sequential_ollama/gemma4:e4b,24
2.0,closeness_centrality,0.28488372093023256,sequential_ollama/gemma4:e4b,14
2.0,closeness_centrality,0.2934131736526946,sequential_ollama/gemma4:e4b,23
2.0,closeness_centrality,0.2934131736526946,sequential_ollama/gemma4:e4b,39
2.0,closeness_centrality,0.3161290322580645,sequential_ollama/gemma4:e4b,28
2.0,closeness_centrality,0.35251798561151076,sequential_ollama/gemma4:e4b,10
2.0,closeness_centrality,0.35507246376811596,sequential_ollama/gemma4:e4b,32
2.0,closeness_centrality,0.3828125,sequential_ollama/gemma4:e4b,11
2.0,closeness_centrality,0.37404580152671757,sequential_ollama/gemma4:e4b,22
2.0,closeness_centrality,0.3288590604026846,sequential_ollama/gemma4:e4b,34
2.0,closeness_centrality,0.34265734265734266,sequential_ollama/gemma4:e4b,44
2.0,closeness_centrality,0.4188034188034188,sequential_ollama/gemma4:e4b,2
2.0,closeness_centrality,0.35766423357664234,sequential_ollama/gemma4:e4b,41
2.0,closeness_centrality,0.31210191082802546,sequential_ollama/gemma4:e4b,3
2.0,closeness_centrality,0.310126582278481,sequential_ollama/gemma4:e4b,48
2.0,closeness_centrality,0.310126582278481,sequential_ollama/gemma4:e4b,13
2.0,closeness_centrality,0.29878048780487804,sequential_ollama/gemma4:e4b,27
2.0,closeness_centrality,0.37404580152671757,sequential_ollama/gemma4:e4b,38
2.0,closeness_centrality,0.31210191082802546,sequential_ollama/gemma4:e4b,31
2.0,closeness_centrality,0.32666666666666666,sequential_ollama/gemma4:e4b,4
2.0,closeness_centrality,0.3769230769230769,sequential_ollama/gemma4:e4b,42
2.0,closeness_centrality,0.3798449612403101,sequential_ollama/gemma4:e4b,26
2.0,closeness_centrality,0.3161290322580645,sequential_ollama/gemma4:e4b,49
2.0,closeness_centrality,0.44545454545454544,sequential_ollama/gemma4:e4b,0
2.0,closeness_centrality,0.37404580152671757,sequential_ollama/gemma4:e4b,7
2.0,closeness_centrality,0.28,sequential_ollama/gemma4:e4b,37
2.0,closeness_centrality,0.296969696969697,sequential_ollama/gemma4:e4b,15
2.0,closeness_centrality,0.30625,sequential_ollama/gemma4:e4b,5
2.0,closeness_centrality,0.30625,sequential_ollama/gemma4:e4b,29
2.0,closeness_centrality,0.3223684210526316,sequential_ollama/gemma4:e4b,8
2.0,closeness_centrality,0.2934131736526946,sequential_ollama/gemma4:e4b,46
2.0,closeness_centrality,0.29518072289156627,sequential_ollama/gemma4:e4b,35
2.0,closeness_centrality,0.30625,sequential_ollama/gemma4:e4b,19
2.0,closeness_centrality,0.2934131736526946,sequential_ollama/gemma4:e4b,17
2.0,closeness_centrality,0.2934131736526946,sequential_ollama/gemma4:e4b,12
2.0,closeness_centrality,0.28160919540229884,sequential_ollama/gemma4:e4b,45
2.0,closeness_centrality,0.25925925925925924,sequential_ollama/gemma4:e4b,20
2.0,closeness_centrality,0.3684210526315789,sequential_ollama/gemma4:e4b,25
3.0,degree_centrality,0.2857142857142857,sequential_ollama/gemma4:e4b,12
3.0,degree_centrality,0.44897959183673464,sequential_ollama/gemma4:e4b,21
3.0,degree_centrality,0.2040816326530612,sequential_ollama/gemma4:e4b,25
3.0,degree_centrality,0.44897959183673464,sequential_ollama/gemma4:e4b,33
3.0,degree_centrality,0.4081632653061224,sequential_ollama/gemma4:e4b,1
3.0,degree_centrality,0.3469387755102041,sequential_ollama/gemma4:e4b,40
3.0,degree_centrality,0.44897959183673464,sequential_ollama/gemma4:e4b,43
3.0,degree_centrality,0.32653061224489793,sequential_ollama/gemma4:e4b,45
3.0,degree_centrality,0.36734693877551017,sequential_ollama/gemma4:e4b,14
3.0,degree_centrality,0.36734693877551017,sequential_ollama/gemma4:e4b,17
3.0,degree_centrality,0.3469387755102041,sequential_ollama/gemma4:e4b,48
3.0,degree_centrality,0.3877551020408163,sequential_ollama/gemma4:e4b,3
3.0,degree_centrality,0.24489795918367346,sequential_ollama/gemma4:e4b,19
3.0,degree_centrality,0.36734693877551017,sequential_ollama/gemma4:e4b,30
3.0,degree_centrality,0.3877551020408163,sequential_ollama/gemma4:e4b,36
3.0,degree_centrality,0.4081632653061224,sequential_ollama/gemma4:e4b,39
3.0,degree_centrality,0.2040816326530612,sequential_ollama/gemma4:e4b,18
3.0,degree_centrality,0.22448979591836732,sequential_ollama/gemma4:e4b,23
3.0,degree_centrality,0.36734693877551017,sequential_ollama/gemma4:e4b,24
3.0,degree_centrality,0.24489795918367346,sequential_ollama/gemma4:e4b,16
3.0,degree_centrality,0.36734693877551017,sequential_ollama/gemma4:e4b,6
3.0,degree_centrality,0.3061224489795918,sequential_ollama/gemma4:e4b,35
3.0,degree_centrality,0.3877551020408163,sequential_ollama/gemma4:e4b,2
3.0,degree_centrality,0.2040816326530612,sequential_ollama/gemma4:e4b,47
3.0,degree_centrality,0.4081632653061224,sequential_ollama/gemma4:e4b,41
3.0,degree_centrality,0.16326530612244897,sequential_ollama/gemma4:e4b,9
3.0,degree_centrality,0.36734693877551017,sequential_ollama/gemma4:e4b,31
3.0,degree_centrality,0.4693877551020408,sequential_ollama/gemma4:e4b,11
3.0,degree_centrality,0.44897959183673464,sequential_ollama/gemma4:e4b,22
3.0,degree_centrality,0.4693877551020408,sequential_ollama/gemma4:e4b,13
3.0,degree_centrality,0.4081632653061224,sequential_ollama/gemma4:e4b,46
3.0,degree_centrality,0.3877551020408163,sequential_ollama/gemma4:e4b,4
3.0,degree_centrality,0.4693877551020408,sequential_ollama/gemma4:e4b,42
3.0,degree_centrality,0.3061224489795918,sequential_ollama/gemma4:e4b,27
3.0,degree_centrality,0.44897959183673464,sequential_ollama/gemma4:e4b,34
3.0,degree_centrality,0.3877551020408163,sequential_ollama/gemma4:e4b,49
3.0,degree_centrality,0.3061224489795918,sequential_ollama/gemma4:e4b,37
3.0,degree_centrality,0.44897959183673464,sequential_ollama/gemma4:e4b,7
3.0,degree_centrality,0.4081632653061224,sequential_ollama/gemma4:e4b,38
3.0,degree_centrality,0.4693877551020408,sequential_ollama/gemma4:e4b,26
3.0,degree_centrality,0.42857142857142855,sequential_ollama/gemma4:e4b,28
3.0,degree_centrality,0.32653061224489793,sequential_ollama/gemma4:e4b,20
3.0,degree_centrality,0.4081632653061224,sequential_ollama/gemma4:e4b,32
3.0,degree_centrality,0.3469387755102041,sequential_ollama/gemma4:e4b,29
3.0,degree_centrality,0.44897959183673464,sequential_ollama/gemma4:e4b,8
3.0,degree_centrality,0.36734693877551017,sequential_ollama/gemma4:e4b,5
3.0,degree_centrality,0.32653061224489793,sequential_ollama/gemma4:e4b,15
3.0,degree_centrality,0.3469387755102041,sequential_ollama/gemma4:e4b,10
3.0,degree_centrality,0.32653061224489793,sequential_ollama/gemma4:e4b,44
3.0,degree_centrality,0.36734693877551017,sequential_ollama/gemma4:e4b,0
3.0,betweenness_centrality,0.0017324948766275295,sequential_ollama/gemma4:e4b,12
3.0,betweenness_centrality,0.01822002122921831,sequential_ollama/gemma4:e4b,21
3.0,betweenness_centrality,0.007387569441140871,sequential_ollama/gemma4:e4b,25
3.0,betweenness_centrality,0.0252019730453538,sequential_ollama/gemma4:e4b,33
3.0,betweenness_centrality,0.018511683223686452,sequential_ollama/gemma4:e4b,1
3.0,betweenness_centrality,0.0047441051385063195,sequential_ollama/gemma4:e4b,40
3.0,betweenness_centrality,0.025315117375066337,sequential_ollama/gemma4:e4b,43
3.0,betweenness_centrality,0.009774661317021689,sequential_ollama/gemma4:e4b,45
3.0,betweenness_centrality,0.012599434805060488,sequential_ollama/gemma4:e4b,14
3.0,betweenness_centrality,0.0156020484145484,sequential_ollama/gemma4:e4b,17
3.0,betweenness_centrality,0.013767925705694215,sequential_ollama/gemma4:e4b,48
3.0,betweenness_centrality,0.012652425323612208,sequential_ollama/gemma4:e4b,3
3.0,betweenness_centrality,0.0012132319211400843,sequential_ollama/gemma4:e4b,19
3.0,betweenness_centrality,0.006692139388836488,sequential_ollama/gemma4:e4b,30
3.0,betweenness_centrality,0.010831500830493848,sequential_ollama/gemma4:e4b,36
3.0,betweenness_centrality,0.01606951914249173,sequential_ollama/gemma4:e4b,39
3.0,betweenness_centrality,0.006624974609668486,sequential_ollama/gemma4:e4b,18
3.0,betweenness_centrality,0.0008373413146506594,sequential_ollama/gemma4:e4b,23
3.0,betweenness_centrality,0.009672820366966444,sequential_ollama/gemma4:e4b,24
3.0,betweenness_centrality,0.0011076893528558403,sequential_ollama/gemma4:e4b,16
3.0,betweenness_centrality,0.5138107435737672,sequential_ollama/gemma4:e4b,6
3.0,betweenness_centrality,0.0017036884501304477,sequential_ollama/gemma4:e4b,35
3.0,betweenness_centrality,0.018194174731164546,sequential_ollama/gemma4:e4b,2
3.0,betweenness_centrality,0.0018635378127859336,sequential_ollama/gemma4:e4b,47
3.0,betweenness_centrality,0.01524406672265157,sequential_ollama/gemma4:e4b,41
3.0,betweenness_centrality,0.00018293501611170784,sequential_ollama/gemma4:e4b,9
3.0,betweenness_centrality,0.0033557205415422385,sequential_ollama/gemma4:e4b,31
3.0,betweenness_centrality,0.005128957100568112,sequential_ollama/gemma4:e4b,11
3.0,betweenness_centrality,0.5108659189616573,sequential_ollama/gemma4:e4b,22
3.0,betweenness_centrality,0.005128957100568112,sequential_ollama/gemma4:e4b,13
3.0,betweenness_centrality,0.002056683271044015,sequential_ollama/gemma4:e4b,46
3.0,betweenness_centrality,0.001466294351573463,sequential_ollama/gemma4:e4b,4
3.0,betweenness_centrality,0.005128957100568112,sequential_ollama/gemma4:e4b,42
3.0,betweenness_centrality,0.002815536519215359,sequential_ollama/gemma4:e4b,27
3.0,betweenness_centrality,0.004574253867293452,sequential_ollama/gemma4:e4b,34
3.0,betweenness_centrality,0.0034792498067281654,sequential_ollama/gemma4:e4b,49
3.0,betweenness_centrality,0.0005704639914573888,sequential_ollama/gemma4:e4b,37
3.0,betweenness_centrality,0.004583088570005705,sequential_ollama/gemma4:e4b,7
3.0,betweenness_centrality,0.003959569515364202,sequential_ollama/gemma4:e4b,38
3.0,betweenness_centrality,0.005128957100568112,sequential_ollama/gemma4:e4b,26
3.0,betweenness_centrality,0.004365556085816558,sequential_ollama/gemma4:e4b,28
3.0,betweenness_centrality,0.002761884105869068,sequential_ollama/gemma4:e4b,20
3.0,betweenness_centrality,0.004133110668422161,sequential_ollama/gemma4:e4b,32
3.0,betweenness_centrality,0.003052444469208543,sequential_ollama/gemma4:e4b,29
3.0,betweenness_centrality,0.0038126512259915616,sequential_ollama/gemma4:e4b,8
3.0,betweenness_centrality,0.0023032928271997577,sequential_ollama/gemma4:e4b,5
3.0,betweenness_centrality,0.0015737325632007185,sequential_ollama/gemma4:e4b,15
3.0,betweenness_centrality,0.00319124770112402,sequential_ollama/gemma4:e4b,10
3.0,betweenness_centrality,0.003193244836974697,sequential_ollama/gemma4:e4b,44
3.0,betweenness_centrality,0.003506282139807918,sequential_ollama/gemma4:e4b,0
3.0,closeness_centrality,0.3684210526315789,sequential_ollama/gemma4:e4b,12
3.0,closeness_centrality,0.48514851485148514,sequential_ollama/gemma4:e4b,21
3.0,closeness_centrality,0.4336283185840708,sequential_ollama/gemma4:e4b,25
3.0,closeness_centrality,0.48514851485148514,sequential_ollama/gemma4:e4b,33
3.0,closeness_centrality,0.47572815533980584,sequential_ollama/gemma4:e4b,1
3.0,closeness_centrality,0.3769230769230769,sequential_ollama/gemma4:e4b,40
3.0,closeness_centrality,0.48514851485148514,sequential_ollama/gemma4:e4b,43
3.0,closeness_centrality,0.45794392523364486,sequential_ollama/gemma4:e4b,45
3.0,closeness_centrality,0.4666666666666667,sequential_ollama/gemma4:e4b,14
3.0,closeness_centrality,0.4666666666666667,sequential_ollama/gemma4:e4b,17
3.0,closeness_centrality,0.46226415094339623,sequential_ollama/gemma4:e4b,48
3.0,closeness_centrality,0.47115384615384615,sequential_ollama/gemma4:e4b,3
3.0,closeness_centrality,0.362962962962963,sequential_ollama/gemma4:e4b,19
3.0,closeness_centrality,0.3798449612403101,sequential_ollama/gemma4:e4b,30
3.0,closeness_centrality,0.47115384615384615,sequential_ollama/gemma4:e4b,36
3.0,closeness_centrality,0.47572815533980584,sequential_ollama/gemma4:e4b,39
3.0,closeness_centrality,0.4336283185840708,sequential_ollama/gemma4:e4b,18
3.0,closeness_centrality,0.3602941176470588,sequential_ollama/gemma4:e4b,23
3.0,closeness_centrality,0.4666666666666667,sequential_ollama/gemma4:e4b,24
3.0,closeness_centrality,0.362962962962963,sequential_ollama/gemma4:e4b,16
3.0,closeness_centrality,0.5975609756097561,sequential_ollama/gemma4:e4b,6
3.0,closeness_centrality,0.3712121212121212,sequential_ollama/gemma4:e4b,35
3.0,closeness_centrality,0.47115384615384615,sequential_ollama/gemma4:e4b,2
3.0,closeness_centrality,0.4336283185840708,sequential_ollama/gemma4:e4b,47
3.0,closeness_centrality,0.47572815533980584,sequential_ollama/gemma4:e4b,41
3.0,closeness_centrality,0.35251798561151076,sequential_ollama/gemma4:e4b,9
3.0,closeness_centrality,0.4336283185840708,sequential_ollama/gemma4:e4b,31
3.0,closeness_centrality,0.4537037037037037,sequential_ollama/gemma4:e4b,11
3.0,closeness_centrality,0.5833333333333334,sequential_ollama/gemma4:e4b,22
3.0,closeness_centrality,0.4537037037037037,sequential_ollama/gemma4:e4b,13
3.0,closeness_centrality,0.35766423357664234,sequential_ollama/gemma4:e4b,46
3.0,closeness_centrality,0.35507246376811596,sequential_ollama/gemma4:e4b,4
3.0,closeness_centrality,0.4537037037037037,sequential_ollama/gemma4:e4b,42
3.0,closeness_centrality,0.4224137931034483,sequential_ollama/gemma4:e4b,27
3.0,closeness_centrality,0.44954128440366975,sequential_ollama/gemma4:e4b,34
3.0,closeness_centrality,0.4375,sequential_ollama/gemma4:e4b,49
3.0,closeness_centrality,0.4224137931034483,sequential_ollama/gemma4:e4b,37
3.0,closeness_centrality,0.44954128440366975,sequential_ollama/gemma4:e4b,7
3.0,closeness_centrality,0.44144144144144143,sequential_ollama/gemma4:e4b,38
3.0,closeness_centrality,0.4537037037037037,sequential_ollama/gemma4:e4b,26
3.0,closeness_centrality,0.44545454545454544,sequential_ollama/gemma4:e4b,28
3.0,closeness_centrality,0.4260869565217391,sequential_ollama/gemma4:e4b,20
3.0,closeness_centrality,0.44144144144144143,sequential_ollama/gemma4:e4b,32
3.0,closeness_centrality,0.4298245614035088,sequential_ollama/gemma4:e4b,29
3.0,closeness_centrality,0.44954128440366975,sequential_ollama/gemma4:e4b,8
3.0,closeness_centrality,0.4336283185840708,sequential_ollama/gemma4:e4b,5
3.0,closeness_centrality,0.4260869565217391,sequential_ollama/gemma4:e4b,15
3.0,closeness_centrality,0.4298245614035088,sequential_ollama/gemma4:e4b,10
3.0,closeness_centrality,0.4260869565217391,sequential_ollama/gemma4:e4b,44
3.0,closeness_centrality,0.4336283185840708,sequential_ollama/gemma4:e4b,0
4.0,degree_centrality,0.4081632653061224,sequential_ollama/gemma4:e4b,6
4.0,degree_centrality,0.5102040816326531,sequential_ollama/gemma4:e4b,14
4.0,degree_centrality,0.4693877551020408,sequential_ollama/gemma4:e4b,17
4.0,degree_centrality,0.42857142857142855,sequential_ollama/gemma4:e4b,12
4.0,degree_centrality,0.4897959183673469,sequential_ollama/gemma4:e4b,16
4.0,degree_centrality,0.4693877551020408,sequential_ollama/gemma4:e4b,39
4.0,degree_centrality,0.2040816326530612,sequential_ollama/gemma4:e4b,23
4.0,degree_centrality,0.5102040816326531,sequential_ollama/gemma4:e4b,2
4.0,degree_centrality,0.4693877551020408,sequential_ollama/gemma4:e4b,48
4.0,degree_centrality,0.4897959183673469,sequential_ollama/gemma4:e4b,3
4.0,degree_centrality,0.36734693877551017,sequential_ollama/gemma4:e4b,19
4.0,degree_centrality,0.4693877551020408,sequential_ollama/gemma4:e4b,33
4.0,degree_centrality,0.44897959183673464,sequential_ollama/gemma4:e4b,47
4.0,degree_centrality,0.4081632653061224,sequential_ollama/gemma4:e4b,41
4.0,degree_centrality,0.42857142857142855,sequential_ollama/gemma4:e4b,21
4.0,degree_centrality,0.36734693877551017,sequential_ollama/gemma4:e4b,40
4.0,degree_centrality,0.42857142857142855,sequential_ollama/gemma4:e4b,24
4.0,degree_centrality,0.4693877551020408,sequential_ollama/gemma4:e4b,43
4.0,degree_centrality,0.36734693877551017,sequential_ollama/gemma4:e4b,9
4.0,degree_centrality,0.44897959183673464,sequential_ollama/gemma4:e4b,18
4.0,degree_centrality,0.44897959183673464,sequential_ollama/gemma4:e4b,36
4.0,degree_centrality,0.42857142857142855,sequential_ollama/gemma4:e4b,1
4.0,degree_centrality,0.44897959183673464,sequential_ollama/gemma4:e4b,30
4.0,degree_centrality,0.3877551020408163,sequential_ollama/gemma4:e4b,45
4.0,degree_centrality,0.36734693877551017,sequential_ollama/gemma4:e4b,35
4.0,degree_centrality,0.3877551020408163,sequential_ollama/gemma4:e4b,25
4.0,degree_centrality,0.36734693877551017,sequential_ollama/gemma4:e4b,11
4.0,degree_centrality,0.3469387755102041,sequential_ollama/gemma4:e4b,37
4.0,degree_centrality,0.4081632653061224,sequential_ollama/gemma4:e4b,22
4.0,degree_centrality,0.3469387755102041,sequential_ollama/gemma4:e4b,26
4.0,degree_centrality,0.3877551020408163,sequential_ollama/gemma4:e4b,34
4.0,degree_centrality,0.44897959183673464,sequential_ollama/gemma4:e4b,28
4.0,degree_centrality,0.4081632653061224,sequential_ollama/gemma4:e4b,13
4.0,degree_centrality,0.3061224489795918,sequential_ollama/gemma4:e4b,42
4.0,degree_centrality,0.36734693877551017,sequential_ollama/gemma4:e4b,7
4.0,degree_centrality,0.36734693877551017,sequential_ollama/gemma4:e4b,32
4.0,degree_centrality,0.26530612244897955,sequential_ollama/gemma4:e4b,15
4.0,degree_centrality,0.42857142857142855,sequential_ollama/gemma4:e4b,46
4.0,degree_centrality,0.3469387755102041,sequential_ollama/gemma4:e4b,31
4.0,degree_centrality,0.3877551020408163,sequential_ollama/gemma4:e4b,5
4.0,degree_centrality,0.32653061224489793,sequential_ollama/gemma4:e4b,49
4.0,degree_centrality,0.36734693877551017,sequential_ollama/gemma4:e4b,8
4.0,degree_centrality,0.3877551020408163,sequential_ollama/gemma4:e4b,0
4.0,degree_centrality,0.32653061224489793,sequential_ollama/gemma4:e4b,10
4.0,degree_centrality,0.32653061224489793,sequential_ollama/gemma4:e4b,4
4.0,degree_centrality,0.32653061224489793,sequential_ollama/gemma4:e4b,38
4.0,degree_centrality,0.18367346938775508,sequential_ollama/gemma4:e4b,44
4.0,degree_centrality,0.22448979591836732,sequential_ollama/gemma4:e4b,20
4.0,degree_centrality,0.24489795918367346,sequential_ollama/gemma4:e4b,27
4.0,degree_centrality,0.2857142857142857,sequential_ollama/gemma4:e4b,29
4.0,betweenness_centrality,0.010854669438596427,sequential_ollama/gemma4:e4b,6
4.0,betweenness_centrality,0.015710247321378618,sequential_ollama/gemma4:e4b,14
4.0,betweenness_centrality,0.015334467310126002,sequential_ollama/gemma4:e4b,17
4.0,betweenness_centrality,0.0010857070290712168,sequential_ollama/gemma4:e4b,12
4.0,betweenness_centrality,0.013564577545531763,sequential_ollama/gemma4:e4b,16
4.0,betweenness_centrality,0.01162224078176643,sequential_ollama/gemma4:e4b,39
4.0,betweenness_centrality,4.0492387431162935e-05,sequential_ollama/gemma4:e4b,23
4.0,betweenness_centrality,0.015710247321378618,sequential_ollama/gemma4:e4b,2
4.0,betweenness_centrality,0.011767442330029208,sequential_ollama/gemma4:e4b,48
4.0,betweenness_centrality,0.014248456797088103,sequential_ollama/gemma4:e4b,3
4.0,betweenness_centrality,0.0007992613184690015,sequential_ollama/gemma4:e4b,19
4.0,betweenness_centrality,0.013771798591845016,sequential_ollama/gemma4:e4b,33
4.0,betweenness_centrality,0.013198466389611262,sequential_ollama/gemma4:e4b,47
4.0,betweenness_centrality,0.009497888936407772,sequential_ollama/gemma4:e4b,41
4.0,betweenness_centrality,0.0010881934037380427,sequential_ollama/gemma4:e4b,21
4.0,betweenness_centrality,0.009304200349862032,sequential_ollama/gemma4:e4b,40
4.0,betweenness_centrality,0.009825361195152541,sequential_ollama/gemma4:e4b,24
4.0,betweenness_centrality,0.0015788980478474697,sequential_ollama/gemma4:e4b,43
4.0,betweenness_centrality,0.5107957661970386,sequential_ollama/gemma4:e4b,9
4.0,betweenness_centrality,0.0015402462234813596,sequential_ollama/gemma4:e4b,18
4.0,betweenness_centrality,0.00881839106727747,sequential_ollama/gemma4:e4b,36
4.0,betweenness_centrality,0.009735987838972462,sequential_ollama/gemma4:e4b,1
4.0,betweenness_centrality,0.011510325594446088,sequential_ollama/gemma4:e4b,30
4.0,betweenness_centrality,0.0009069923808187534,sequential_ollama/gemma4:e4b,45
4.0,betweenness_centrality,0.00047001954689371756,sequential_ollama/gemma4:e4b,35
4.0,betweenness_centrality,0.005757069621727321,sequential_ollama/gemma4:e4b,25
4.0,betweenness_centrality,0.007427946550470558,sequential_ollama/gemma4:e4b,11
4.0,betweenness_centrality,0.004278690052999776,sequential_ollama/gemma4:e4b,37
4.0,betweenness_centrality,0.014667791928071034,sequential_ollama/gemma4:e4b,22
4.0,betweenness_centrality,0.00956872044244493,sequential_ollama/gemma4:e4b,26
4.0,betweenness_centrality,0.01031274363169621,sequential_ollama/gemma4:e4b,34
4.0,betweenness_centrality,0.016276953741314482,sequential_ollama/gemma4:e4b,28
4.0,betweenness_centrality,0.014923121332560102,sequential_ollama/gemma4:e4b,13
4.0,betweenness_centrality,0.004099990256953041,sequential_ollama/gemma4:e4b,42
4.0,betweenness_centrality,0.007097868701260058,sequential_ollama/gemma4:e4b,7
4.0,betweenness_centrality,0.013256285350748132,sequential_ollama/gemma4:e4b,32
4.0,betweenness_centrality,0.0011103998986652045,sequential_ollama/gemma4:e4b,15
4.0,betweenness_centrality,0.015411099782348277,sequential_ollama/gemma4:e4b,46
4.0,betweenness_centrality,0.004063773639103771,sequential_ollama/gemma4:e4b,31
4.0,betweenness_centrality,0.01632054996213159,sequential_ollama/gemma4:e4b,5
4.0,betweenness_centrality,0.0019685037823543223,sequential_ollama/gemma4:e4b,49
4.0,betweenness_centrality,0.005746469486340432,sequential_ollama/gemma4:e4b,8
4.0,betweenness_centrality,0.5115381657435979,sequential_ollama/gemma4:e4b,0
4.0,betweenness_centrality,0.0026571292158777157,sequential_ollama/gemma4:e4b,10
4.0,betweenness_centrality,0.006466267339991828,sequential_ollama/gemma4:e4b,4
4.0,betweenness_centrality,0.007607824667773648,sequential_ollama/gemma4:e4b,38
4.0,betweenness_centrality,0.004203512143563163,sequential_ollama/gemma4:e4b,44
4.0,betweenness_centrality,0.0004790800352775143,sequential_ollama/gemma4:e4b,20
4.0,betweenness_centrality,0.0005546351490979341,sequential_ollama/gemma4:e4b,27
4.0,betweenness_centrality,0.0036359465531134194,sequential_ollama/gemma4:e4b,29
4.0,closeness_centrality,0.46226415094339623,sequential_ollama/gemma4:e4b,6
4.0,closeness_centrality,0.48514851485148514,sequential_ollama/gemma4:e4b,14
4.0,closeness_centrality,0.47572815533980584,sequential_ollama/gemma4:e4b,17
4.0,closeness_centrality,0.3798449612403101,sequential_ollama/gemma4:e4b,12
4.0,closeness_centrality,0.4803921568627451,sequential_ollama/gemma4:e4b,16
4.0,closeness_centrality,0.47572815533980584,sequential_ollama/gemma4:e4b,39
4.0,closeness_centrality,0.35,sequential_ollama/gemma4:e4b,23
4.0,closeness_centrality,0.48514851485148514,sequential_ollama/gemma4:e4b,2
4.0,closeness_centrality,0.47572815533980584,sequential_ollama/gemma4:e4b,48
4.0,closeness_centrality,0.4803921568627451,sequential_ollama/gemma4:e4b,3
4.0,closeness_centrality,0.3712121212121212,sequential_ollama/gemma4:e4b,19
4.0,closeness_centrality,0.47572815533980584,sequential_ollama/gemma4:e4b,33
4.0,closeness_centrality,0.47115384615384615,sequential_ollama/gemma4:e4b,47
4.0,closeness_centrality,0.46226415094339623,sequential_ollama/gemma4:e4b,41
4.0,closeness_centrality,0.3798449612403101,sequential_ollama/gemma4:e4b,21
4.0,closeness_centrality,0.4537037037037037,sequential_ollama/gemma4:e4b,40
4.0,closeness_centrality,0.4666666666666667,sequential_ollama/gemma4:e4b,24
4.0,closeness_centrality,0.3858267716535433,sequential_ollama/gemma4:e4b,43
4.0,closeness_centrality,0.5764705882352941,sequential_ollama/gemma4:e4b,9
4.0,closeness_centrality,0.3828125,sequential_ollama/gemma4:e4b,18
4.0,closeness_centrality,0.47115384615384615,sequential_ollama/gemma4:e4b,36
4.0,closeness_centrality,0.4666666666666667,sequential_ollama/gemma4:e4b,1
4.0,closeness_centrality,0.47115384615384615,sequential_ollama/gemma4:e4b,30
4.0,closeness_centrality,0.37404580152671757,sequential_ollama/gemma4:e4b,45
4.0,closeness_centrality,0.3712121212121212,sequential_ollama/gemma4:e4b,35
4.0,closeness_centrality,0.45794392523364486,sequential_ollama/gemma4:e4b,25
4.0,closeness_centrality,0.4336283185840708,sequential_ollama/gemma4:e4b,11
4.0,closeness_centrality,0.4298245614035088,sequential_ollama/gemma4:e4b,37
4.0,closeness_centrality,0.44144144144144143,sequential_ollama/gemma4:e4b,22
4.0,closeness_centrality,0.4298245614035088,sequential_ollama/gemma4:e4b,26
4.0,closeness_centrality,0.4375,sequential_ollama/gemma4:e4b,34
4.0,closeness_centrality,0.44954128440366975,sequential_ollama/gemma4:e4b,28
4.0,closeness_centrality,0.44144144144144143,sequential_ollama/gemma4:e4b,13
4.0,closeness_centrality,0.4224137931034483,sequential_ollama/gemma4:e4b,42
4.0,closeness_centrality,0.4336283185840708,sequential_ollama/gemma4:e4b,7
4.0,closeness_centrality,0.4336283185840708,sequential_ollama/gemma4:e4b,32
4.0,closeness_centrality,0.4152542372881356,sequential_ollama/gemma4:e4b,15
4.0,closeness_centrality,0.44545454545454544,sequential_ollama/gemma4:e4b,46
4.0,closeness_centrality,0.35,sequential_ollama/gemma4:e4b,31
4.0,closeness_centrality,0.4375,sequential_ollama/gemma4:e4b,5
4.0,closeness_centrality,0.3475177304964539,sequential_ollama/gemma4:e4b,49
4.0,closeness_centrality,0.4336283185840708,sequential_ollama/gemma4:e4b,8
4.0,closeness_centrality,0.5632183908045977,sequential_ollama/gemma4:e4b,0
4.0,closeness_centrality,0.3475177304964539,sequential_ollama/gemma4:e4b,10
4.0,closeness_centrality,0.4260869565217391,sequential_ollama/gemma4:e4b,4
4.0,closeness_centrality,0.4260869565217391,sequential_ollama/gemma4:e4b,38
4.0,closeness_centrality,0.4016393442622951,sequential_ollama/gemma4:e4b,44
4.0,closeness_centrality,0.3356164383561644,sequential_ollama/gemma4:e4b,20
4.0,closeness_centrality,0.33793103448275863,sequential_ollama/gemma4:e4b,27
4.0,closeness_centrality,0.4188034188034188,sequential_ollama/gemma4:e4b,29
5.0,degree_centrality,0.3061224489795918,sequential_ollama/gemma4:e4b,42
5.0,degree_centrality,0.36734693877551017,sequential_ollama/gemma4:e4b,27
5.0,degree_centrality,0.36734693877551017,sequential_ollama/gemma4:e4b,31
5.0,degree_centrality,0.44897959183673464,sequential_ollama/gemma4:e4b,26
5.0,degree_centrality,0.42857142857142855,sequential_ollama/gemma4:e4b,13
5.0,degree_centrality,0.4081632653061224,sequential_ollama/gemma4:e4b,8
5.0,degree_centrality,0.3061224489795918,sequential_ollama/gemma4:e4b,0
5.0,degree_centrality,0.44897959183673464,sequential_ollama/gemma4:e4b,7
5.0,degree_centrality,0.44897959183673464,sequential_ollama/gemma4:e4b,38
5.0,degree_centrality,0.42857142857142855,sequential_ollama/gemma4:e4b,10
5.0,degree_centrality,0.4081632653061224,sequential_ollama/gemma4:e4b,4
5.0,degree_centrality,0.36734693877551017,sequential_ollama/gemma4:e4b,5
5.0,degree_centrality,0.32653061224489793,sequential_ollama/gemma4:e4b,34
5.0,degree_centrality,0.4081632653061224,sequential_ollama/gemma4:e4b,49
5.0,degree_centrality,0.32653061224489793,sequential_ollama/gemma4:e4b,22
5.0,degree_centrality,0.4693877551020408,sequential_ollama/gemma4:e4b,32
5.0,degree_centrality,0.32653061224489793,sequential_ollama/gemma4:e4b,29
5.0,degree_centrality,0.32653061224489793,sequential_ollama/gemma4:e4b,15
5.0,degree_centrality,0.3877551020408163,sequential_ollama/gemma4:e4b,11
5.0,degree_centrality,0.3877551020408163,sequential_ollama/gemma4:e4b,6
5.0,degree_centrality,0.42857142857142855,sequential_ollama/gemma4:e4b,14
5.0,degree_centrality,0.44897959183673464,sequential_ollama/gemma4:e4b,17
5.0,degree_centrality,0.4897959183673469,sequential_ollama/gemma4:e4b,12
5.0,degree_centrality,0.14285714285714285,sequential_ollama/gemma4:e4b,23
5.0,degree_centrality,0.44897959183673464,sequential_ollama/gemma4:e4b,39
5.0,degree_centrality,0.3061224489795918,sequential_ollama/gemma4:e4b,16
5.0,degree_centrality,0.3877551020408163,sequential_ollama/gemma4:e4b,2
5.0,degree_centrality,0.3877551020408163,sequential_ollama/gemma4:e4b,1
5.0,degree_centrality,0.4693877551020408,sequential_ollama/gemma4:e4b,3
5.0,degree_centrality,0.4897959183673469,sequential_ollama/gemma4:e4b,47
5.0,degree_centrality,0.4693877551020408,sequential_ollama/gemma4:e4b,33
5.0,degree_centrality,0.44897959183673464,sequential_ollama/gemma4:e4b,41
5.0,degree_centrality,0.4693877551020408,sequential_ollama/gemma4:e4b,21
5.0,degree_centrality,0.3877551020408163,sequential_ollama/gemma4:e4b,35
5.0,degree_centrality,0.4081632653061224,sequential_ollama/gemma4:e4b,24
5.0,degree_centrality,0.4693877551020408,sequential_ollama/gemma4:e4b,43
5.0,degree_centrality,0.2857142857142857,sequential_ollama/gemma4:e4b,9
5.0,degree_centrality,0.3469387755102041,sequential_ollama/gemma4:e4b,18
5.0,degree_centrality,0.3469387755102041,sequential_ollama/gemma4:e4b,36
5.0,degree_centrality,0.3469387755102041,sequential_ollama/gemma4:e4b,19
5.0,degree_centrality,0.36734693877551017,sequential_ollama/gemma4:e4b,48
5.0,degree_centrality,0.2857142857142857,sequential_ollama/gemma4:e4b,25
5.0,degree_centrality,0.32653061224489793,sequential_ollama/gemma4:e4b,45
5.0,degree_centrality,0.32653061224489793,sequential_ollama/gemma4:e4b,28
5.0,degree_centrality,0.26530612244897955,sequential_ollama/gemma4:e4b,20
5.0,degree_centrality,0.3877551020408163,sequential_ollama/gemma4:e4b,46
5.0,degree_centrality,0.2040816326530612,sequential_ollama/gemma4:e4b,44
5.0,degree_centrality,0.3061224489795918,sequential_ollama/gemma4:e4b,40
5.0,degree_centrality,0.22448979591836732,sequential_ollama/gemma4:e4b,30
5.0,degree_centrality,0.16326530612244897,sequential_ollama/gemma4:e4b,37
5.0,betweenness_centrality,0.0006176838728609435,sequential_ollama/gemma4:e4b,42
5.0,betweenness_centrality,0.0018539570479096288,sequential_ollama/gemma4:e4b,27
5.0,betweenness_centrality,0.0009512611515912836,sequential_ollama/gemma4:e4b,31
5.0,betweenness_centrality,0.004485741599337037,sequential_ollama/gemma4:e4b,26
5.0,betweenness_centrality,0.0024064575047468206,sequential_ollama/gemma4:e4b,13
5.0,betweenness_centrality,0.0031945992405176082,sequential_ollama/gemma4:e4b,8
5.0,betweenness_centrality,0.0021365070753576157,sequential_ollama/gemma4:e4b,0
5.0,betweenness_centrality,0.005531626223027784,sequential_ollama/gemma4:e4b,7
5.0,betweenness_centrality,0.0050476159494766935,sequential_ollama/gemma4:e4b,38
5.0,betweenness_centrality,0.003982761727734717,sequential_ollama/gemma4:e4b,10
5.0,betweenness_centrality,0.0018062310116631845,sequential_ollama/gemma4:e4b,4
5.0,betweenness_centrality,0.002798046388607613,sequential_ollama/gemma4:e4b,5
5.0,betweenness_centrality,0.0007098252915329745,sequential_ollama/gemma4:e4b,34
5.0,betweenness_centrality,0.0018062310116631845,sequential_ollama/gemma4:e4b,49
5.0,betweenness_centrality,0.0006496821866719825,sequential_ollama/gemma4:e4b,22
5.0,betweenness_centrality,0.005980248132108877,sequential_ollama/gemma4:e4b,32
5.0,betweenness_centrality,0.0008336432724938127,sequential_ollama/gemma4:e4b,29
5.0,betweenness_centrality,0.0015111058159527548,sequential_ollama/gemma4:e4b,15
5.0,betweenness_centrality,0.0013925857000586892,sequential_ollama/gemma4:e4b,11
5.0,betweenness_centrality,0.002992145039951004,sequential_ollama/gemma4:e4b,6
5.0,betweenness_centrality,0.005203363725390956,sequential_ollama/gemma4:e4b,14
5.0,betweenness_centrality,0.0036898254096317537,sequential_ollama/gemma4:e4b,17
5.0,betweenness_centrality,0.004819724223472565,sequential_ollama/gemma4:e4b,12
5.0,betweenness_centrality,0.00013804222987896456,sequential_ollama/gemma4:e4b,23
5.0,betweenness_centrality,0.004811913628927277,sequential_ollama/gemma4:e4b,39
5.0,betweenness_centrality,0.0003165873781554264,sequential_ollama/gemma4:e4b,16
5.0,betweenness_centrality,0.0028265439177172285,sequential_ollama/gemma4:e4b,2
5.0,betweenness_centrality,0.0016895148470146887,sequential_ollama/gemma4:e4b,1
5.0,betweenness_centrality,0.005289978647808621,sequential_ollama/gemma4:e4b,3
5.0,betweenness_centrality,0.007525181285803955,sequential_ollama/gemma4:e4b,47
5.0,betweenness_centrality,0.00425329683944314,sequential_ollama/gemma4:e4b,33
5.0,betweenness_centrality,0.0030985956566057025,sequential_ollama/gemma4:e4b,41
5.0,betweenness_centrality,0.003928268740180347,sequential_ollama/gemma4:e4b,21
5.0,betweenness_centrality,0.002228125733646363,sequential_ollama/gemma4:e4b,35
5.0,betweenness_centrality,0.0020280899623755185,sequential_ollama/gemma4:e4b,24
5.0,betweenness_centrality,0.004581280892923972,sequential_ollama/gemma4:e4b,43
5.0,betweenness_centrality,0.00032852197655619026,sequential_ollama/gemma4:e4b,9
5.0,betweenness_centrality,0.003165415174955833,sequential_ollama/gemma4:e4b,18
5.0,betweenness_centrality,0.0012229890897476352,sequential_ollama/gemma4:e4b,36
5.0,betweenness_centrality,0.0012162369066314855,sequential_ollama/gemma4:e4b,19
5.0,betweenness_centrality,0.0014466643490621503,sequential_ollama/gemma4:e4b,48
5.0,betweenness_centrality,0.0004782638908657737,sequential_ollama/gemma4:e4b,25
5.0,betweenness_centrality,0.001407201223871313,sequential_ollama/gemma4:e4b,45
5.0,betweenness_centrality,0.0014447995315342254,sequential_ollama/gemma4:e4b,28
5.0,betweenness_centrality,0.00026783530872666523,sequential_ollama/gemma4:e4b,20
5.0,betweenness_centrality,0.004009084972095176,sequential_ollama/gemma4:e4b,46
5.0,betweenness_centrality,0.0008341706646028375,sequential_ollama/gemma4:e4b,44
5.0,betweenness_centrality,0.001611720816146007,sequential_ollama/gemma4:e4b,40
5.0,betweenness_centrality,0.0002807397057531321,sequential_ollama/gemma4:e4b,30
5.0,betweenness_centrality,0.00017006802721088437,sequential_ollama/gemma4:e4b,37
5.0,closeness_centrality,0.34825543120474,sequential_ollama/gemma4:e4b,42
5.0,closeness_centrality,0.38556851311953355,sequential_ollama/gemma4:e4b,27
5.0,closeness_centrality,0.38556851311953355,sequential_ollama/gemma4:e4b,31
5.0,closeness_centrality,0.44982993197278914,sequential_ollama/gemma4:e4b,26
5.0,closeness_centrality,0.43183673469387757,sequential_ollama/gemma4:e4b,13
5.0,closeness_centrality,0.4152276295133438,sequential_ollama/gemma4:e4b,8
5.0,closeness_centrality,0.34825543120474,sequential_ollama/gemma4:e4b,0
5.0,closeness_centrality,0.44982993197278914,sequential_ollama/gemma4:e4b,7
5.0,closeness_centrality,0.44982993197278914,sequential_ollama/gemma4:e4b,38
5.0,closeness_centrality,0.43183673469387757,sequential_ollama/gemma4:e4b,10
5.0,closeness_centrality,0.4152276295133438,sequential_ollama/gemma4:e4b,4
5.0,closeness_centrality,0.38556851311953355,sequential_ollama/gemma4:e4b,5
5.0,closeness_centrality,0.3598639455782313,sequential_ollama/gemma4:e4b,34
5.0,closeness_centrality,0.4152276295133438,sequential_ollama/gemma4:e4b,49
5.0,closeness_centrality,0.3598639455782313,sequential_ollama/gemma4:e4b,22
5.0,closeness_centrality,0.46938775510204084,sequential_ollama/gemma4:e4b,32
5.0,closeness_centrality,0.3598639455782313,sequential_ollama/gemma4:e4b,29
5.0,closeness_centrality,0.3598639455782313,sequential_ollama/gemma4:e4b,15
5.0,closeness_centrality,0.39984882842025704,sequential_ollama/gemma4:e4b,11
5.0,closeness_centrality,0.41145490454246214,sequential_ollama/gemma4:e4b,6
5.0,closeness_centrality,0.4398311048557354,sequential_ollama/gemma4:e4b,14
5.0,closeness_centrality,0.45553935860058314,sequential_ollama/gemma4:e4b,17
5.0,closeness_centrality,0.4905808477237049,sequential_ollama/gemma4:e4b,12
5.0,closeness_centrality,0.29663028001898434,sequential_ollama/gemma4:e4b,23
5.0,closeness_centrality,0.45553935860058314,sequential_ollama/gemma4:e4b,39
5.0,closeness_centrality,0.3644314868804665,sequential_ollama/gemma4:e4b,16
5.0,closeness_centrality,0.41145490454246214,sequential_ollama/gemma4:e4b,2
5.0,closeness_centrality,0.41145490454246214,sequential_ollama/gemma4:e4b,1
5.0,closeness_centrality,0.472411186696901,sequential_ollama/gemma4:e4b,3
5.0,closeness_centrality,0.4905808477237049,sequential_ollama/gemma4:e4b,47
5.0,closeness_centrality,0.472411186696901,sequential_ollama/gemma4:e4b,33
5.0,closeness_centrality,0.45553935860058314,sequential_ollama/gemma4:e4b,41
5.0,closeness_centrality,0.472411186696901,sequential_ollama/gemma4:e4b,21
5.0,closeness_centrality,0.41145490454246214,sequential_ollama/gemma4:e4b,35
5.0,closeness_centrality,0.4251700680272109,sequential_ollama/gemma4:e4b,24
5.0,closeness_centrality,0.472411186696901,sequential_ollama/gemma4:e4b,43
5.0,closeness_centrality,0.3543083900226757,sequential_ollama/gemma4:e4b,9
5.0,closeness_centrality,0.3865182436611008,sequential_ollama/gemma4:e4b,18
5.0,closeness_centrality,0.3865182436611008,sequential_ollama/gemma4:e4b,36
5.0,closeness_centrality,0.3865182436611008,sequential_ollama/gemma4:e4b,19
5.0,closeness_centrality,0.3985969387755102,sequential_ollama/gemma4:e4b,48
5.0,closeness_centrality,0.3543083900226757,sequential_ollama/gemma4:e4b,25
5.0,closeness_centrality,0.37515006002400964,sequential_ollama/gemma4:e4b,45
5.0,closeness_centrality,0.3598639455782313,sequential_ollama/gemma4:e4b,28
5.0,closeness_centrality,0.32714904143475576,sequential_ollama/gemma4:e4b,20
5.0,closeness_centrality,0.39984882842025704,sequential_ollama/gemma4:e4b,46
5.0,closeness_centrality,0.2998866213151927,sequential_ollama/gemma4:e4b,44
5.0,closeness_centrality,0.3644314868804665,sequential_ollama/gemma4:e4b,40
5.0,closeness_centrality,0.32705389848246996,sequential_ollama/gemma4:e4b,30
5.0,closeness_centrality,0.2841031149301826,sequential_ollama/gemma4:e4b,37
6.0,degree_centrality,0.26530612244897955,sequential_ollama/gemma4:e4b,49
6.0,degree_centrality,0.36734693877551017,sequential_ollama/gemma4:e4b,28
6.0,degree_centrality,0.4897959183673469,sequential_ollama/gemma4:e4b,13
6.0,degree_centrality,0.4081632653061224,sequential_ollama/gemma4:e4b,42
6.0,degree_centrality,0.3877551020408163,sequential_ollama/gemma4:e4b,32
6.0,degree_centrality,0.5102040816326531,sequential_ollama/gemma4:e4b,15
6.0,degree_centrality,0.5102040816326531,sequential_ollama/gemma4:e4b,10
6.0,degree_centrality,0.22448979591836732,sequential_ollama/gemma4:e4b,38
6.0,degree_centrality,0.3061224489795918,sequential_ollama/gemma4:e4b,5
6.0,degree_centrality,0.3061224489795918,sequential_ollama/gemma4:e4b,44
6.0,degree_centrality,0.6326530612244897,sequential_ollama/gemma4:e4b,11
6.0,degree_centrality,0.42857142857142855,sequential_ollama/gemma4:e4b,26
6.0,degree_centrality,0.3469387755102041,sequential_ollama/gemma4:e4b,31
6.0,degree_centrality,0.16326530612244897,sequential_ollama/gemma4:e4b,27
6.0,degree_centrality,0.3061224489795918,sequential_ollama/gemma4:e4b,40
6.0,degree_centrality,0.4081632653061224,sequential_ollama/gemma4:e4b,21
6.0,degree_centrality,0.2857142857142857,sequential_ollama/gemma4:e4b,3
6.0,degree_centrality,0.3469387755102041,sequential_ollama/gemma4:e4b,14
6.0,degree_centrality,0.4081632653061224,sequential_ollama/gemma4:e4b,6
6.0,degree_centrality,0.42857142857142855,sequential_ollama/gemma4:e4b,33
6.0,degree_centrality,0.22448979591836732,sequential_ollama/gemma4:e4b,23
6.0,degree_centrality,0.32653061224489793,sequential_ollama/gemma4:e4b,39
6.0,degree_centrality,0.42857142857142855,sequential_ollama/gemma4:e4b,47
6.0,degree_centrality,0.3877551020408163,sequential_ollama/gemma4:e4b,48
6.0,degree_centrality,0.32653061224489793,sequential_ollama/gemma4:e4b,41
6.0,degree_centrality,0.2857142857142857,sequential_ollama/gemma4:e4b,24
6.0,degree_centrality,0.44897959183673464,sequential_ollama/gemma4:e4b,17
6.0,degree_centrality,0.44897959183673464,sequential_ollama/gemma4:e4b,12
6.0,degree_centrality,0.3877551020408163,sequential_ollama/gemma4:e4b,16
6.0,degree_centrality,0.22448979591836732,sequential_ollama/gemma4:e4b,2
6.0,degree_centrality,0.26530612244897955,sequential_ollama/gemma4:e4b,4
6.0,degree_centrality,0.2857142857142857,sequential_ollama/gemma4:e4b,22
6.0,degree_centrality,0.3469387755102041,sequential_ollama/gemma4:e4b,8
6.0,degree_centrality,0.3061224489795918,sequential_ollama/gemma4:e4b,7
6.0,degree_centrality,0.32653061224489793,sequential_ollama/gemma4:e4b,46
6.0,degree_centrality,0.18367346938775508,sequential_ollama/gemma4:e4b,37
6.0,degree_centrality,0.2857142857142857,sequential_ollama/gemma4:e4b,0
6.0,degree_centrality,0.2857142857142857,sequential_ollama/gemma4:e4b,34
6.0,degree_centrality,0.12244897959183673,sequential_ollama/gemma4:e4b,29
6.0,degree_centrality,0.3469387755102041,sequential_ollama/gemma4:e4b,1
6.0,degree_centrality,0.3469387755102041,sequential_ollama/gemma4:e4b,43
6.0,degree_centrality,0.22448979591836732,sequential_ollama/gemma4:e4b,18
6.0,degree_centrality,0.3061224489795918,sequential_ollama/gemma4:e4b,19
6.0,degree_centrality,0.3061224489795918,sequential_ollama/gemma4:e4b,9
6.0,degree_centrality,0.24489795918367346,sequential_ollama/gemma4:e4b,20
6.0,degree_centrality,0.26530612244897955,sequential_ollama/gemma4:e4b,45
6.0,degree_centrality,0.32653061224489793,sequential_ollama/gemma4:e4b,35
6.0,degree_centrality,0.22448979591836732,sequential_ollama/gemma4:e4b,30
6.0,degree_centrality,0.1020408163265306,sequential_ollama/gemma4:e4b,25
6.0,degree_centrality,0.2040816326530612,sequential_ollama/gemma4:e4b,36
6.0,betweenness_centrality,0.002137445909814429,sequential_ollama/gemma4:e4b,49
6.0,betweenness_centrality,0.007537397259613108,sequential_ollama/gemma4:e4b,28
6.0,betweenness_centrality,0.06397640905110731,sequential_ollama/gemma4:e4b,13
6.0,betweenness_centrality,0.030065098263617675,sequential_ollama/gemma4:e4b,42
6.0,betweenness_centrality,0.01572727199715495,sequential_ollama/gemma4:e4b,32
6.0,betweenness_centrality,0.11050080372763961,sequential_ollama/gemma4:e4b,15
6.0,betweenness_centrality,0.08078728065436598,sequential_ollama/gemma4:e4b,10
6.0,betweenness_centrality,0.000850195958614326,sequential_ollama/gemma4:e4b,38
6.0,betweenness_centrality,0.003104674631535375,sequential_ollama/gemma4:e4b,5
6.0,betweenness_centrality,0.002245885752207635,sequential_ollama/gemma4:e4b,44
6.0,betweenness_centrality,0.19992012574199924,sequential_ollama/gemma4:e4b,11
6.0,betweenness_centrality,0.0065042714501093585,sequential_ollama/gemma4:e4b,26
6.0,betweenness_centrality,0.0035151997548649753,sequential_ollama/gemma4:e4b,31
6.0,betweenness_centrality,0.0003766405552119838,sequential_ollama/gemma4:e4b,27
6.0,betweenness_centrality,0.0019132827609343215,sequential_ollama/gemma4:e4b,40
6.0,betweenness_centrality,0.006874240288856135,sequential_ollama/gemma4:e4b,21
6.0,betweenness_centrality,0.0018019318880288266,sequential_ollama/gemma4:e4b,3
6.0,betweenness_centrality,0.003030711604766227,sequential_ollama/gemma4:e4b,14
6.0,betweenness_centrality,0.048397128851244316,sequential_ollama/gemma4:e4b,6
6.0,betweenness_centrality,0.007424261884796099,sequential_ollama/gemma4:e4b,33
6.0,betweenness_centrality,0.0003171140250972184,sequential_ollama/gemma4:e4b,23
6.0,betweenness_centrality,0.002232904206193522,sequential_ollama/gemma4:e4b,39
6.0,betweenness_centrality,0.052000787688812895,sequential_ollama/gemma4:e4b,47
6.0,betweenness_centrality,0.018418020141816514,sequential_ollama/gemma4:e4b,48
6.0,betweenness_centrality,0.004218592129381445,sequential_ollama/gemma4:e4b,41
6.0,betweenness_centrality,0.0017833466775543608,sequential_ollama/gemma4:e4b,24
6.0,betweenness_centrality,0.03968665334770647,sequential_ollama/gemma4:e4b,17
6.0,betweenness_centrality,0.028131213437505305,sequential_ollama/gemma4:e4b,12
6.0,betweenness_centrality,0.007868721917698362,sequential_ollama/gemma4:e4b,16
6.0,betweenness_centrality,0.012920145905997854,sequential_ollama/gemma4:e4b,2
6.0,betweenness_centrality,0.003229984797531171,sequential_ollama/gemma4:e4b,4
6.0,betweenness_centrality,0.002494975521170571,sequential_ollama/gemma4:e4b,22
6.0,betweenness_centrality,0.0028959200055582155,sequential_ollama/gemma4:e4b,8
6.0,betweenness_centrality,0.0032309924746899534,sequential_ollama/gemma4:e4b,7
6.0,betweenness_centrality,0.0029843314523880296,sequential_ollama/gemma4:e4b,46
6.0,betweenness_centrality,0.0003934266014097946,sequential_ollama/gemma4:e4b,37
6.0,betweenness_centrality,0.001685731620624933,sequential_ollama/gemma4:e4b,0
6.0,betweenness_centrality,0.001238422174590997,sequential_ollama/gemma4:e4b,34
6.0,betweenness_centrality,5.002000800320128e-05,sequential_ollama/gemma4:e4b,29
6.0,betweenness_centrality,0.011853517429560347,sequential_ollama/gemma4:e4b,1
6.0,betweenness_centrality,0.019270953839920894,sequential_ollama/gemma4:e4b,43
6.0,betweenness_centrality,0.0017259447449467008,sequential_ollama/gemma4:e4b,18
6.0,betweenness_centrality,0.01607540350301401,sequential_ollama/gemma4:e4b,19
6.0,betweenness_centrality,0.011167408999824576,sequential_ollama/gemma4:e4b,9
6.0,betweenness_centrality,0.0018225688767501212,sequential_ollama/gemma4:e4b,20
6.0,betweenness_centrality,0.006679474650082247,sequential_ollama/gemma4:e4b,45
6.0,betweenness_centrality,0.026321433767084096,sequential_ollama/gemma4:e4b,35
6.0,betweenness_centrality,0.021032423544864013,sequential_ollama/gemma4:e4b,30
6.0,betweenness_centrality,0.0,sequential_ollama/gemma4:e4b,25
6.0,betweenness_centrality,0.008041893557753827,sequential_ollama/gemma4:e4b,36
6.0,closeness_centrality,0.5104166666666666,sequential_ollama/gemma4:e4b,49
6.0,closeness_centrality,0.5384615384615384,sequential_ollama/gemma4:e4b,28
6.0,closeness_centrality,0.6621621621621622,sequential_ollama/gemma4:e4b,13
6.0,closeness_centrality,0.6282051282051282,sequential_ollama/gemma4:e4b,42
6.0,closeness_centrality,0.550561797752809,sequential_ollama/gemma4:e4b,32
6.0,closeness_centrality,0.6712328767123288,sequential_ollama/gemma4:e4b,15
6.0,closeness_centrality,0.6533333333333333,sequential_ollama/gemma4:e4b,10
6.0,closeness_centrality,0.494949494949495,sequential_ollama/gemma4:e4b,38
6.0,closeness_centrality,0.5212765957446809,sequential_ollama/gemma4:e4b,5
6.0,closeness_centrality,0.5212765957446809,sequential_ollama/gemma4:e4b,44
6.0,closeness_centrality,0.7313432835820896,sequential_ollama/gemma4:e4b,11
6.0,closeness_centrality,0.5568181818181818,sequential_ollama/gemma4:e4b,26
6.0,closeness_centrality,0.5212765957446809,sequential_ollama/gemma4:e4b,31
6.0,closeness_centrality,0.47572815533980584,sequential_ollama/gemma4:e4b,27
6.0,closeness_centrality,0.47572815533980584,sequential_ollama/gemma4:e4b,40
6.0,closeness_centrality,0.5,sequential_ollama/gemma4:e4b,21
6.0,closeness_centrality,0.47115384615384615,sequential_ollama/gemma4:e4b,3
6.0,closeness_centrality,0.48514851485148514,sequential_ollama/gemma4:e4b,14
6.0,closeness_centrality,0.6282051282051282,sequential_ollama/gemma4:e4b,6
6.0,closeness_centrality,0.5051546391752577,sequential_ollama/gemma4:e4b,33
6.0,closeness_centrality,0.4537037037037037,sequential_ollama/gemma4:e4b,23
6.0,closeness_centrality,0.4803921568627451,sequential_ollama/gemma4:e4b,39
6.0,closeness_centrality,0.6125,sequential_ollama/gemma4:e4b,47
6.0,closeness_centrality,0.5903614457831325,sequential_ollama/gemma4:e4b,48
6.0,closeness_centrality,0.48514851485148514,sequential_ollama/gemma4:e4b,41
6.0,closeness_centrality,0.4666666666666667,sequential_ollama/gemma4:e4b,24
6.0,closeness_centrality,0.6363636363636364,sequential_ollama/gemma4:e4b,17
6.0,closeness_centrality,0.6282051282051282,sequential_ollama/gemma4:e4b,12
6.0,closeness_centrality,0.5,sequential_ollama/gemma4:e4b,16
6.0,closeness_centrality,0.550561797752809,sequential_ollama/gemma4:e4b,2
6.0,closeness_centrality,0.5051546391752577,sequential_ollama/gemma4:e4b,4
6.0,closeness_centrality,0.5157894736842106,sequential_ollama/gemma4:e4b,22
6.0,closeness_centrality,0.532608695652174,sequential_ollama/gemma4:e4b,8
6.0,closeness_centrality,0.5212765957446809,sequential_ollama/gemma4:e4b,7
6.0,closeness_centrality,0.5268817204301075,sequential_ollama/gemma4:e4b,46
6.0,closeness_centrality,0.4666666666666667,sequential_ollama/gemma4:e4b,37
6.0,closeness_centrality,0.5157894736842106,sequential_ollama/gemma4:e4b,0
6.0,closeness_centrality,0.5157894736842106,sequential_ollama/gemma4:e4b,34
6.0,closeness_centrality,0.47572815533980584,sequential_ollama/gemma4:e4b,29
6.0,closeness_centrality,0.5833333333333334,sequential_ollama/gemma4:e4b,1
6.0,closeness_centrality,0.5975609756097561,sequential_ollama/gemma4:e4b,43
6.0,closeness_centrality,0.46226415094339623,sequential_ollama/gemma4:e4b,18
6.0,closeness_centrality,0.5833333333333334,sequential_ollama/gemma4:e4b,19
6.0,closeness_centrality,0.5697674418604651,sequential_ollama/gemma4:e4b,9
6.0,closeness_centrality,0.5,sequential_ollama/gemma4:e4b,20
6.0,closeness_centrality,0.5632183908045977,sequential_ollama/gemma4:e4b,45
6.0,closeness_centrality,0.5975609756097561,sequential_ollama/gemma4:e4b,35
6.0,closeness_centrality,0.5632183908045977,sequential_ollama/gemma4:e4b,30
6.0,closeness_centrality,0.4375,sequential_ollama/gemma4:e4b,25
6.0,closeness_centrality,0.5568181818181818,sequential_ollama/gemma4:e4b,36
7.0,degree_centrality,0.32653061224489793,sequential_ollama/gemma4:e4b,13
7.0,degree_centrality,0.42857142857142855,sequential_ollama/gemma4:e4b,49
7.0,degree_centrality,0.4693877551020408,sequential_ollama/gemma4:e4b,38
7.0,degree_centrality,0.3877551020408163,sequential_ollama/gemma4:e4b,7
7.0,degree_centrality,0.42857142857142855,sequential_ollama/gemma4:e4b,22
7.0,degree_centrality,0.44897959183673464,sequential_ollama/gemma4:e4b,26
7.0,degree_centrality,0.36734693877551017,sequential_ollama/gemma4:e4b,42
7.0,degree_centrality,0.36734693877551017,sequential_ollama/gemma4:e4b,4
7.0,degree_centrality,0.3469387755102041,sequential_ollama/gemma4:e4b,10
7.0,degree_centrality,0.3877551020408163,sequential_ollama/gemma4:e4b,34
7.0,degree_centrality,0.44897959183673464,sequential_ollama/gemma4:e4b,11
7.0,degree_centrality,0.44897959183673464,sequential_ollama/gemma4:e4b,28
7.0,degree_centrality,0.3061224489795918,sequential_ollama/gemma4:e4b,20
7.0,degree_centrality,0.3469387755102041,sequential_ollama/gemma4:e4b,32
7.0,degree_centrality,0.3061224489795918,sequential_ollama/gemma4:e4b,15
7.0,degree_centrality,0.42857142857142855,sequential_ollama/gemma4:e4b,8
7.0,degree_centrality,0.4081632653061224,sequential_ollama/gemma4:e4b,31
7.0,degree_centrality,0.3469387755102041,sequential_ollama/gemma4:e4b,44
7.0,degree_centrality,0.36734693877551017,sequential_ollama/gemma4:e4b,5
7.0,degree_centrality,0.36734693877551017,sequential_ollama/gemma4:e4b,0
7.0,degree_centrality,0.26530612244897955,sequential_ollama/gemma4:e4b,46
7.0,degree_centrality,0.18367346938775508,sequential_ollama/gemma4:e4b,29
7.0,degree_centrality,0.3877551020408163,sequential_ollama/gemma4:e4b,30
7.0,degree_centrality,0.4897959183673469,sequential_ollama/gemma4:e4b,35
7.0,degree_centrality,0.5102040816326531,sequential_ollama/gemma4:e4b,17
7.0,degree_centrality,0.4693877551020408,sequential_ollama/gemma4:e4b,9
7.0,degree_centrality,0.4897959183673469,sequential_ollama/gemma4:e4b,12
7.0,degree_centrality,0.4897959183673469,sequential_ollama/gemma4:e4b,40
7.0,degree_centrality,0.4693877551020408,sequential_ollama/gemma4:e4b,16
7.0,degree_centrality,0.44897959183673464,sequential_ollama/gemma4:e4b,2
7.0,degree_centrality,0.4081632653061224,sequential_ollama/gemma4:e4b,19
7.0,degree_centrality,0.4897959183673469,sequential_ollama/gemma4:e4b,1
7.0,degree_centrality,0.4693877551020408,sequential_ollama/gemma4:e4b,41
7.0,degree_centrality,0.44897959183673464,sequential_ollama/gemma4:e4b,3
7.0,degree_centrality,0.3877551020408163,sequential_ollama/gemma4:e4b,21
7.0,degree_centrality,0.2857142857142857,sequential_ollama/gemma4:e4b,18
7.0,degree_centrality,0.5306122448979591,sequential_ollama/gemma4:e4b,47
7.0,degree_centrality,0.4693877551020408,sequential_ollama/gemma4:e4b,33
7.0,degree_centrality,0.44897959183673464,sequential_ollama/gemma4:e4b,45
7.0,degree_centrality,0.3877551020408163,sequential_ollama/gemma4:e4b,23
7.0,degree_centrality,0.3877551020408163,sequential_ollama/gemma4:e4b,25
7.0,degree_centrality,0.4693877551020408,sequential_ollama/gemma4:e4b,14
7.0,degree_centrality,0.22448979591836732,sequential_ollama/gemma4:e4b,27
7.0,degree_centrality,0.3877551020408163,sequential_ollama/gemma4:e4b,48
7.0,degree_centrality,0.3877551020408163,sequential_ollama/gemma4:e4b,43
7.0,degree_centrality,0.42857142857142855,sequential_ollama/gemma4:e4b,39
7.0,degree_centrality,0.3877551020408163,sequential_ollama/gemma4:e4b,6
7.0,degree_centrality,0.42857142857142855,sequential_ollama/gemma4:e4b,36
7.0,degree_centrality,0.2040816326530612,sequential_ollama/gemma4:e4b,24
7.0,degree_centrality,0.18367346938775508,sequential_ollama/gemma4:e4b,37
7.0,betweenness_centrality,0.0006232240926118477,sequential_ollama/gemma4:e4b,13
7.0,betweenness_centrality,0.003767965311332658,sequential_ollama/gemma4:e4b,49
7.0,betweenness_centrality,0.5128724025407698,sequential_ollama/gemma4:e4b,38
7.0,betweenness_centrality,0.0028644352623944463,sequential_ollama/gemma4:e4b,7
7.0,betweenness_centrality,0.0032689273122946593,sequential_ollama/gemma4:e4b,22
7.0,betweenness_centrality,0.00436900118022567,sequential_ollama/gemma4:e4b,26
7.0,betweenness_centrality,0.00256066920607737,sequential_ollama/gemma4:e4b,42
7.0,betweenness_centrality,0.0010850496819884575,sequential_ollama/gemma4:e4b,4
7.0,betweenness_centrality,0.00475617777913696,sequential_ollama/gemma4:e4b,10
7.0,betweenness_centrality,0.005162725124459814,sequential_ollama/gemma4:e4b,34
7.0,betweenness_centrality,0.008318696137573684,sequential_ollama/gemma4:e4b,11
7.0,betweenness_centrality,0.006982784788907232,sequential_ollama/gemma4:e4b,28
7.0,betweenness_centrality,0.0006725417439703154,sequential_ollama/gemma4:e4b,20
7.0,betweenness_centrality,0.00475617777913696,sequential_ollama/gemma4:e4b,32
7.0,betweenness_centrality,0.0004129185251634231,sequential_ollama/gemma4:e4b,15
7.0,betweenness_centrality,0.006499535517392656,sequential_ollama/gemma4:e4b,8
7.0,betweenness_centrality,0.0022751978746876705,sequential_ollama/gemma4:e4b,31
7.0,betweenness_centrality,0.004261361276667396,sequential_ollama/gemma4:e4b,44
7.0,betweenness_centrality,0.005217116122728362,sequential_ollama/gemma4:e4b,5
7.0,betweenness_centrality,0.004501646784810046,sequential_ollama/gemma4:e4b,0
7.0,betweenness_centrality,0.0006978494861147923,sequential_ollama/gemma4:e4b,46
7.0,betweenness_centrality,4.724111866969009e-05,sequential_ollama/gemma4:e4b,29
7.0,betweenness_centrality,0.0009542661370826849,sequential_ollama/gemma4:e4b,30
7.0,betweenness_centrality,0.0021145076602127845,sequential_ollama/gemma4:e4b,35
7.0,betweenness_centrality,0.0036107013757942547,sequential_ollama/gemma4:e4b,17
7.0,betweenness_centrality,0.002478619894072917,sequential_ollama/gemma4:e4b,9
7.0,betweenness_centrality,0.0021145076602127845,sequential_ollama/gemma4:e4b,12
7.0,betweenness_centrality,0.003280182263387387,sequential_ollama/gemma4:e4b,40
7.0,betweenness_centrality,0.0023996597385821496,sequential_ollama/gemma4:e4b,16
7.0,betweenness_centrality,0.0010735340502115635,sequential_ollama/gemma4:e4b,2
7.0,betweenness_centrality,0.0010409631630488394,sequential_ollama/gemma4:e4b,19
7.0,betweenness_centrality,0.0032355168408273864,sequential_ollama/gemma4:e4b,1
7.0,betweenness_centrality,0.0013895334658508346,sequential_ollama/gemma4:e4b,41
7.0,betweenness_centrality,0.0015091563927216607,sequential_ollama/gemma4:e4b,3
7.0,betweenness_centrality,0.0022420655515011678,sequential_ollama/gemma4:e4b,21
7.0,betweenness_centrality,0.0002820865188180535,sequential_ollama/gemma4:e4b,18
7.0,betweenness_centrality,0.5138147830084474,sequential_ollama/gemma4:e4b,47
7.0,betweenness_centrality,0.0023996597385821496,sequential_ollama/gemma4:e4b,33
7.0,betweenness_centrality,0.0014628382622948867,sequential_ollama/gemma4:e4b,45
7.0,betweenness_centrality,0.0007170772444316072,sequential_ollama/gemma4:e4b,23
7.0,betweenness_centrality,0.000974085572793477,sequential_ollama/gemma4:e4b,25
7.0,betweenness_centrality,0.0013895334658508346,sequential_ollama/gemma4:e4b,14
7.0,betweenness_centrality,0.0005168489862367412,sequential_ollama/gemma4:e4b,27
7.0,betweenness_centrality,0.001261372343423585,sequential_ollama/gemma4:e4b,48
7.0,betweenness_centrality,0.0011377467653728157,sequential_ollama/gemma4:e4b,43
7.0,betweenness_centrality,0.00147951441093698,sequential_ollama/gemma4:e4b,39
7.0,betweenness_centrality,0.0005446126863443791,sequential_ollama/gemma4:e4b,6
7.0,betweenness_centrality,0.001299285097047623,sequential_ollama/gemma4:e4b,36
7.0,betweenness_centrality,0.000215959399632869,sequential_ollama/gemma4:e4b,24
7.0,betweenness_centrality,0.0002442002442002442,sequential_ollama/gemma4:e4b,37
7.0,closeness_centrality,0.45794392523364486,sequential_ollama/gemma4:e4b,13
7.0,closeness_centrality,0.4803921568627451,sequential_ollama/gemma4:e4b,49
7.0,closeness_centrality,0.6533333333333333,sequential_ollama/gemma4:e4b,38
7.0,closeness_centrality,0.47115384615384615,sequential_ollama/gemma4:e4b,7
7.0,closeness_centrality,0.4803921568627451,sequential_ollama/gemma4:e4b,22
7.0,closeness_centrality,0.48514851485148514,sequential_ollama/gemma4:e4b,26
7.0,closeness_centrality,0.4666666666666667,sequential_ollama/gemma4:e4b,42
7.0,closeness_centrality,0.4666666666666667,sequential_ollama/gemma4:e4b,4
7.0,closeness_centrality,0.46226415094339623,sequential_ollama/gemma4:e4b,10
7.0,closeness_centrality,0.47115384615384615,sequential_ollama/gemma4:e4b,34
7.0,closeness_centrality,0.48514851485148514,sequential_ollama/gemma4:e4b,11
7.0,closeness_centrality,0.48514851485148514,sequential_ollama/gemma4:e4b,28
7.0,closeness_centrality,0.4537037037037037,sequential_ollama/gemma4:e4b,20
7.0,closeness_centrality,0.46226415094339623,sequential_ollama/gemma4:e4b,32
7.0,closeness_centrality,0.4537037037037037,sequential_ollama/gemma4:e4b,15
7.0,closeness_centrality,0.4803921568627451,sequential_ollama/gemma4:e4b,8
7.0,closeness_centrality,0.47572815533980584,sequential_ollama/gemma4:e4b,31
7.0,closeness_centrality,0.46226415094339623,sequential_ollama/gemma4:e4b,44
7.0,closeness_centrality,0.4666666666666667,sequential_ollama/gemma4:e4b,5
7.0,closeness_centrality,0.4666666666666667,sequential_ollama/gemma4:e4b,0
7.0,closeness_centrality,0.44545454545454544,sequential_ollama/gemma4:e4b,46
7.0,closeness_centrality,0.4298245614035088,sequential_ollama/gemma4:e4b,29
7.0,closeness_centrality,0.47572815533980584,sequential_ollama/gemma4:e4b,30
7.0,closeness_centrality,0.5,sequential_ollama/gemma4:e4b,35
7.0,closeness_centrality,0.5051546391752577,sequential_ollama/gemma4:e4b,17
7.0,closeness_centrality,0.494949494949495,sequential_ollama/gemma4:e4b,9
7.0,closeness_centrality,0.5,sequential_ollama/gemma4:e4b,12
7.0,closeness_centrality,0.5,sequential_ollama/gemma4:e4b,40
7.0,closeness_centrality,0.494949494949495,sequential_ollama/gemma4:e4b,16
7.0,closeness_centrality,0.49,sequential_ollama/gemma4:e4b,2
7.0,closeness_centrality,0.4803921568627451,sequential_ollama/gemma4:e4b,19
7.0,closeness_centrality,0.5,sequential_ollama/gemma4:e4b,1
7.0,closeness_centrality,0.494949494949495,sequential_ollama/gemma4:e4b,41
7.0,closeness_centrality,0.49,sequential_ollama/gemma4:e4b,3
7.0,closeness_centrality,0.47572815533980584,sequential_ollama/gemma4:e4b,21
7.0,closeness_centrality,0.4537037037037037,sequential_ollama/gemma4:e4b,18
7.0,closeness_centrality,0.6712328767123288,sequential_ollama/gemma4:e4b,47
7.0,closeness_centrality,0.494949494949495,sequential_ollama/gemma4:e4b,33
7.0,closeness_centrality,0.49,sequential_ollama/gemma4:e4b,45
7.0,closeness_centrality,0.47572815533980584,sequential_ollama/gemma4:e4b,23
7.0,closeness_centrality,0.47572815533980584,sequential_ollama/gemma4:e4b,25
7.0,closeness_centrality,0.494949494949495,sequential_ollama/gemma4:e4b,14
7.0,closeness_centrality,0.4375,sequential_ollama/gemma4:e4b,27
7.0,closeness_centrality,0.47572815533980584,sequential_ollama/gemma4:e4b,48
7.0,closeness_centrality,0.47572815533980584,sequential_ollama/gemma4:e4b,43
7.0,closeness_centrality,0.48514851485148514,sequential_ollama/gemma4:e4b,39
7.0,closeness_centrality,0.47572815533980584,sequential_ollama/gemma4:e4b,6
7.0,closeness_centrality,0.48514851485148514,sequential_ollama/gemma4:e4b,36
7.0,closeness_centrality,0.4375,sequential_ollama/gemma4:e4b,24
7.0,closeness_centrality,0.35,sequential_ollama/gemma4:e4b,37
8.0,degree_centrality,0.3877551020408163,sequential_ollama/gemma4:e4b,44
8.0,degree_centrality,0.4081632653061224,sequential_ollama/gemma4:e4b,4
8.0,degree_centrality,0.4693877551020408,sequential_ollama/gemma4:e4b,26
8.0,degree_centrality,0.42857142857142855,sequential_ollama/gemma4:e4b,28
8.0,degree_centrality,0.4693877551020408,sequential_ollama/gemma4:e4b,42
8.0,degree_centrality,0.4081632653061224,sequential_ollama/gemma4:e4b,37
8.0,degree_centrality,0.44897959183673464,sequential_ollama/gemma4:e4b,13
8.0,degree_centrality,0.42857142857142855,sequential_ollama/gemma4:e4b,8
8.0,degree_centrality,0.44897959183673464,sequential_ollama/gemma4:e4b,7
8.0,degree_centrality,0.42857142857142855,sequential_ollama/gemma4:e4b,32
8.0,degree_centrality,0.3469387755102041,sequential_ollama/gemma4:e4b,15
8.0,degree_centrality,0.4081632653061224,sequential_ollama/gemma4:e4b,46
8.0,degree_centrality,0.4897959183673469,sequential_ollama/gemma4:e4b,10
8.0,degree_centrality,0.42857142857142855,sequential_ollama/gemma4:e4b,38
8.0,degree_centrality,0.42857142857142855,sequential_ollama/gemma4:e4b,5
8.0,degree_centrality,0.42857142857142855,sequential_ollama/gemma4:e4b,34
8.0,degree_centrality,0.4081632653061224,sequential_ollama/gemma4:e4b,22
8.0,degree_centrality,0.44897959183673464,sequential_ollama/gemma4:e4b,11
8.0,degree_centrality,0.4693877551020408,sequential_ollama/gemma4:e4b,31
8.0,degree_centrality,0.4081632653061224,sequential_ollama/gemma4:e4b,0
8.0,degree_centrality,0.36734693877551017,sequential_ollama/gemma4:e4b,49
8.0,degree_centrality,0.3877551020408163,sequential_ollama/gemma4:e4b,20
8.0,degree_centrality,0.32653061224489793,sequential_ollama/gemma4:e4b,27
8.0,degree_centrality,0.2857142857142857,sequential_ollama/gemma4:e4b,36
8.0,degree_centrality,0.26530612244897955,sequential_ollama/gemma4:e4b,18
8.0,degree_centrality,0.4897959183673469,sequential_ollama/gemma4:e4b,3
8.0,degree_centrality,0.4693877551020408,sequential_ollama/gemma4:e4b,33
8.0,degree_centrality,0.44897959183673464,sequential_ollama/gemma4:e4b,1
8.0,degree_centrality,0.2857142857142857,sequential_ollama/gemma4:e4b,19
8.0,degree_centrality,0.42857142857142855,sequential_ollama/gemma4:e4b,25
8.0,degree_centrality,0.36734693877551017,sequential_ollama/gemma4:e4b,21
8.0,degree_centrality,0.42857142857142855,sequential_ollama/gemma4:e4b,40
8.0,degree_centrality,0.44897959183673464,sequential_ollama/gemma4:e4b,43
8.0,degree_centrality,0.4081632653061224,sequential_ollama/gemma4:e4b,45
8.0,degree_centrality,0.4693877551020408,sequential_ollama/gemma4:e4b,14
8.0,degree_centrality,0.32653061224489793,sequential_ollama/gemma4:e4b,30
8.0,degree_centrality,0.4693877551020408,sequential_ollama/gemma4:e4b,17
8.0,degree_centrality,0.4693877551020408,sequential_ollama/gemma4:e4b,12
8.0,degree_centrality,0.3061224489795918,sequential_ollama/gemma4:e4b,23
8.0,degree_centrality,0.44897959183673464,sequential_ollama/gemma4:e4b,16
8.0,degree_centrality,0.3877551020408163,sequential_ollama/gemma4:e4b,39
8.0,degree_centrality,0.32653061224489793,sequential_ollama/gemma4:e4b,2
8.0,degree_centrality,0.3469387755102041,sequential_ollama/gemma4:e4b,47
8.0,degree_centrality,0.36734693877551017,sequential_ollama/gemma4:e4b,41
8.0,degree_centrality,0.3469387755102041,sequential_ollama/gemma4:e4b,6
8.0,degree_centrality,0.3469387755102041,sequential_ollama/gemma4:e4b,48
8.0,degree_centrality,0.42857142857142855,sequential_ollama/gemma4:e4b,24
8.0,degree_centrality,0.32653061224489793,sequential_ollama/gemma4:e4b,9
8.0,degree_centrality,0.2040816326530612,sequential_ollama/gemma4:e4b,35
8.0,degree_centrality,0.3469387755102041,sequential_ollama/gemma4:e4b,29
8.0,betweenness_centrality,0.0008912942379981151,sequential_ollama/gemma4:e4b,44
8.0,betweenness_centrality,0.0013223595212542743,sequential_ollama/gemma4:e4b,4
8.0,betweenness_centrality,0.002260997959389285,sequential_ollama/gemma4:e4b,26
8.0,betweenness_centrality,0.002076757596577494,sequential_ollama/gemma4:e4b,28
8.0,betweenness_centrality,0.002260997959389285,sequential_ollama/gemma4:e4b,42
8.0,betweenness_centrality,0.0017227941568863428,sequential_ollama/gemma4:e4b,37
8.0,betweenness_centrality,0.0016262655448165814,sequential_ollama/gemma4:e4b,13
8.0,betweenness_centrality,0.001732204190799599,sequential_ollama/gemma4:e4b,8
8.0,betweenness_centrality,0.0020595138569763903,sequential_ollama/gemma4:e4b,7
8.0,betweenness_centrality,0.0021354715583526804,sequential_ollama/gemma4:e4b,32
8.0,betweenness_centrality,0.000568232723331605,sequential_ollama/gemma4:e4b,15
8.0,betweenness_centrality,0.0015681656221557673,sequential_ollama/gemma4:e4b,46
8.0,betweenness_centrality,0.20233674574433363,sequential_ollama/gemma4:e4b,10
8.0,betweenness_centrality,0.0014735311009972827,sequential_ollama/gemma4:e4b,38
8.0,betweenness_centrality,0.002092954551549959,sequential_ollama/gemma4:e4b,5
8.0,betweenness_centrality,0.0016720960832290852,sequential_ollama/gemma4:e4b,34
8.0,betweenness_centrality,0.0013375229292748253,sequential_ollama/gemma4:e4b,22
8.0,betweenness_centrality,0.0021779885651554013,sequential_ollama/gemma4:e4b,11
8.0,betweenness_centrality,0.28904551717385607,sequential_ollama/gemma4:e4b,31
8.0,betweenness_centrality,0.0013301659656387037,sequential_ollama/gemma4:e4b,0
8.0,betweenness_centrality,0.0005261523991384355,sequential_ollama/gemma4:e4b,49
8.0,betweenness_centrality,0.0012612721908842309,sequential_ollama/gemma4:e4b,20
8.0,betweenness_centrality,0.000317909640882251,sequential_ollama/gemma4:e4b,27
8.0,betweenness_centrality,0.0008802620282212118,sequential_ollama/gemma4:e4b,36
8.0,betweenness_centrality,0.0009084867019290788,sequential_ollama/gemma4:e4b,18
8.0,betweenness_centrality,0.006532343274733802,sequential_ollama/gemma4:e4b,3
8.0,betweenness_centrality,0.005497321512671223,sequential_ollama/gemma4:e4b,33
8.0,betweenness_centrality,0.005126543761566342,sequential_ollama/gemma4:e4b,1
8.0,betweenness_centrality,0.0023321769601565056,sequential_ollama/gemma4:e4b,19
8.0,betweenness_centrality,0.20441084000350507,sequential_ollama/gemma4:e4b,25
8.0,betweenness_centrality,0.0025848203977281697,sequential_ollama/gemma4:e4b,21
8.0,betweenness_centrality,0.004115296980136488,sequential_ollama/gemma4:e4b,40
8.0,betweenness_centrality,0.005238210014685821,sequential_ollama/gemma4:e4b,43
8.0,betweenness_centrality,0.004100717133746198,sequential_ollama/gemma4:e4b,45
8.0,betweenness_centrality,0.0047096459418323865,sequential_ollama/gemma4:e4b,14
8.0,betweenness_centrality,0.00184722623467143,sequential_ollama/gemma4:e4b,30
8.0,betweenness_centrality,0.005898186362440636,sequential_ollama/gemma4:e4b,17
8.0,betweenness_centrality,0.006120029664641081,sequential_ollama/gemma4:e4b,12
8.0,betweenness_centrality,0.001351745951460837,sequential_ollama/gemma4:e4b,23
8.0,betweenness_centrality,0.15819494416481023,sequential_ollama/gemma4:e4b,16
8.0,betweenness_centrality,0.11810246390069884,sequential_ollama/gemma4:e4b,39
8.0,betweenness_centrality,0.0013128801642033022,sequential_ollama/gemma4:e4b,2
8.0,betweenness_centrality,0.0011733281391144536,sequential_ollama/gemma4:e4b,47
8.0,betweenness_centrality,0.0021000060864790285,sequential_ollama/gemma4:e4b,41
8.0,betweenness_centrality,0.0026862923270269735,sequential_ollama/gemma4:e4b,6
8.0,betweenness_centrality,0.0013336379895503543,sequential_ollama/gemma4:e4b,48
8.0,betweenness_centrality,0.0034315295045544585,sequential_ollama/gemma4:e4b,24
8.0,betweenness_centrality,0.0012536066431408101,sequential_ollama/gemma4:e4b,9
8.0,betweenness_centrality,0.0001761693688464397,sequential_ollama/gemma4:e4b,35
8.0,betweenness_centrality,0.0004646496234249756,sequential_ollama/gemma4:e4b,29
8.0,closeness_centrality,0.4803921568627451,sequential_ollama/gemma4:e4b,44
8.0,closeness_centrality,0.48514851485148514,sequential_ollama/gemma4:e4b,4
8.0,closeness_centrality,0.5,sequential_ollama/gemma4:e4b,26
8.0,closeness_centrality,0.49,sequential_ollama/gemma4:e4b,28
8.0,closeness_centrality,0.5,sequential_ollama/gemma4:e4b,42
8.0,closeness_centrality,0.48514851485148514,sequential_ollama/gemma4:e4b,37
8.0,closeness_centrality,0.494949494949495,sequential_ollama/gemma4:e4b,13
8.0,closeness_centrality,0.49,sequential_ollama/gemma4:e4b,8
8.0,closeness_centrality,0.494949494949495,sequential_ollama/gemma4:e4b,7
8.0,closeness_centrality,0.49,sequential_ollama/gemma4:e4b,32
8.0,closeness_centrality,0.44144144144144143,sequential_ollama/gemma4:e4b,15
8.0,closeness_centrality,0.48514851485148514,sequential_ollama/gemma4:e4b,46
8.0,closeness_centrality,0.620253164556962,sequential_ollama/gemma4:e4b,10
8.0,closeness_centrality,0.49,sequential_ollama/gemma4:e4b,38
8.0,closeness_centrality,0.49,sequential_ollama/gemma4:e4b,5
8.0,closeness_centrality,0.49,sequential_ollama/gemma4:e4b,34
8.0,closeness_centrality,0.48514851485148514,sequential_ollama/gemma4:e4b,22
8.0,closeness_centrality,0.494949494949495,sequential_ollama/gemma4:e4b,11
8.0,closeness_centrality,0.6282051282051282,sequential_ollama/gemma4:e4b,31
8.0,closeness_centrality,0.48514851485148514,sequential_ollama/gemma4:e4b,0
8.0,closeness_centrality,0.47572815533980584,sequential_ollama/gemma4:e4b,49
8.0,closeness_centrality,0.4803921568627451,sequential_ollama/gemma4:e4b,20
8.0,closeness_centrality,0.4666666666666667,sequential_ollama/gemma4:e4b,27
8.0,closeness_centrality,0.45794392523364486,sequential_ollama/gemma4:e4b,36
8.0,closeness_centrality,0.4537037037037037,sequential_ollama/gemma4:e4b,18
8.0,closeness_centrality,0.5104166666666666,sequential_ollama/gemma4:e4b,3
8.0,closeness_centrality,0.5051546391752577,sequential_ollama/gemma4:e4b,33
8.0,closeness_centrality,0.5,sequential_ollama/gemma4:e4b,1
8.0,closeness_centrality,0.46226415094339623,sequential_ollama/gemma4:e4b,19
8.0,closeness_centrality,0.6363636363636364,sequential_ollama/gemma4:e4b,25
8.0,closeness_centrality,0.47572815533980584,sequential_ollama/gemma4:e4b,21
8.0,closeness_centrality,0.494949494949495,sequential_ollama/gemma4:e4b,40
8.0,closeness_centrality,0.48514851485148514,sequential_ollama/gemma4:e4b,43
8.0,closeness_centrality,0.49,sequential_ollama/gemma4:e4b,45
8.0,closeness_centrality,0.5051546391752577,sequential_ollama/gemma4:e4b,14
8.0,closeness_centrality,0.47115384615384615,sequential_ollama/gemma4:e4b,30
8.0,closeness_centrality,0.5051546391752577,sequential_ollama/gemma4:e4b,17
8.0,closeness_centrality,0.5051546391752577,sequential_ollama/gemma4:e4b,12
8.0,closeness_centrality,0.4537037037037037,sequential_ollama/gemma4:e4b,23
8.0,closeness_centrality,0.6282051282051282,sequential_ollama/gemma4:e4b,16
8.0,closeness_centrality,0.6049382716049383,sequential_ollama/gemma4:e4b,39
8.0,closeness_centrality,0.47115384615384615,sequential_ollama/gemma4:e4b,2
8.0,closeness_centrality,0.46226415094339623,sequential_ollama/gemma4:e4b,47
8.0,closeness_centrality,0.4803921568627451,sequential_ollama/gemma4:e4b,41
8.0,closeness_centrality,0.47572815533980584,sequential_ollama/gemma4:e4b,6
8.0,closeness_centrality,0.46226415094339623,sequential_ollama/gemma4:e4b,48
8.0,closeness_centrality,0.494949494949495,sequential_ollama/gemma4:e4b,24
8.0,closeness_centrality,0.47115384615384615,sequential_ollama/gemma4:e4b,9
8.0,closeness_centrality,0.4336283185840708,sequential_ollama/gemma4:e4b,35
8.0,closeness_centrality,0.44144144144144143,sequential_ollama/gemma4:e4b,29
9.0,degree_centrality,0.36734693877551017,sequential_ollama/gemma4:e4b,21
9.0,degree_centrality,0.44897959183673464,sequential_ollama/gemma4:e4b,23
9.0,degree_centrality,0.32653061224489793,sequential_ollama/gemma4:e4b,24
9.0,degree_centrality,0.4897959183673469,sequential_ollama/gemma4:e4b,18
9.0,degree_centrality,0.44897959183673464,sequential_ollama/gemma4:e4b,47
9.0,degree_centrality,0.18367346938775508,sequential_ollama/gemma4:e4b,36
9.0,degree_centrality,0.2857142857142857,sequential_ollama/gemma4:e4b,6
9.0,degree_centrality,0.36734693877551017,sequential_ollama/gemma4:e4b,19
9.0,degree_centrality,0.3877551020408163,sequential_ollama/gemma4:e4b,35
9.0,degree_centrality,0.3877551020408163,sequential_ollama/gemma4:e4b,43
9.0,degree_centrality,0.4081632653061224,sequential_ollama/gemma4:e4b,17
9.0,degree_centrality,0.4897959183673469,sequential_ollama/gemma4:e4b,9
9.0,degree_centrality,0.4693877551020408,sequential_ollama/gemma4:e4b,12
9.0,degree_centrality,0.42857142857142855,sequential_ollama/gemma4:e4b,14
9.0,degree_centrality,0.42857142857142855,sequential_ollama/gemma4:e4b,16
9.0,degree_centrality,0.5102040816326531,sequential_ollama/gemma4:e4b,2
9.0,degree_centrality,0.3877551020408163,sequential_ollama/gemma4:e4b,41
9.0,degree_centrality,0.3877551020408163,sequential_ollama/gemma4:e4b,3
9.0,degree_centrality,0.3877551020408163,sequential_ollama/gemma4:e4b,40
9.0,degree_centrality,0.2040816326530612,sequential_ollama/gemma4:e4b,37
9.0,degree_centrality,0.2857142857142857,sequential_ollama/gemma4:e4b,0
9.0,degree_centrality,0.36734693877551017,sequential_ollama/gemma4:e4b,15
9.0,degree_centrality,0.36734693877551017,sequential_ollama/gemma4:e4b,7
9.0,degree_centrality,0.3061224489795918,sequential_ollama/gemma4:e4b,10
9.0,degree_centrality,0.22448979591836732,sequential_ollama/gemma4:e4b,44
9.0,degree_centrality,0.3061224489795918,sequential_ollama/gemma4:e4b,49
9.0,degree_centrality,0.42857142857142855,sequential_ollama/gemma4:e4b,22
9.0,degree_centrality,0.4693877551020408,sequential_ollama/gemma4:e4b,28
9.0,degree_centrality,0.42857142857142855,sequential_ollama/gemma4:e4b,42
9.0,degree_centrality,0.32653061224489793,sequential_ollama/gemma4:e4b,27
9.0,degree_centrality,0.26530612244897955,sequential_ollama/gemma4:e4b,39
9.0,degree_centrality,0.3469387755102041,sequential_ollama/gemma4:e4b,33
9.0,degree_centrality,0.44897959183673464,sequential_ollama/gemma4:e4b,48
9.0,degree_centrality,0.3061224489795918,sequential_ollama/gemma4:e4b,1
9.0,degree_centrality,0.4081632653061224,sequential_ollama/gemma4:e4b,45
9.0,degree_centrality,0.14285714285714285,sequential_ollama/gemma4:e4b,30
9.0,degree_centrality,0.14285714285714285,sequential_ollama/gemma4:e4b,25
9.0,degree_centrality,0.36734693877551017,sequential_ollama/gemma4:e4b,8
9.0,degree_centrality,0.24489795918367346,sequential_ollama/gemma4:e4b,5
9.0,degree_centrality,0.12244897959183673,sequential_ollama/gemma4:e4b,46
9.0,degree_centrality,0.32653061224489793,sequential_ollama/gemma4:e4b,32
9.0,degree_centrality,0.32653061224489793,sequential_ollama/gemma4:e4b,13
9.0,degree_centrality,0.24489795918367346,sequential_ollama/gemma4:e4b,29
9.0,degree_centrality,0.2857142857142857,sequential_ollama/gemma4:e4b,38
9.0,degree_centrality,0.24489795918367346,sequential_ollama/gemma4:e4b,34
9.0,degree_centrality,0.32653061224489793,sequential_ollama/gemma4:e4b,11
9.0,degree_centrality,0.2857142857142857,sequential_ollama/gemma4:e4b,26
9.0,degree_centrality,0.32653061224489793,sequential_ollama/gemma4:e4b,20
9.0,degree_centrality,0.24489795918367346,sequential_ollama/gemma4:e4b,4
9.0,degree_centrality,0.26530612244897955,sequential_ollama/gemma4:e4b,31
9.0,betweenness_centrality,0.0052467817775946534,sequential_ollama/gemma4:e4b,21
9.0,betweenness_centrality,0.0025379050792027954,sequential_ollama/gemma4:e4b,23
9.0,betweenness_centrality,0.0008245178428563752,sequential_ollama/gemma4:e4b,24
9.0,betweenness_centrality,0.014218949375844264,sequential_ollama/gemma4:e4b,18
9.0,betweenness_centrality,0.0025379050792027954,sequential_ollama/gemma4:e4b,47
9.0,betweenness_centrality,0.0811989044697652,sequential_ollama/gemma4:e4b,36
9.0,betweenness_centrality,0.0005728354861758222,sequential_ollama/gemma4:e4b,6
9.0,betweenness_centrality,0.004488857143537436,sequential_ollama/gemma4:e4b,19
9.0,betweenness_centrality,0.0014756111278782314,sequential_ollama/gemma4:e4b,35
9.0,betweenness_centrality,0.0010896301117323736,sequential_ollama/gemma4:e4b,43
9.0,betweenness_centrality,0.005303246039902545,sequential_ollama/gemma4:e4b,17
9.0,betweenness_centrality,0.1560533302947597,sequential_ollama/gemma4:e4b,9
9.0,betweenness_centrality,0.011138374197054799,sequential_ollama/gemma4:e4b,12
9.0,betweenness_centrality,0.0022062635842209637,sequential_ollama/gemma4:e4b,14
9.0,betweenness_centrality,0.0018390338446172745,sequential_ollama/gemma4:e4b,16
9.0,betweenness_centrality,0.2519428338373244,sequential_ollama/gemma4:e4b,2
9.0,betweenness_centrality,0.0008280443708233244,sequential_ollama/gemma4:e4b,41
9.0,betweenness_centrality,0.0015341635000682829,sequential_ollama/gemma4:e4b,3
9.0,betweenness_centrality,0.00138489933811182,sequential_ollama/gemma4:e4b,40
9.0,betweenness_centrality,0.0007940802583659727,sequential_ollama/gemma4:e4b,37
9.0,betweenness_centrality,0.004385658275964397,sequential_ollama/gemma4:e4b,0
9.0,betweenness_centrality,0.008544159251861689,sequential_ollama/gemma4:e4b,15
9.0,betweenness_centrality,0.008118216345257162,sequential_ollama/gemma4:e4b,7
9.0,betweenness_centrality,0.004564077268158899,sequential_ollama/gemma4:e4b,10
9.0,betweenness_centrality,0.0025636848978685713,sequential_ollama/gemma4:e4b,44
9.0,betweenness_centrality,0.0035715572129331186,sequential_ollama/gemma4:e4b,49
9.0,betweenness_centrality,0.24952531102136105,sequential_ollama/gemma4:e4b,22
9.0,betweenness_centrality,0.10094539479002941,sequential_ollama/gemma4:e4b,28
9.0,betweenness_centrality,0.008164344905210605,sequential_ollama/gemma4:e4b,42
9.0,betweenness_centrality,0.0037691109819154582,sequential_ollama/gemma4:e4b,27
9.0,betweenness_centrality,0.0004181790713030968,sequential_ollama/gemma4:e4b,39
9.0,betweenness_centrality,0.0008125254815049153,sequential_ollama/gemma4:e4b,33
9.0,betweenness_centrality,0.005276313337944188,sequential_ollama/gemma4:e4b,48
9.0,betweenness_centrality,0.00019267575451233126,sequential_ollama/gemma4:e4b,1
9.0,betweenness_centrality,0.009427844951004766,sequential_ollama/gemma4:e4b,45
9.0,betweenness_centrality,0.0003340621963070942,sequential_ollama/gemma4:e4b,30
9.0,betweenness_centrality,0.0006677350427350427,sequential_ollama/gemma4:e4b,25
9.0,betweenness_centrality,0.00588220008480048,sequential_ollama/gemma4:e4b,8
9.0,betweenness_centrality,0.003280348242082936,sequential_ollama/gemma4:e4b,5
9.0,betweenness_centrality,0.0,sequential_ollama/gemma4:e4b,46
9.0,betweenness_centrality,0.004094572085437786,sequential_ollama/gemma4:e4b,32
9.0,betweenness_centrality,0.002951606019002332,sequential_ollama/gemma4:e4b,13
9.0,betweenness_centrality,0.0015428886026318546,sequential_ollama/gemma4:e4b,29
9.0,betweenness_centrality,0.002793992468531639,sequential_ollama/gemma4:e4b,38
9.0,betweenness_centrality,0.0013621818468757241,sequential_ollama/gemma4:e4b,34
9.0,betweenness_centrality,0.004182942709522697,sequential_ollama/gemma4:e4b,11
9.0,betweenness_centrality,0.0018446807349868572,sequential_ollama/gemma4:e4b,26
9.0,betweenness_centrality,0.14855341592915647,sequential_ollama/gemma4:e4b,20
9.0,betweenness_centrality,0.0009487973197650616,sequential_ollama/gemma4:e4b,4
9.0,betweenness_centrality,0.001820458453111514,sequential_ollama/gemma4:e4b,31
9.0,closeness_centrality,0.48514851485148514,sequential_ollama/gemma4:e4b,21
9.0,closeness_centrality,0.494949494949495,sequential_ollama/gemma4:e4b,23
9.0,closeness_centrality,0.4666666666666667,sequential_ollama/gemma4:e4b,24
9.0,closeness_centrality,0.5157894736842106,sequential_ollama/gemma4:e4b,18
9.0,closeness_centrality,0.494949494949495,sequential_ollama/gemma4:e4b,47
9.0,closeness_centrality,0.5444444444444444,sequential_ollama/gemma4:e4b,36
9.0,closeness_centrality,0.44545454545454544,sequential_ollama/gemma4:e4b,6
9.0,closeness_centrality,0.48514851485148514,sequential_ollama/gemma4:e4b,19
9.0,closeness_centrality,0.4803921568627451,sequential_ollama/gemma4:e4b,35
9.0,closeness_centrality,0.4803921568627451,sequential_ollama/gemma4:e4b,43
9.0,closeness_centrality,0.494949494949495,sequential_ollama/gemma4:e4b,17
9.0,closeness_centrality,0.5975609756097561,sequential_ollama/gemma4:e4b,9
9.0,closeness_centrality,0.5104166666666666,sequential_ollama/gemma4:e4b,12
9.0,closeness_centrality,0.49,sequential_ollama/gemma4:e4b,14
9.0,closeness_centrality,0.49,sequential_ollama/gemma4:e4b,16
9.0,closeness_centrality,0.6447368421052632,sequential_ollama/gemma4:e4b,2
9.0,closeness_centrality,0.4803921568627451,sequential_ollama/gemma4:e4b,41
9.0,closeness_centrality,0.4803921568627451,sequential_ollama/gemma4:e4b,3
9.0,closeness_centrality,0.4803921568627451,sequential_ollama/gemma4:e4b,40
9.0,closeness_centrality,0.4375,sequential_ollama/gemma4:e4b,37
9.0,closeness_centrality,0.4537037037037037,sequential_ollama/gemma4:e4b,0
9.0,closeness_centrality,0.47115384615384615,sequential_ollama/gemma4:e4b,15
9.0,closeness_centrality,0.47115384615384615,sequential_ollama/gemma4:e4b,7
9.0,closeness_centrality,0.46226415094339623,sequential_ollama/gemma4:e4b,10
9.0,closeness_centrality,0.44144144144144143,sequential_ollama/gemma4:e4b,44
9.0,closeness_centrality,0.46226415094339623,sequential_ollama/gemma4:e4b,49
9.0,closeness_centrality,0.6363636363636364,sequential_ollama/gemma4:e4b,22
9.0,closeness_centrality,0.5444444444444444,sequential_ollama/gemma4:e4b,28
9.0,closeness_centrality,0.49,sequential_ollama/gemma4:e4b,42
9.0,closeness_centrality,0.4666666666666667,sequential_ollama/gemma4:e4b,27
9.0,closeness_centrality,0.4537037037037037,sequential_ollama/gemma4:e4b,39
9.0,closeness_centrality,0.47115384615384615,sequential_ollama/gemma4:e4b,33
9.0,closeness_centrality,0.494949494949495,sequential_ollama/gemma4:e4b,48
9.0,closeness_centrality,0.46226415094339623,sequential_ollama/gemma4:e4b,1
9.0,closeness_centrality,0.494949494949495,sequential_ollama/gemma4:e4b,45
9.0,closeness_centrality,0.4375,sequential_ollama/gemma4:e4b,30
9.0,closeness_centrality,0.4375,sequential_ollama/gemma4:e4b,25
9.0,closeness_centrality,0.47572815533980584,sequential_ollama/gemma4:e4b,8
9.0,closeness_centrality,0.44545454545454544,sequential_ollama/gemma4:e4b,5
9.0,closeness_centrality,0.3684210526315789,sequential_ollama/gemma4:e4b,46
9.0,closeness_centrality,0.4666666666666667,sequential_ollama/gemma4:e4b,32
9.0,closeness_centrality,0.4666666666666667,sequential_ollama/gemma4:e4b,13
9.0,closeness_centrality,0.44545454545454544,sequential_ollama/gemma4:e4b,29
9.0,closeness_centrality,0.45794392523364486,sequential_ollama/gemma4:e4b,38
9.0,closeness_centrality,0.44954128440366975,sequential_ollama/gemma4:e4b,34
9.0,closeness_centrality,0.4666666666666667,sequential_ollama/gemma4:e4b,11
9.0,closeness_centrality,0.44954128440366975,sequential_ollama/gemma4:e4b,26
9.0,closeness_centrality,0.5903614457831325,sequential_ollama/gemma4:e4b,20
9.0,closeness_centrality,0.44954128440366975,sequential_ollama/gemma4:e4b,4
9.0,closeness_centrality,0.4375,sequential_ollama/gemma4:e4b,31
