graph_nr,metric_name,_metric_value,save_name,node
0.0,density,0.46775510204081633,sequential_ollama/gemma4:26b_w_reason,
0.0,avg_clustering_coef,0.9362092616432551,sequential_ollama/gemma4:26b_w_reason,
0.0,prop_nodes_lcc,1.0,sequential_ollama/gemma4:26b_w_reason,
0.0,radius,0.5112444372706629,sequential_ollama/gemma4:26b_w_reason,
0.0,diameter,0.7668666559059943,sequential_ollama/gemma4:26b_w_reason,
0.0,avg_shortest_path,0.48766459179654664,sequential_ollama/gemma4:26b_w_reason,
0.0,modularity,0.48721252158657924,sequential_ollama/gemma4:26b_w_reason,
1.0,density,0.4546938775510204,sequential_ollama/gemma4:26b_w_reason,
1.0,avg_clustering_coef,0.9340455400688811,sequential_ollama/gemma4:26b_w_reason,
1.0,prop_nodes_lcc,1.0,sequential_ollama/gemma4:26b_w_reason,
1.0,radius,0.5112444372706629,sequential_ollama/gemma4:26b_w_reason,
1.0,diameter,1.0224888745413259,sequential_ollama/gemma4:26b_w_reason,
1.0,avg_shortest_path,0.5135398204584087,sequential_ollama/gemma4:26b_w_reason,
1.0,modularity,0.4942014317532047,sequential_ollama/gemma4:26b_w_reason,
2.0,density,0.42448979591836733,sequential_ollama/gemma4:26b_w_reason,
2.0,avg_clustering_coef,0.9205666740865961,sequential_ollama/gemma4:26b_w_reason,
2.0,prop_nodes_lcc,1.0,sequential_ollama/gemma4:26b_w_reason,
2.0,radius,0.7668666559059943,sequential_ollama/gemma4:26b_w_reason,
2.0,diameter,1.2781110931766573,sequential_ollama/gemma4:26b_w_reason,
2.0,avg_shortest_path,0.6233008710724368,sequential_ollama/gemma4:26b_w_reason,
2.0,modularity,0.4972614644970415,sequential_ollama/gemma4:26b_w_reason,
3.0,density,0.46122448979591835,sequential_ollama/gemma4:26b_w_reason,
3.0,avg_clustering_coef,0.9488872775599387,sequential_ollama/gemma4:26b_w_reason,
3.0,prop_nodes_lcc,1.0,sequential_ollama/gemma4:26b_w_reason,
3.0,radius,0.5112444372706629,sequential_ollama/gemma4:26b_w_reason,
3.0,diameter,1.0224888745413259,sequential_ollama/gemma4:26b_w_reason,
3.0,avg_shortest_path,0.5135398204584087,sequential_ollama/gemma4:26b_w_reason,
3.0,modularity,0.4958947450857545,sequential_ollama/gemma4:26b_w_reason,
4.0,density,0.43918367346938775,sequential_ollama/gemma4:26b_w_reason,
4.0,avg_clustering_coef,0.916233188602875,sequential_ollama/gemma4:26b_w_reason,
4.0,prop_nodes_lcc,1.0,sequential_ollama/gemma4:26b_w_reason,
4.0,radius,0.5112444372706629,sequential_ollama/gemma4:26b_w_reason,
4.0,diameter,1.0224888745413259,sequential_ollama/gemma4:26b_w_reason,
4.0,avg_shortest_path,0.5986776696038906,sequential_ollama/gemma4:26b_w_reason,
4.0,modularity,0.49428386838213956,sequential_ollama/gemma4:26b_w_reason,
5.0,density,0.4514285714285714,sequential_ollama/gemma4:26b_w_reason,
5.0,avg_clustering_coef,0.93748534614456,sequential_ollama/gemma4:26b_w_reason,
5.0,prop_nodes_lcc,1.0,sequential_ollama/gemma4:26b_w_reason,
5.0,radius,0.7668666559059943,sequential_ollama/gemma4:26b_w_reason,
5.0,diameter,1.2781110931766573,sequential_ollama/gemma4:26b_w_reason,
5.0,avg_shortest_path,0.5412930899102447,sequential_ollama/gemma4:26b_w_reason,
5.0,modularity,0.49607271205229403,sequential_ollama/gemma4:26b_w_reason,
6.0,density,0.44816326530612244,sequential_ollama/gemma4:26b_w_reason,
6.0,avg_clustering_coef,0.9227359015761762,sequential_ollama/gemma4:26b_w_reason,
6.0,prop_nodes_lcc,1.0,sequential_ollama/gemma4:26b_w_reason,
6.0,radius,0.5112444372706629,sequential_ollama/gemma4:26b_w_reason,
6.0,diameter,1.0224888745413259,sequential_ollama/gemma4:26b_w_reason,
6.0,avg_shortest_path,0.5124964644639789,sequential_ollama/gemma4:26b_w_reason,
6.0,modularity,0.4944293482768804,sequential_ollama/gemma4:26b_w_reason,
7.0,density,0.44979591836734695,sequential_ollama/gemma4:26b_w_reason,
7.0,avg_clustering_coef,0.926184229933779,sequential_ollama/gemma4:26b_w_reason,
7.0,prop_nodes_lcc,1.0,sequential_ollama/gemma4:26b_w_reason,
7.0,radius,0.5112444372706629,sequential_ollama/gemma4:26b_w_reason,
7.0,diameter,1.0224888745413259,sequential_ollama/gemma4:26b_w_reason,
7.0,avg_shortest_path,0.5158352036461546,sequential_ollama/gemma4:26b_w_reason,
7.0,modularity,0.49452900352765633,sequential_ollama/gemma4:26b_w_reason,
8.0,density,0.47020408163265304,sequential_ollama/gemma4:26b_w_reason,
8.0,avg_clustering_coef,0.9293413513434513,sequential_ollama/gemma4:26b_w_reason,
8.0,prop_nodes_lcc,1.0,sequential_ollama/gemma4:26b_w_reason,
8.0,radius,0.5112444372706629,sequential_ollama/gemma4:26b_w_reason,
8.0,diameter,0.7668666559059943,sequential_ollama/gemma4:26b_w_reason,
8.0,avg_shortest_path,0.4699275398912379,sequential_ollama/gemma4:26b_w_reason,
8.0,modularity,0.48436897183641975,sequential_ollama/gemma4:26b_w_reason,
9.0,density,0.46285714285714286,sequential_ollama/gemma4:26b_w_reason,
9.0,avg_clustering_coef,0.9379559909616714,sequential_ollama/gemma4:26b_w_reason,
9.0,prop_nodes_lcc,1.0,sequential_ollama/gemma4:26b_w_reason,
9.0,radius,0.5112444372706629,sequential_ollama/gemma4:26b_w_reason,
9.0,diameter,1.0224888745413259,sequential_ollama/gemma4:26b_w_reason,
9.0,avg_shortest_path,0.5012282197241357,sequential_ollama/gemma4:26b_w_reason,
9.0,modularity,0.4922205736432661,sequential_ollama/gemma4:26b_w_reason,
0.0,degree_centrality,0.4693877551020408,sequential_ollama/gemma4:26b_w_reason,28
0.0,degree_centrality,0.42857142857142855,sequential_ollama/gemma4:26b_w_reason,10
0.0,degree_centrality,0.44897959183673464,sequential_ollama/gemma4:26b_w_reason,5
0.0,degree_centrality,0.4693877551020408,sequential_ollama/gemma4:26b_w_reason,34
0.0,degree_centrality,0.4693877551020408,sequential_ollama/gemma4:26b_w_reason,13
0.0,degree_centrality,0.42857142857142855,sequential_ollama/gemma4:26b_w_reason,4
0.0,degree_centrality,0.4693877551020408,sequential_ollama/gemma4:26b_w_reason,46
0.0,degree_centrality,0.42857142857142855,sequential_ollama/gemma4:26b_w_reason,49
0.0,degree_centrality,0.44897959183673464,sequential_ollama/gemma4:26b_w_reason,31
0.0,degree_centrality,0.44897959183673464,sequential_ollama/gemma4:26b_w_reason,29
0.0,degree_centrality,0.4693877551020408,sequential_ollama/gemma4:26b_w_reason,22
0.0,degree_centrality,0.44897959183673464,sequential_ollama/gemma4:26b_w_reason,32
0.0,degree_centrality,0.4693877551020408,sequential_ollama/gemma4:26b_w_reason,42
0.0,degree_centrality,0.4693877551020408,sequential_ollama/gemma4:26b_w_reason,38
0.0,degree_centrality,0.4693877551020408,sequential_ollama/gemma4:26b_w_reason,0
0.0,degree_centrality,0.3877551020408163,sequential_ollama/gemma4:26b_w_reason,15
0.0,degree_centrality,0.3877551020408163,sequential_ollama/gemma4:26b_w_reason,20
0.0,degree_centrality,0.4693877551020408,sequential_ollama/gemma4:26b_w_reason,26
0.0,degree_centrality,0.44897959183673464,sequential_ollama/gemma4:26b_w_reason,8
0.0,degree_centrality,0.3877551020408163,sequential_ollama/gemma4:26b_w_reason,11
0.0,degree_centrality,0.4693877551020408,sequential_ollama/gemma4:26b_w_reason,7
0.0,degree_centrality,0.5918367346938775,sequential_ollama/gemma4:26b_w_reason,27
0.0,degree_centrality,0.4693877551020408,sequential_ollama/gemma4:26b_w_reason,37
0.0,degree_centrality,0.44897959183673464,sequential_ollama/gemma4:26b_w_reason,44
0.0,degree_centrality,0.5102040816326531,sequential_ollama/gemma4:26b_w_reason,41
0.0,degree_centrality,0.42857142857142855,sequential_ollama/gemma4:26b_w_reason,16
0.0,degree_centrality,0.44897959183673464,sequential_ollama/gemma4:26b_w_reason,14
0.0,degree_centrality,0.5102040816326531,sequential_ollama/gemma4:26b_w_reason,24
0.0,degree_centrality,0.42857142857142855,sequential_ollama/gemma4:26b_w_reason,3
0.0,degree_centrality,0.4693877551020408,sequential_ollama/gemma4:26b_w_reason,1
0.0,degree_centrality,0.4693877551020408,sequential_ollama/gemma4:26b_w_reason,9
0.0,degree_centrality,0.4693877551020408,sequential_ollama/gemma4:26b_w_reason,40
0.0,degree_centrality,0.4897959183673469,sequential_ollama/gemma4:26b_w_reason,25
0.0,degree_centrality,0.4693877551020408,sequential_ollama/gemma4:26b_w_reason,39
0.0,degree_centrality,0.4897959183673469,sequential_ollama/gemma4:26b_w_reason,43
0.0,degree_centrality,0.5102040816326531,sequential_ollama/gemma4:26b_w_reason,19
0.0,degree_centrality,0.4897959183673469,sequential_ollama/gemma4:26b_w_reason,21
0.0,degree_centrality,0.5102040816326531,sequential_ollama/gemma4:26b_w_reason,33
0.0,degree_centrality,0.3877551020408163,sequential_ollama/gemma4:26b_w_reason,30
0.0,degree_centrality,0.4897959183673469,sequential_ollama/gemma4:26b_w_reason,12
0.0,degree_centrality,0.5102040816326531,sequential_ollama/gemma4:26b_w_reason,17
0.0,degree_centrality,0.5102040816326531,sequential_ollama/gemma4:26b_w_reason,2
0.0,degree_centrality,0.44897959183673464,sequential_ollama/gemma4:26b_w_reason,35
0.0,degree_centrality,0.5306122448979591,sequential_ollama/gemma4:26b_w_reason,18
0.0,degree_centrality,0.4897959183673469,sequential_ollama/gemma4:26b_w_reason,47
0.0,degree_centrality,0.44897959183673464,sequential_ollama/gemma4:26b_w_reason,48
0.0,degree_centrality,0.5306122448979591,sequential_ollama/gemma4:26b_w_reason,23
0.0,degree_centrality,0.4897959183673469,sequential_ollama/gemma4:26b_w_reason,45
0.0,degree_centrality,0.5102040816326531,sequential_ollama/gemma4:26b_w_reason,36
0.0,degree_centrality,0.44897959183673464,sequential_ollama/gemma4:26b_w_reason,6
0.0,betweenness_centrality,0.0005547989872640784,sequential_ollama/gemma4:26b_w_reason,28
0.0,betweenness_centrality,0.0004245484743605044,sequential_ollama/gemma4:26b_w_reason,10
0.0,betweenness_centrality,0.0004717895930301944,sequential_ollama/gemma4:26b_w_reason,5
0.0,betweenness_centrality,0.0005547989872640784,sequential_ollama/gemma4:26b_w_reason,34
0.0,betweenness_centrality,0.0005547989872640784,sequential_ollama/gemma4:26b_w_reason,13
0.0,betweenness_centrality,0.00017251888223961261,sequential_ollama/gemma4:26b_w_reason,4
0.0,betweenness_centrality,0.0005547989872640784,sequential_ollama/gemma4:26b_w_reason,46
0.0,betweenness_centrality,0.00027940635318454867,sequential_ollama/gemma4:26b_w_reason,49
0.0,betweenness_centrality,0.0003624157474184327,sequential_ollama/gemma4:26b_w_reason,31
0.0,betweenness_centrality,0.00035899698225154723,sequential_ollama/gemma4:26b_w_reason,29
0.0,betweenness_centrality,0.0005547989872640784,sequential_ollama/gemma4:26b_w_reason,22
0.0,betweenness_centrality,0.00035899698225154723,sequential_ollama/gemma4:26b_w_reason,32
0.0,betweenness_centrality,0.0005547989872640784,sequential_ollama/gemma4:26b_w_reason,42
0.0,betweenness_centrality,0.0005547989872640784,sequential_ollama/gemma4:26b_w_reason,38
0.0,betweenness_centrality,0.0005547989872640784,sequential_ollama/gemma4:26b_w_reason,0
0.0,betweenness_centrality,0.00013000187543689155,sequential_ollama/gemma4:26b_w_reason,15
0.0,betweenness_centrality,8.300939423388401e-05,sequential_ollama/gemma4:26b_w_reason,20
0.0,betweenness_centrality,0.0005547989872640784,sequential_ollama/gemma4:26b_w_reason,26
0.0,betweenness_centrality,0.00036490212208525847,sequential_ollama/gemma4:26b_w_reason,8
0.0,betweenness_centrality,0.00017500525690643842,sequential_ollama/gemma4:26b_w_reason,11
0.0,betweenness_centrality,0.0005547989872640784,sequential_ollama/gemma4:26b_w_reason,7
0.0,betweenness_centrality,0.5090582003478084,sequential_ollama/gemma4:26b_w_reason,27
0.0,betweenness_centrality,0.0005547989872640784,sequential_ollama/gemma4:26b_w_reason,37
0.0,betweenness_centrality,0.00036490212208525847,sequential_ollama/gemma4:26b_w_reason,44
0.0,betweenness_centrality,0.0009818901073758279,sequential_ollama/gemma4:26b_w_reason,41
0.0,betweenness_centrality,0.00028525336997410036,sequential_ollama/gemma4:26b_w_reason,16
0.0,betweenness_centrality,0.0619843920897895,sequential_ollama/gemma4:26b_w_reason,14
0.0,betweenness_centrality,0.0009818901073758279,sequential_ollama/gemma4:26b_w_reason,24
0.0,betweenness_centrality,0.05393705642430133,sequential_ollama/gemma4:26b_w_reason,3
0.0,betweenness_centrality,0.0007768223204068594,sequential_ollama/gemma4:26b_w_reason,1
0.0,betweenness_centrality,0.0005507710223149031,sequential_ollama/gemma4:26b_w_reason,9
0.0,betweenness_centrality,0.0006592859384963068,sequential_ollama/gemma4:26b_w_reason,40
0.0,betweenness_centrality,0.0008061305805074365,sequential_ollama/gemma4:26b_w_reason,25
0.0,betweenness_centrality,0.06909692814051266,sequential_ollama/gemma4:26b_w_reason,39
0.0,betweenness_centrality,0.0006852838917901786,sequential_ollama/gemma4:26b_w_reason,43
0.0,betweenness_centrality,0.0009818901073758279,sequential_ollama/gemma4:26b_w_reason,19
0.0,betweenness_centrality,0.0006852838917901786,sequential_ollama/gemma4:26b_w_reason,21
0.0,betweenness_centrality,0.0009818901073758279,sequential_ollama/gemma4:26b_w_reason,33
0.0,betweenness_centrality,0.00019574388196837177,sequential_ollama/gemma4:26b_w_reason,30
0.0,betweenness_centrality,0.0008602288887758338,sequential_ollama/gemma4:26b_w_reason,12
0.0,betweenness_centrality,0.0009818901073758279,sequential_ollama/gemma4:26b_w_reason,17
0.0,betweenness_centrality,0.0009818901073758279,sequential_ollama/gemma4:26b_w_reason,2
0.0,betweenness_centrality,0.05810209564573152,sequential_ollama/gemma4:26b_w_reason,35
0.0,betweenness_centrality,0.08431522344070913,sequential_ollama/gemma4:26b_w_reason,18
0.0,betweenness_centrality,0.0009464592683735603,sequential_ollama/gemma4:26b_w_reason,47
0.0,betweenness_centrality,0.00041976623944937577,sequential_ollama/gemma4:26b_w_reason,48
0.0,betweenness_centrality,0.08431522344070913,sequential_ollama/gemma4:26b_w_reason,23
0.0,betweenness_centrality,0.0009464592683735603,sequential_ollama/gemma4:26b_w_reason,45
0.0,betweenness_centrality,0.0009818901073758279,sequential_ollama/gemma4:26b_w_reason,36
0.0,betweenness_centrality,0.00042910980371490886,sequential_ollama/gemma4:26b_w_reason,6
0.0,closeness_centrality,0.5157894736842106,sequential_ollama/gemma4:26b_w_reason,28
0.0,closeness_centrality,0.5051546391752577,sequential_ollama/gemma4:26b_w_reason,10
0.0,closeness_centrality,0.5104166666666666,sequential_ollama/gemma4:26b_w_reason,5
0.0,closeness_centrality,0.5157894736842106,sequential_ollama/gemma4:26b_w_reason,34
0.0,closeness_centrality,0.5157894736842106,sequential_ollama/gemma4:26b_w_reason,13
0.0,closeness_centrality,0.5051546391752577,sequential_ollama/gemma4:26b_w_reason,4
0.0,closeness_centrality,0.5157894736842106,sequential_ollama/gemma4:26b_w_reason,46
0.0,closeness_centrality,0.5051546391752577,sequential_ollama/gemma4:26b_w_reason,49
0.0,closeness_centrality,0.5104166666666666,sequential_ollama/gemma4:26b_w_reason,31
0.0,closeness_centrality,0.5104166666666666,sequential_ollama/gemma4:26b_w_reason,29
0.0,closeness_centrality,0.5157894736842106,sequential_ollama/gemma4:26b_w_reason,22
0.0,closeness_centrality,0.5104166666666666,sequential_ollama/gemma4:26b_w_reason,32
0.0,closeness_centrality,0.5157894736842106,sequential_ollama/gemma4:26b_w_reason,42
0.0,closeness_centrality,0.5157894736842106,sequential_ollama/gemma4:26b_w_reason,38
0.0,closeness_centrality,0.5157894736842106,sequential_ollama/gemma4:26b_w_reason,0
0.0,closeness_centrality,0.494949494949495,sequential_ollama/gemma4:26b_w_reason,15
0.0,closeness_centrality,0.494949494949495,sequential_ollama/gemma4:26b_w_reason,20
0.0,closeness_centrality,0.5157894736842106,sequential_ollama/gemma4:26b_w_reason,26
0.0,closeness_centrality,0.5104166666666666,sequential_ollama/gemma4:26b_w_reason,8
0.0,closeness_centrality,0.494949494949495,sequential_ollama/gemma4:26b_w_reason,11
0.0,closeness_centrality,0.5157894736842106,sequential_ollama/gemma4:26b_w_reason,7
0.0,closeness_centrality,0.7101449275362319,sequential_ollama/gemma4:26b_w_reason,27
0.0,closeness_centrality,0.5157894736842106,sequential_ollama/gemma4:26b_w_reason,37
0.0,closeness_centrality,0.5104166666666666,sequential_ollama/gemma4:26b_w_reason,44
0.0,closeness_centrality,0.5104166666666666,sequential_ollama/gemma4:26b_w_reason,41
0.0,closeness_centrality,0.49,sequential_ollama/gemma4:26b_w_reason,16
0.0,closeness_centrality,0.6447368421052632,sequential_ollama/gemma4:26b_w_reason,14
0.0,closeness_centrality,0.5104166666666666,sequential_ollama/gemma4:26b_w_reason,24
0.0,closeness_centrality,0.6363636363636364,sequential_ollama/gemma4:26b_w_reason,3
0.0,closeness_centrality,0.5,sequential_ollama/gemma4:26b_w_reason,1
0.0,closeness_centrality,0.5,sequential_ollama/gemma4:26b_w_reason,9
0.0,closeness_centrality,0.5,sequential_ollama/gemma4:26b_w_reason,40
0.0,closeness_centrality,0.5051546391752577,sequential_ollama/gemma4:26b_w_reason,25
0.0,closeness_centrality,0.6533333333333333,sequential_ollama/gemma4:26b_w_reason,39
0.0,closeness_centrality,0.5051546391752577,sequential_ollama/gemma4:26b_w_reason,43
0.0,closeness_centrality,0.5104166666666666,sequential_ollama/gemma4:26b_w_reason,19
0.0,closeness_centrality,0.5051546391752577,sequential_ollama/gemma4:26b_w_reason,21
0.0,closeness_centrality,0.5104166666666666,sequential_ollama/gemma4:26b_w_reason,33
0.0,closeness_centrality,0.4803921568627451,sequential_ollama/gemma4:26b_w_reason,30
0.0,closeness_centrality,0.5051546391752577,sequential_ollama/gemma4:26b_w_reason,12
0.0,closeness_centrality,0.5104166666666666,sequential_ollama/gemma4:26b_w_reason,17
0.0,closeness_centrality,0.5104166666666666,sequential_ollama/gemma4:26b_w_reason,2
0.0,closeness_centrality,0.6447368421052632,sequential_ollama/gemma4:26b_w_reason,35
0.0,closeness_centrality,0.6805555555555556,sequential_ollama/gemma4:26b_w_reason,18
0.0,closeness_centrality,0.5051546391752577,sequential_ollama/gemma4:26b_w_reason,47
0.0,closeness_centrality,0.494949494949495,sequential_ollama/gemma4:26b_w_reason,48
0.0,closeness_centrality,0.6805555555555556,sequential_ollama/gemma4:26b_w_reason,23
0.0,closeness_centrality,0.5051546391752577,sequential_ollama/gemma4:26b_w_reason,45
0.0,closeness_centrality,0.5104166666666666,sequential_ollama/gemma4:26b_w_reason,36
0.0,closeness_centrality,0.494949494949495,sequential_ollama/gemma4:26b_w_reason,6
1.0,degree_centrality,0.5102040816326531,sequential_ollama/gemma4:26b_w_reason,27
1.0,degree_centrality,0.4693877551020408,sequential_ollama/gemma4:26b_w_reason,15
1.0,degree_centrality,0.44897959183673464,sequential_ollama/gemma4:26b_w_reason,8
1.0,degree_centrality,0.4693877551020408,sequential_ollama/gemma4:26b_w_reason,44
1.0,degree_centrality,0.4693877551020408,sequential_ollama/gemma4:26b_w_reason,28
1.0,degree_centrality,0.4693877551020408,sequential_ollama/gemma4:26b_w_reason,32
1.0,degree_centrality,0.4693877551020408,sequential_ollama/gemma4:26b_w_reason,7
1.0,degree_centrality,0.4693877551020408,sequential_ollama/gemma4:26b_w_reason,10
1.0,degree_centrality,0.44897959183673464,sequential_ollama/gemma4:26b_w_reason,13
1.0,degree_centrality,0.4693877551020408,sequential_ollama/gemma4:26b_w_reason,34
1.0,degree_centrality,0.44897959183673464,sequential_ollama/gemma4:26b_w_reason,0
1.0,degree_centrality,0.44897959183673464,sequential_ollama/gemma4:26b_w_reason,37
1.0,degree_centrality,0.4897959183673469,sequential_ollama/gemma4:26b_w_reason,20
1.0,degree_centrality,0.4693877551020408,sequential_ollama/gemma4:26b_w_reason,11
1.0,degree_centrality,0.44897959183673464,sequential_ollama/gemma4:26b_w_reason,38
1.0,degree_centrality,0.4693877551020408,sequential_ollama/gemma4:26b_w_reason,22
1.0,degree_centrality,0.4693877551020408,sequential_ollama/gemma4:26b_w_reason,49
1.0,degree_centrality,0.5102040816326531,sequential_ollama/gemma4:26b_w_reason,35
1.0,degree_centrality,0.4693877551020408,sequential_ollama/gemma4:26b_w_reason,5
1.0,degree_centrality,0.4693877551020408,sequential_ollama/gemma4:26b_w_reason,31
1.0,degree_centrality,0.44897959183673464,sequential_ollama/gemma4:26b_w_reason,42
1.0,degree_centrality,0.3469387755102041,sequential_ollama/gemma4:26b_w_reason,46
1.0,degree_centrality,0.4693877551020408,sequential_ollama/gemma4:26b_w_reason,29
1.0,degree_centrality,0.4693877551020408,sequential_ollama/gemma4:26b_w_reason,26
1.0,degree_centrality,0.42857142857142855,sequential_ollama/gemma4:26b_w_reason,4
1.0,degree_centrality,0.2040816326530612,sequential_ollama/gemma4:26b_w_reason,23
1.0,degree_centrality,0.3877551020408163,sequential_ollama/gemma4:26b_w_reason,39
1.0,degree_centrality,0.4693877551020408,sequential_ollama/gemma4:26b_w_reason,41
1.0,degree_centrality,0.4081632653061224,sequential_ollama/gemma4:26b_w_reason,25
1.0,degree_centrality,0.4693877551020408,sequential_ollama/gemma4:26b_w_reason,17
1.0,degree_centrality,0.5102040816326531,sequential_ollama/gemma4:26b_w_reason,16
1.0,degree_centrality,0.3877551020408163,sequential_ollama/gemma4:26b_w_reason,2
1.0,degree_centrality,0.4081632653061224,sequential_ollama/gemma4:26b_w_reason,30
1.0,degree_centrality,0.4693877551020408,sequential_ollama/gemma4:26b_w_reason,36
1.0,degree_centrality,0.4693877551020408,sequential_ollama/gemma4:26b_w_reason,48
1.0,degree_centrality,0.4897959183673469,sequential_ollama/gemma4:26b_w_reason,9
1.0,degree_centrality,0.4693877551020408,sequential_ollama/gemma4:26b_w_reason,1
1.0,degree_centrality,0.4693877551020408,sequential_ollama/gemma4:26b_w_reason,45
1.0,degree_centrality,0.4693877551020408,sequential_ollama/gemma4:26b_w_reason,43
1.0,degree_centrality,0.4693877551020408,sequential_ollama/gemma4:26b_w_reason,33
1.0,degree_centrality,0.42857142857142855,sequential_ollama/gemma4:26b_w_reason,3
1.0,degree_centrality,0.4693877551020408,sequential_ollama/gemma4:26b_w_reason,19
1.0,degree_centrality,0.42857142857142855,sequential_ollama/gemma4:26b_w_reason,47
1.0,degree_centrality,0.5102040816326531,sequential_ollama/gemma4:26b_w_reason,40
1.0,degree_centrality,0.42857142857142855,sequential_ollama/gemma4:26b_w_reason,21
1.0,degree_centrality,0.5102040816326531,sequential_ollama/gemma4:26b_w_reason,14
1.0,degree_centrality,0.4897959183673469,sequential_ollama/gemma4:26b_w_reason,12
1.0,degree_centrality,0.4693877551020408,sequential_ollama/gemma4:26b_w_reason,24
1.0,degree_centrality,0.5102040816326531,sequential_ollama/gemma4:26b_w_reason,18
1.0,degree_centrality,0.3877551020408163,sequential_ollama/gemma4:26b_w_reason,6
1.0,betweenness_centrality,0.43253126544816034,sequential_ollama/gemma4:26b_w_reason,27
1.0,betweenness_centrality,0.0003437386859505707,sequential_ollama/gemma4:26b_w_reason,15
1.0,betweenness_centrality,4.0492387431162935e-05,sequential_ollama/gemma4:26b_w_reason,8
1.0,betweenness_centrality,0.0003437386859505707,sequential_ollama/gemma4:26b_w_reason,44
1.0,betweenness_centrality,0.0003437386859505707,sequential_ollama/gemma4:26b_w_reason,28
1.0,betweenness_centrality,0.0003437386859505707,sequential_ollama/gemma4:26b_w_reason,32
1.0,betweenness_centrality,0.0003437386859505707,sequential_ollama/gemma4:26b_w_reason,7
1.0,betweenness_centrality,0.0003437386859505707,sequential_ollama/gemma4:26b_w_reason,10
1.0,betweenness_centrality,4.0492387431162935e-05,sequential_ollama/gemma4:26b_w_reason,13
1.0,betweenness_centrality,0.0003437386859505707,sequential_ollama/gemma4:26b_w_reason,34
1.0,betweenness_centrality,0.0002501000400160064,sequential_ollama/gemma4:26b_w_reason,0
1.0,betweenness_centrality,4.0492387431162935e-05,sequential_ollama/gemma4:26b_w_reason,37
1.0,betweenness_centrality,0.05657370193561824,sequential_ollama/gemma4:26b_w_reason,20
1.0,betweenness_centrality,0.0003437386859505707,sequential_ollama/gemma4:26b_w_reason,11
1.0,betweenness_centrality,4.0492387431162935e-05,sequential_ollama/gemma4:26b_w_reason,38
1.0,betweenness_centrality,0.0003437386859505707,sequential_ollama/gemma4:26b_w_reason,22
1.0,betweenness_centrality,0.0003437386859505707,sequential_ollama/gemma4:26b_w_reason,49
1.0,betweenness_centrality,0.3783134646240314,sequential_ollama/gemma4:26b_w_reason,35
1.0,betweenness_centrality,0.0003437386859505707,sequential_ollama/gemma4:26b_w_reason,5
1.0,betweenness_centrality,0.0003437386859505707,sequential_ollama/gemma4:26b_w_reason,31
1.0,betweenness_centrality,4.0492387431162935e-05,sequential_ollama/gemma4:26b_w_reason,42
1.0,betweenness_centrality,0.0,sequential_ollama/gemma4:26b_w_reason,46
1.0,betweenness_centrality,0.0003437386859505707,sequential_ollama/gemma4:26b_w_reason,29
1.0,betweenness_centrality,0.0003437386859505707,sequential_ollama/gemma4:26b_w_reason,26
1.0,betweenness_centrality,0.0,sequential_ollama/gemma4:26b_w_reason,4
1.0,betweenness_centrality,0.11618611413395476,sequential_ollama/gemma4:26b_w_reason,23
1.0,betweenness_centrality,0.0028210929317424543,sequential_ollama/gemma4:26b_w_reason,39
1.0,betweenness_centrality,0.001577803632471915,sequential_ollama/gemma4:26b_w_reason,41
1.0,betweenness_centrality,0.00034806529127941904,sequential_ollama/gemma4:26b_w_reason,25
1.0,betweenness_centrality,0.0016288453524180388,sequential_ollama/gemma4:26b_w_reason,17
1.0,betweenness_centrality,0.006835384727883605,sequential_ollama/gemma4:26b_w_reason,16
1.0,betweenness_centrality,0.0004638953534630226,sequential_ollama/gemma4:26b_w_reason,2
1.0,betweenness_centrality,0.001326537190222501,sequential_ollama/gemma4:26b_w_reason,30
1.0,betweenness_centrality,0.0015136112888678068,sequential_ollama/gemma4:26b_w_reason,36
1.0,betweenness_centrality,0.0015756097724717749,sequential_ollama/gemma4:26b_w_reason,48
1.0,betweenness_centrality,0.001759850135283566,sequential_ollama/gemma4:26b_w_reason,9
1.0,betweenness_centrality,0.0014540882106306645,sequential_ollama/gemma4:26b_w_reason,1
1.0,betweenness_centrality,0.0016288453524180388,sequential_ollama/gemma4:26b_w_reason,45
1.0,betweenness_centrality,0.0015756097724717749,sequential_ollama/gemma4:26b_w_reason,43
1.0,betweenness_centrality,0.0015756097724717749,sequential_ollama/gemma4:26b_w_reason,33
1.0,betweenness_centrality,0.0032350481963879956,sequential_ollama/gemma4:26b_w_reason,3
1.0,betweenness_centrality,0.0014540882106306645,sequential_ollama/gemma4:26b_w_reason,19
1.0,betweenness_centrality,0.0011864226648802003,sequential_ollama/gemma4:26b_w_reason,47
1.0,betweenness_centrality,0.006835384727883605,sequential_ollama/gemma4:26b_w_reason,40
1.0,betweenness_centrality,0.0014326265140054812,sequential_ollama/gemma4:26b_w_reason,21
1.0,betweenness_centrality,0.006835384727883605,sequential_ollama/gemma4:26b_w_reason,14
1.0,betweenness_centrality,0.006529622803230704,sequential_ollama/gemma4:26b_w_reason,12
1.0,betweenness_centrality,0.0015136112888678068,sequential_ollama/gemma4:26b_w_reason,24
1.0,betweenness_centrality,0.006835384727883605,sequential_ollama/gemma4:26b_w_reason,18
1.0,betweenness_centrality,0.00020853579527048912,sequential_ollama/gemma4:26b_w_reason,6
1.0,closeness_centrality,0.6621621621621622,sequential_ollama/gemma4:26b_w_reason,27
1.0,closeness_centrality,0.49,sequential_ollama/gemma4:26b_w_reason,15
1.0,closeness_centrality,0.48514851485148514,sequential_ollama/gemma4:26b_w_reason,8
1.0,closeness_centrality,0.49,sequential_ollama/gemma4:26b_w_reason,44
1.0,closeness_centrality,0.49,sequential_ollama/gemma4:26b_w_reason,28
1.0,closeness_centrality,0.49,sequential_ollama/gemma4:26b_w_reason,32
1.0,closeness_centrality,0.49,sequential_ollama/gemma4:26b_w_reason,7
1.0,closeness_centrality,0.49,sequential_ollama/gemma4:26b_w_reason,10
1.0,closeness_centrality,0.48514851485148514,sequential_ollama/gemma4:26b_w_reason,13
1.0,closeness_centrality,0.49,sequential_ollama/gemma4:26b_w_reason,34
1.0,closeness_centrality,0.48514851485148514,sequential_ollama/gemma4:26b_w_reason,0
1.0,closeness_centrality,0.48514851485148514,sequential_ollama/gemma4:26b_w_reason,37
1.0,closeness_centrality,0.5384615384615384,sequential_ollama/gemma4:26b_w_reason,20
1.0,closeness_centrality,0.49,sequential_ollama/gemma4:26b_w_reason,11
1.0,closeness_centrality,0.48514851485148514,sequential_ollama/gemma4:26b_w_reason,38
1.0,closeness_centrality,0.49,sequential_ollama/gemma4:26b_w_reason,22
1.0,closeness_centrality,0.49,sequential_ollama/gemma4:26b_w_reason,49
1.0,closeness_centrality,0.6712328767123288,sequential_ollama/gemma4:26b_w_reason,35
1.0,closeness_centrality,0.49,sequential_ollama/gemma4:26b_w_reason,5
1.0,closeness_centrality,0.49,sequential_ollama/gemma4:26b_w_reason,31
1.0,closeness_centrality,0.48514851485148514,sequential_ollama/gemma4:26b_w_reason,42
1.0,closeness_centrality,0.46226415094339623,sequential_ollama/gemma4:26b_w_reason,46
1.0,closeness_centrality,0.49,sequential_ollama/gemma4:26b_w_reason,29
1.0,closeness_centrality,0.49,sequential_ollama/gemma4:26b_w_reason,26
1.0,closeness_centrality,0.4803921568627451,sequential_ollama/gemma4:26b_w_reason,4
1.0,closeness_centrality,0.5568181818181818,sequential_ollama/gemma4:26b_w_reason,23
1.0,closeness_centrality,0.48514851485148514,sequential_ollama/gemma4:26b_w_reason,39
1.0,closeness_centrality,0.5,sequential_ollama/gemma4:26b_w_reason,41
1.0,closeness_centrality,0.48514851485148514,sequential_ollama/gemma4:26b_w_reason,25
1.0,closeness_centrality,0.5,sequential_ollama/gemma4:26b_w_reason,17
1.0,closeness_centrality,0.5157894736842106,sequential_ollama/gemma4:26b_w_reason,16
1.0,closeness_centrality,0.4803921568627451,sequential_ollama/gemma4:26b_w_reason,2
1.0,closeness_centrality,0.48514851485148514,sequential_ollama/gemma4:26b_w_reason,30
1.0,closeness_centrality,0.5,sequential_ollama/gemma4:26b_w_reason,36
1.0,closeness_centrality,0.5,sequential_ollama/gemma4:26b_w_reason,48
1.0,closeness_centrality,0.5051546391752577,sequential_ollama/gemma4:26b_w_reason,9
1.0,closeness_centrality,0.5,sequential_ollama/gemma4:26b_w_reason,1
1.0,closeness_centrality,0.5,sequential_ollama/gemma4:26b_w_reason,45
1.0,closeness_centrality,0.5,sequential_ollama/gemma4:26b_w_reason,43
1.0,closeness_centrality,0.5,sequential_ollama/gemma4:26b_w_reason,33
1.0,closeness_centrality,0.494949494949495,sequential_ollama/gemma4:26b_w_reason,3
1.0,closeness_centrality,0.5,sequential_ollama/gemma4:26b_w_reason,19
1.0,closeness_centrality,0.49,sequential_ollama/gemma4:26b_w_reason,47
1.0,closeness_centrality,0.5157894736842106,sequential_ollama/gemma4:26b_w_reason,40
1.0,closeness_centrality,0.49,sequential_ollama/gemma4:26b_w_reason,21
1.0,closeness_centrality,0.5157894736842106,sequential_ollama/gemma4:26b_w_reason,14
1.0,closeness_centrality,0.5104166666666666,sequential_ollama/gemma4:26b_w_reason,12
1.0,closeness_centrality,0.5,sequential_ollama/gemma4:26b_w_reason,24
1.0,closeness_centrality,0.5157894736842106,sequential_ollama/gemma4:26b_w_reason,18
1.0,closeness_centrality,0.392,sequential_ollama/gemma4:26b_w_reason,6
2.0,degree_centrality,0.42857142857142855,sequential_ollama/gemma4:26b_w_reason,36
2.0,degree_centrality,0.3469387755102041,sequential_ollama/gemma4:26b_w_reason,30
2.0,degree_centrality,0.2040816326530612,sequential_ollama/gemma4:26b_w_reason,6
2.0,degree_centrality,0.4081632653061224,sequential_ollama/gemma4:26b_w_reason,35
2.0,degree_centrality,0.42857142857142855,sequential_ollama/gemma4:26b_w_reason,33
2.0,degree_centrality,0.44897959183673464,sequential_ollama/gemma4:26b_w_reason,12
2.0,degree_centrality,0.44897959183673464,sequential_ollama/gemma4:26b_w_reason,1
2.0,degree_centrality,0.44897959183673464,sequential_ollama/gemma4:26b_w_reason,21
2.0,degree_centrality,0.42857142857142855,sequential_ollama/gemma4:26b_w_reason,25
2.0,degree_centrality,0.4693877551020408,sequential_ollama/gemma4:26b_w_reason,17
2.0,degree_centrality,0.44897959183673464,sequential_ollama/gemma4:26b_w_reason,16
2.0,degree_centrality,0.3877551020408163,sequential_ollama/gemma4:26b_w_reason,45
2.0,degree_centrality,0.4081632653061224,sequential_ollama/gemma4:26b_w_reason,24
2.0,degree_centrality,0.44897959183673464,sequential_ollama/gemma4:26b_w_reason,19
2.0,degree_centrality,0.42857142857142855,sequential_ollama/gemma4:26b_w_reason,47
2.0,degree_centrality,0.44897959183673464,sequential_ollama/gemma4:26b_w_reason,43
2.0,degree_centrality,0.42857142857142855,sequential_ollama/gemma4:26b_w_reason,40
2.0,degree_centrality,0.44897959183673464,sequential_ollama/gemma4:26b_w_reason,48
2.0,degree_centrality,0.42857142857142855,sequential_ollama/gemma4:26b_w_reason,9
2.0,degree_centrality,0.4693877551020408,sequential_ollama/gemma4:26b_w_reason,18
2.0,degree_centrality,0.4897959183673469,sequential_ollama/gemma4:26b_w_reason,41
2.0,degree_centrality,0.3877551020408163,sequential_ollama/gemma4:26b_w_reason,39
2.0,degree_centrality,0.4081632653061224,sequential_ollama/gemma4:26b_w_reason,3
2.0,degree_centrality,0.42857142857142855,sequential_ollama/gemma4:26b_w_reason,28
2.0,degree_centrality,0.4693877551020408,sequential_ollama/gemma4:26b_w_reason,11
2.0,degree_centrality,0.4693877551020408,sequential_ollama/gemma4:26b_w_reason,10
2.0,degree_centrality,0.44897959183673464,sequential_ollama/gemma4:26b_w_reason,46
2.0,degree_centrality,0.4693877551020408,sequential_ollama/gemma4:26b_w_reason,22
2.0,degree_centrality,0.4693877551020408,sequential_ollama/gemma4:26b_w_reason,8
2.0,degree_centrality,0.4693877551020408,sequential_ollama/gemma4:26b_w_reason,29
2.0,degree_centrality,0.42857142857142855,sequential_ollama/gemma4:26b_w_reason,4
2.0,degree_centrality,0.4693877551020408,sequential_ollama/gemma4:26b_w_reason,7
2.0,degree_centrality,0.4693877551020408,sequential_ollama/gemma4:26b_w_reason,26
2.0,degree_centrality,0.4693877551020408,sequential_ollama/gemma4:26b_w_reason,34
2.0,degree_centrality,0.42857142857142855,sequential_ollama/gemma4:26b_w_reason,44
2.0,degree_centrality,0.44897959183673464,sequential_ollama/gemma4:26b_w_reason,15
2.0,degree_centrality,0.4693877551020408,sequential_ollama/gemma4:26b_w_reason,37
2.0,degree_centrality,0.4693877551020408,sequential_ollama/gemma4:26b_w_reason,5
2.0,degree_centrality,0.4693877551020408,sequential_ollama/gemma4:26b_w_reason,32
2.0,degree_centrality,0.4693877551020408,sequential_ollama/gemma4:26b_w_reason,27
2.0,degree_centrality,0.4693877551020408,sequential_ollama/gemma4:26b_w_reason,20
2.0,degree_centrality,0.4693877551020408,sequential_ollama/gemma4:26b_w_reason,31
2.0,degree_centrality,0.4897959183673469,sequential_ollama/gemma4:26b_w_reason,0
2.0,degree_centrality,0.4693877551020408,sequential_ollama/gemma4:26b_w_reason,42
2.0,degree_centrality,0.4693877551020408,sequential_ollama/gemma4:26b_w_reason,13
2.0,degree_centrality,0.2040816326530612,sequential_ollama/gemma4:26b_w_reason,2
2.0,degree_centrality,0.44897959183673464,sequential_ollama/gemma4:26b_w_reason,38
2.0,degree_centrality,0.4081632653061224,sequential_ollama/gemma4:26b_w_reason,49
2.0,degree_centrality,0.14285714285714285,sequential_ollama/gemma4:26b_w_reason,23
2.0,degree_centrality,0.14285714285714285,sequential_ollama/gemma4:26b_w_reason,14
2.0,betweenness_centrality,0.003509740952843193,sequential_ollama/gemma4:26b_w_reason,36
2.0,betweenness_centrality,0.0008739606953892667,sequential_ollama/gemma4:26b_w_reason,30
2.0,betweenness_centrality,0.0,sequential_ollama/gemma4:26b_w_reason,6
2.0,betweenness_centrality,0.0028922150870930373,sequential_ollama/gemma4:26b_w_reason,35
2.0,betweenness_centrality,0.0007273620681483827,sequential_ollama/gemma4:26b_w_reason,33
2.0,betweenness_centrality,0.0018338165547049103,sequential_ollama/gemma4:26b_w_reason,12
2.0,betweenness_centrality,0.004344037814926166,sequential_ollama/gemma4:26b_w_reason,1
2.0,betweenness_centrality,0.004344037814926166,sequential_ollama/gemma4:26b_w_reason,21
2.0,betweenness_centrality,0.004089851428787004,sequential_ollama/gemma4:26b_w_reason,25
2.0,betweenness_centrality,0.09453377532609236,sequential_ollama/gemma4:26b_w_reason,17
2.0,betweenness_centrality,0.0018338165547049103,sequential_ollama/gemma4:26b_w_reason,16
2.0,betweenness_centrality,0.00040212513576859323,sequential_ollama/gemma4:26b_w_reason,45
2.0,betweenness_centrality,0.0033148713383307207,sequential_ollama/gemma4:26b_w_reason,24
2.0,betweenness_centrality,0.004344037814926166,sequential_ollama/gemma4:26b_w_reason,19
2.0,betweenness_centrality,0.003967093691733544,sequential_ollama/gemma4:26b_w_reason,47
2.0,betweenness_centrality,0.004344037814926166,sequential_ollama/gemma4:26b_w_reason,43
2.0,betweenness_centrality,0.004104962090656368,sequential_ollama/gemma4:26b_w_reason,40
2.0,betweenness_centrality,0.004344037814926166,sequential_ollama/gemma4:26b_w_reason,48
2.0,betweenness_centrality,0.00428825420259494,sequential_ollama/gemma4:26b_w_reason,9
2.0,betweenness_centrality,0.08976805139582747,sequential_ollama/gemma4:26b_w_reason,18
2.0,betweenness_centrality,0.09766136233973378,sequential_ollama/gemma4:26b_w_reason,41
2.0,betweenness_centrality,0.06185469107075247,sequential_ollama/gemma4:26b_w_reason,39
2.0,betweenness_centrality,0.06966019933707007,sequential_ollama/gemma4:26b_w_reason,3
2.0,betweenness_centrality,8.300939423388401e-05,sequential_ollama/gemma4:26b_w_reason,28
2.0,betweenness_centrality,0.00025552827647349664,sequential_ollama/gemma4:26b_w_reason,11
2.0,betweenness_centrality,0.00025552827647349664,sequential_ollama/gemma4:26b_w_reason,10
2.0,betweenness_centrality,0.00017251888223961261,sequential_ollama/gemma4:26b_w_reason,46
2.0,betweenness_centrality,0.00025552827647349664,sequential_ollama/gemma4:26b_w_reason,22
2.0,betweenness_centrality,0.00025552827647349664,sequential_ollama/gemma4:26b_w_reason,8
2.0,betweenness_centrality,0.00025552827647349664,sequential_ollama/gemma4:26b_w_reason,29
2.0,betweenness_centrality,0.00012776413823674832,sequential_ollama/gemma4:26b_w_reason,4
2.0,betweenness_centrality,0.00025552827647349664,sequential_ollama/gemma4:26b_w_reason,7
2.0,betweenness_centrality,0.00025552827647349664,sequential_ollama/gemma4:26b_w_reason,26
2.0,betweenness_centrality,0.00025552827647349664,sequential_ollama/gemma4:26b_w_reason,34
2.0,betweenness_centrality,4.0492387431162935e-05,sequential_ollama/gemma4:26b_w_reason,44
2.0,betweenness_centrality,0.00012350178166504696,sequential_ollama/gemma4:26b_w_reason,15
2.0,betweenness_centrality,0.00025552827647349664,sequential_ollama/gemma4:26b_w_reason,37
2.0,betweenness_centrality,0.00025552827647349664,sequential_ollama/gemma4:26b_w_reason,5
2.0,betweenness_centrality,0.00025552827647349664,sequential_ollama/gemma4:26b_w_reason,32
2.0,betweenness_centrality,0.00025552827647349664,sequential_ollama/gemma4:26b_w_reason,27
2.0,betweenness_centrality,0.00025552827647349664,sequential_ollama/gemma4:26b_w_reason,20
2.0,betweenness_centrality,0.00025552827647349664,sequential_ollama/gemma4:26b_w_reason,31
2.0,betweenness_centrality,0.5087589296370177,sequential_ollama/gemma4:26b_w_reason,0
2.0,betweenness_centrality,0.00025552827647349664,sequential_ollama/gemma4:26b_w_reason,42
2.0,betweenness_centrality,0.00025552827647349664,sequential_ollama/gemma4:26b_w_reason,13
2.0,betweenness_centrality,0.00020329560395586805,sequential_ollama/gemma4:26b_w_reason,2
2.0,betweenness_centrality,0.00017028114503946939,sequential_ollama/gemma4:26b_w_reason,38
2.0,betweenness_centrality,4.0492387431162935e-05,sequential_ollama/gemma4:26b_w_reason,49
2.0,betweenness_centrality,0.5103255587949465,sequential_ollama/gemma4:26b_w_reason,23
2.0,betweenness_centrality,0.00712868480725624,sequential_ollama/gemma4:26b_w_reason,14
2.0,closeness_centrality,0.3951612903225806,sequential_ollama/gemma4:26b_w_reason,36
2.0,closeness_centrality,0.3828125,sequential_ollama/gemma4:26b_w_reason,30
2.0,closeness_centrality,0.30434782608695654,sequential_ollama/gemma4:26b_w_reason,6
2.0,closeness_centrality,0.392,sequential_ollama/gemma4:26b_w_reason,35
2.0,closeness_centrality,0.3951612903225806,sequential_ollama/gemma4:26b_w_reason,33
2.0,closeness_centrality,0.3983739837398374,sequential_ollama/gemma4:26b_w_reason,12
2.0,closeness_centrality,0.3983739837398374,sequential_ollama/gemma4:26b_w_reason,1
2.0,closeness_centrality,0.3983739837398374,sequential_ollama/gemma4:26b_w_reason,21
2.0,closeness_centrality,0.3951612903225806,sequential_ollama/gemma4:26b_w_reason,25
2.0,closeness_centrality,0.5,sequential_ollama/gemma4:26b_w_reason,17
2.0,closeness_centrality,0.3983739837398374,sequential_ollama/gemma4:26b_w_reason,16
2.0,closeness_centrality,0.3888888888888889,sequential_ollama/gemma4:26b_w_reason,45
2.0,closeness_centrality,0.392,sequential_ollama/gemma4:26b_w_reason,24
2.0,closeness_centrality,0.3983739837398374,sequential_ollama/gemma4:26b_w_reason,19
2.0,closeness_centrality,0.3951612903225806,sequential_ollama/gemma4:26b_w_reason,47
2.0,closeness_centrality,0.3983739837398374,sequential_ollama/gemma4:26b_w_reason,43
2.0,closeness_centrality,0.3951612903225806,sequential_ollama/gemma4:26b_w_reason,40
2.0,closeness_centrality,0.3983739837398374,sequential_ollama/gemma4:26b_w_reason,48
2.0,closeness_centrality,0.3951612903225806,sequential_ollama/gemma4:26b_w_reason,9
2.0,closeness_centrality,0.5,sequential_ollama/gemma4:26b_w_reason,18
2.0,closeness_centrality,0.5051546391752577,sequential_ollama/gemma4:26b_w_reason,41
2.0,closeness_centrality,0.4803921568627451,sequential_ollama/gemma4:26b_w_reason,39
2.0,closeness_centrality,0.48514851485148514,sequential_ollama/gemma4:26b_w_reason,3
2.0,closeness_centrality,0.4016393442622951,sequential_ollama/gemma4:26b_w_reason,28
2.0,closeness_centrality,0.4083333333333333,sequential_ollama/gemma4:26b_w_reason,11
2.0,closeness_centrality,0.4083333333333333,sequential_ollama/gemma4:26b_w_reason,10
2.0,closeness_centrality,0.4049586776859504,sequential_ollama/gemma4:26b_w_reason,46
2.0,closeness_centrality,0.4083333333333333,sequential_ollama/gemma4:26b_w_reason,22
2.0,closeness_centrality,0.4083333333333333,sequential_ollama/gemma4:26b_w_reason,8
2.0,closeness_centrality,0.4083333333333333,sequential_ollama/gemma4:26b_w_reason,29
2.0,closeness_centrality,0.4016393442622951,sequential_ollama/gemma4:26b_w_reason,4
2.0,closeness_centrality,0.4083333333333333,sequential_ollama/gemma4:26b_w_reason,7
2.0,closeness_centrality,0.4083333333333333,sequential_ollama/gemma4:26b_w_reason,26
2.0,closeness_centrality,0.4083333333333333,sequential_ollama/gemma4:26b_w_reason,34
2.0,closeness_centrality,0.4016393442622951,sequential_ollama/gemma4:26b_w_reason,44
2.0,closeness_centrality,0.4049586776859504,sequential_ollama/gemma4:26b_w_reason,15
2.0,closeness_centrality,0.4083333333333333,sequential_ollama/gemma4:26b_w_reason,37
2.0,closeness_centrality,0.4083333333333333,sequential_ollama/gemma4:26b_w_reason,5
2.0,closeness_centrality,0.4083333333333333,sequential_ollama/gemma4:26b_w_reason,32
2.0,closeness_centrality,0.4083333333333333,sequential_ollama/gemma4:26b_w_reason,27
2.0,closeness_centrality,0.4083333333333333,sequential_ollama/gemma4:26b_w_reason,20
2.0,closeness_centrality,0.4083333333333333,sequential_ollama/gemma4:26b_w_reason,31
2.0,closeness_centrality,0.5212765957446809,sequential_ollama/gemma4:26b_w_reason,0
2.0,closeness_centrality,0.4083333333333333,sequential_ollama/gemma4:26b_w_reason,42
2.0,closeness_centrality,0.4083333333333333,sequential_ollama/gemma4:26b_w_reason,13
2.0,closeness_centrality,0.362962962962963,sequential_ollama/gemma4:26b_w_reason,2
2.0,closeness_centrality,0.4049586776859504,sequential_ollama/gemma4:26b_w_reason,38
2.0,closeness_centrality,0.3983739837398374,sequential_ollama/gemma4:26b_w_reason,49
2.0,closeness_centrality,0.532608695652174,sequential_ollama/gemma4:26b_w_reason,23
2.0,closeness_centrality,0.4260869565217391,sequential_ollama/gemma4:26b_w_reason,14
3.0,degree_centrality,0.4897959183673469,sequential_ollama/gemma4:26b_w_reason,12
3.0,degree_centrality,0.4897959183673469,sequential_ollama/gemma4:26b_w_reason,43
3.0,degree_centrality,0.5102040816326531,sequential_ollama/gemma4:26b_w_reason,47
3.0,degree_centrality,0.5102040816326531,sequential_ollama/gemma4:26b_w_reason,14
3.0,degree_centrality,0.5102040816326531,sequential_ollama/gemma4:26b_w_reason,25
3.0,degree_centrality,0.4897959183673469,sequential_ollama/gemma4:26b_w_reason,35
3.0,degree_centrality,0.42857142857142855,sequential_ollama/gemma4:26b_w_reason,6
3.0,degree_centrality,0.4693877551020408,sequential_ollama/gemma4:26b_w_reason,36
3.0,degree_centrality,0.4693877551020408,sequential_ollama/gemma4:26b_w_reason,48
3.0,degree_centrality,0.4081632653061224,sequential_ollama/gemma4:26b_w_reason,9
3.0,degree_centrality,0.4693877551020408,sequential_ollama/gemma4:26b_w_reason,1
3.0,degree_centrality,0.4693877551020408,sequential_ollama/gemma4:26b_w_reason,45
3.0,degree_centrality,0.4693877551020408,sequential_ollama/gemma4:26b_w_reason,33
3.0,degree_centrality,0.3469387755102041,sequential_ollama/gemma4:26b_w_reason,3
3.0,degree_centrality,0.4693877551020408,sequential_ollama/gemma4:26b_w_reason,41
3.0,degree_centrality,0.4897959183673469,sequential_ollama/gemma4:26b_w_reason,19
3.0,degree_centrality,0.42857142857142855,sequential_ollama/gemma4:26b_w_reason,21
3.0,degree_centrality,0.5102040816326531,sequential_ollama/gemma4:26b_w_reason,39
3.0,degree_centrality,0.4693877551020408,sequential_ollama/gemma4:26b_w_reason,40
3.0,degree_centrality,0.44897959183673464,sequential_ollama/gemma4:26b_w_reason,24
3.0,degree_centrality,0.4693877551020408,sequential_ollama/gemma4:26b_w_reason,23
3.0,degree_centrality,0.4897959183673469,sequential_ollama/gemma4:26b_w_reason,17
3.0,degree_centrality,0.4693877551020408,sequential_ollama/gemma4:26b_w_reason,16
3.0,degree_centrality,0.4693877551020408,sequential_ollama/gemma4:26b_w_reason,2
3.0,degree_centrality,0.4693877551020408,sequential_ollama/gemma4:26b_w_reason,30
3.0,degree_centrality,0.2040816326530612,sequential_ollama/gemma4:26b_w_reason,18
3.0,degree_centrality,0.5102040816326531,sequential_ollama/gemma4:26b_w_reason,20
3.0,degree_centrality,0.4693877551020408,sequential_ollama/gemma4:26b_w_reason,31
3.0,degree_centrality,0.4693877551020408,sequential_ollama/gemma4:26b_w_reason,22
3.0,degree_centrality,0.44897959183673464,sequential_ollama/gemma4:26b_w_reason,13
3.0,degree_centrality,0.4693877551020408,sequential_ollama/gemma4:26b_w_reason,46
3.0,degree_centrality,0.4693877551020408,sequential_ollama/gemma4:26b_w_reason,5
3.0,degree_centrality,0.4693877551020408,sequential_ollama/gemma4:26b_w_reason,4
3.0,degree_centrality,0.4693877551020408,sequential_ollama/gemma4:26b_w_reason,42
3.0,degree_centrality,0.44897959183673464,sequential_ollama/gemma4:26b_w_reason,27
3.0,degree_centrality,0.4693877551020408,sequential_ollama/gemma4:26b_w_reason,34
3.0,degree_centrality,0.4693877551020408,sequential_ollama/gemma4:26b_w_reason,49
3.0,degree_centrality,0.4693877551020408,sequential_ollama/gemma4:26b_w_reason,37
3.0,degree_centrality,0.4693877551020408,sequential_ollama/gemma4:26b_w_reason,26
3.0,degree_centrality,0.4693877551020408,sequential_ollama/gemma4:26b_w_reason,28
3.0,degree_centrality,0.4081632653061224,sequential_ollama/gemma4:26b_w_reason,11
3.0,degree_centrality,0.4693877551020408,sequential_ollama/gemma4:26b_w_reason,8
3.0,degree_centrality,0.44897959183673464,sequential_ollama/gemma4:26b_w_reason,38
3.0,degree_centrality,0.4693877551020408,sequential_ollama/gemma4:26b_w_reason,15
3.0,degree_centrality,0.4693877551020408,sequential_ollama/gemma4:26b_w_reason,44
3.0,degree_centrality,0.44897959183673464,sequential_ollama/gemma4:26b_w_reason,10
3.0,degree_centrality,0.4693877551020408,sequential_ollama/gemma4:26b_w_reason,32
3.0,degree_centrality,0.4693877551020408,sequential_ollama/gemma4:26b_w_reason,29
3.0,degree_centrality,0.4693877551020408,sequential_ollama/gemma4:26b_w_reason,7
3.0,degree_centrality,0.44897959183673464,sequential_ollama/gemma4:26b_w_reason,0
3.0,betweenness_centrality,0.0015106271131031,sequential_ollama/gemma4:26b_w_reason,12
3.0,betweenness_centrality,0.0015106271131031,sequential_ollama/gemma4:26b_w_reason,43
3.0,betweenness_centrality,0.003829142845048719,sequential_ollama/gemma4:26b_w_reason,47
3.0,betweenness_centrality,0.003829142845048719,sequential_ollama/gemma4:26b_w_reason,14
3.0,betweenness_centrality,0.003829142845048719,sequential_ollama/gemma4:26b_w_reason,25
3.0,betweenness_centrality,0.0036858790177786813,sequential_ollama/gemma4:26b_w_reason,35
3.0,betweenness_centrality,0.0008519070670228464,sequential_ollama/gemma4:26b_w_reason,6
3.0,betweenness_centrality,0.0010739048051322925,sequential_ollama/gemma4:26b_w_reason,36
3.0,betweenness_centrality,0.0014272205447341255,sequential_ollama/gemma4:26b_w_reason,48
3.0,betweenness_centrality,0.00107940336857377,sequential_ollama/gemma4:26b_w_reason,9
3.0,betweenness_centrality,0.000815327955571925,sequential_ollama/gemma4:26b_w_reason,1
3.0,betweenness_centrality,0.0013729529958371458,sequential_ollama/gemma4:26b_w_reason,45
3.0,betweenness_centrality,0.0010739048051322925,sequential_ollama/gemma4:26b_w_reason,33
3.0,betweenness_centrality,0.002481253020781502,sequential_ollama/gemma4:26b_w_reason,3
3.0,betweenness_centrality,0.0014736558028398642,sequential_ollama/gemma4:26b_w_reason,41
3.0,betweenness_centrality,0.0015106271131031,sequential_ollama/gemma4:26b_w_reason,19
3.0,betweenness_centrality,0.0009929200302699664,sequential_ollama/gemma4:26b_w_reason,21
3.0,betweenness_centrality,0.40526586585122176,sequential_ollama/gemma4:26b_w_reason,39
3.0,betweenness_centrality,0.00308943802410614,sequential_ollama/gemma4:26b_w_reason,40
3.0,betweenness_centrality,0.0008923994544540096,sequential_ollama/gemma4:26b_w_reason,24
3.0,betweenness_centrality,0.0033812159907040348,sequential_ollama/gemma4:26b_w_reason,23
3.0,betweenness_centrality,0.0015106271131031,sequential_ollama/gemma4:26b_w_reason,17
3.0,betweenness_centrality,0.0010739048051322925,sequential_ollama/gemma4:26b_w_reason,16
3.0,betweenness_centrality,0.0013621550258555023,sequential_ollama/gemma4:26b_w_reason,2
3.0,betweenness_centrality,0.003189958599922098,sequential_ollama/gemma4:26b_w_reason,30
3.0,betweenness_centrality,0.08700244210587453,sequential_ollama/gemma4:26b_w_reason,18
3.0,betweenness_centrality,0.5086696042053184,sequential_ollama/gemma4:26b_w_reason,20
3.0,betweenness_centrality,0.00016620284477427335,sequential_ollama/gemma4:26b_w_reason,31
3.0,betweenness_centrality,0.00016620284477427335,sequential_ollama/gemma4:26b_w_reason,22
3.0,betweenness_centrality,3.865182436611008e-05,sequential_ollama/gemma4:26b_w_reason,13
3.0,betweenness_centrality,0.00016620284477427335,sequential_ollama/gemma4:26b_w_reason,46
3.0,betweenness_centrality,0.00016620284477427335,sequential_ollama/gemma4:26b_w_reason,5
3.0,betweenness_centrality,0.00016620284477427335,sequential_ollama/gemma4:26b_w_reason,4
3.0,betweenness_centrality,0.00016620284477427335,sequential_ollama/gemma4:26b_w_reason,42
3.0,betweenness_centrality,0.00012755102040816325,sequential_ollama/gemma4:26b_w_reason,27
3.0,betweenness_centrality,0.00016620284477427335,sequential_ollama/gemma4:26b_w_reason,34
3.0,betweenness_centrality,0.00016620284477427335,sequential_ollama/gemma4:26b_w_reason,49
3.0,betweenness_centrality,0.00016620284477427335,sequential_ollama/gemma4:26b_w_reason,37
3.0,betweenness_centrality,0.00016620284477427335,sequential_ollama/gemma4:26b_w_reason,26
3.0,betweenness_centrality,0.00016620284477427335,sequential_ollama/gemma4:26b_w_reason,28
3.0,betweenness_centrality,3.865182436611008e-05,sequential_ollama/gemma4:26b_w_reason,11
3.0,betweenness_centrality,0.00016620284477427335,sequential_ollama/gemma4:26b_w_reason,8
3.0,betweenness_centrality,3.865182436611008e-05,sequential_ollama/gemma4:26b_w_reason,38
3.0,betweenness_centrality,0.00016620284477427335,sequential_ollama/gemma4:26b_w_reason,15
3.0,betweenness_centrality,0.00016620284477427335,sequential_ollama/gemma4:26b_w_reason,44
3.0,betweenness_centrality,3.865182436611008e-05,sequential_ollama/gemma4:26b_w_reason,10
3.0,betweenness_centrality,0.00016620284477427335,sequential_ollama/gemma4:26b_w_reason,32
3.0,betweenness_centrality,0.00016620284477427335,sequential_ollama/gemma4:26b_w_reason,29
3.0,betweenness_centrality,0.00016620284477427335,sequential_ollama/gemma4:26b_w_reason,7
3.0,betweenness_centrality,0.00012755102040816325,sequential_ollama/gemma4:26b_w_reason,0
3.0,closeness_centrality,0.5051546391752577,sequential_ollama/gemma4:26b_w_reason,12
3.0,closeness_centrality,0.5051546391752577,sequential_ollama/gemma4:26b_w_reason,43
3.0,closeness_centrality,0.5104166666666666,sequential_ollama/gemma4:26b_w_reason,47
3.0,closeness_centrality,0.5104166666666666,sequential_ollama/gemma4:26b_w_reason,14
3.0,closeness_centrality,0.5104166666666666,sequential_ollama/gemma4:26b_w_reason,25
3.0,closeness_centrality,0.5051546391752577,sequential_ollama/gemma4:26b_w_reason,35
3.0,closeness_centrality,0.49,sequential_ollama/gemma4:26b_w_reason,6
3.0,closeness_centrality,0.5,sequential_ollama/gemma4:26b_w_reason,36
3.0,closeness_centrality,0.5,sequential_ollama/gemma4:26b_w_reason,48
3.0,closeness_centrality,0.48514851485148514,sequential_ollama/gemma4:26b_w_reason,9
3.0,closeness_centrality,0.4016393442622951,sequential_ollama/gemma4:26b_w_reason,1
3.0,closeness_centrality,0.5,sequential_ollama/gemma4:26b_w_reason,45
3.0,closeness_centrality,0.5,sequential_ollama/gemma4:26b_w_reason,33
3.0,closeness_centrality,0.47115384615384615,sequential_ollama/gemma4:26b_w_reason,3
3.0,closeness_centrality,0.5,sequential_ollama/gemma4:26b_w_reason,41
3.0,closeness_centrality,0.5051546391752577,sequential_ollama/gemma4:26b_w_reason,19
3.0,closeness_centrality,0.49,sequential_ollama/gemma4:26b_w_reason,21
3.0,closeness_centrality,0.6712328767123288,sequential_ollama/gemma4:26b_w_reason,39
3.0,closeness_centrality,0.5,sequential_ollama/gemma4:26b_w_reason,40
3.0,closeness_centrality,0.494949494949495,sequential_ollama/gemma4:26b_w_reason,24
3.0,closeness_centrality,0.5,sequential_ollama/gemma4:26b_w_reason,23
3.0,closeness_centrality,0.5051546391752577,sequential_ollama/gemma4:26b_w_reason,17
3.0,closeness_centrality,0.5,sequential_ollama/gemma4:26b_w_reason,16
3.0,closeness_centrality,0.5,sequential_ollama/gemma4:26b_w_reason,2
3.0,closeness_centrality,0.5,sequential_ollama/gemma4:26b_w_reason,30
3.0,closeness_centrality,0.5568181818181818,sequential_ollama/gemma4:26b_w_reason,18
3.0,closeness_centrality,0.6621621621621622,sequential_ollama/gemma4:26b_w_reason,20
3.0,closeness_centrality,0.49,sequential_ollama/gemma4:26b_w_reason,31
3.0,closeness_centrality,0.49,sequential_ollama/gemma4:26b_w_reason,22
3.0,closeness_centrality,0.48514851485148514,sequential_ollama/gemma4:26b_w_reason,13
3.0,closeness_centrality,0.49,sequential_ollama/gemma4:26b_w_reason,46
3.0,closeness_centrality,0.49,sequential_ollama/gemma4:26b_w_reason,5
3.0,closeness_centrality,0.49,sequential_ollama/gemma4:26b_w_reason,4
3.0,closeness_centrality,0.49,sequential_ollama/gemma4:26b_w_reason,42
3.0,closeness_centrality,0.48514851485148514,sequential_ollama/gemma4:26b_w_reason,27
3.0,closeness_centrality,0.49,sequential_ollama/gemma4:26b_w_reason,34
3.0,closeness_centrality,0.49,sequential_ollama/gemma4:26b_w_reason,49
3.0,closeness_centrality,0.49,sequential_ollama/gemma4:26b_w_reason,37
3.0,closeness_centrality,0.49,sequential_ollama/gemma4:26b_w_reason,26
3.0,closeness_centrality,0.49,sequential_ollama/gemma4:26b_w_reason,28
3.0,closeness_centrality,0.47572815533980584,sequential_ollama/gemma4:26b_w_reason,11
3.0,closeness_centrality,0.49,sequential_ollama/gemma4:26b_w_reason,8
3.0,closeness_centrality,0.48514851485148514,sequential_ollama/gemma4:26b_w_reason,38
3.0,closeness_centrality,0.49,sequential_ollama/gemma4:26b_w_reason,15
3.0,closeness_centrality,0.49,sequential_ollama/gemma4:26b_w_reason,44
3.0,closeness_centrality,0.48514851485148514,sequential_ollama/gemma4:26b_w_reason,10
3.0,closeness_centrality,0.49,sequential_ollama/gemma4:26b_w_reason,32
3.0,closeness_centrality,0.49,sequential_ollama/gemma4:26b_w_reason,29
3.0,closeness_centrality,0.49,sequential_ollama/gemma4:26b_w_reason,7
3.0,closeness_centrality,0.48514851485148514,sequential_ollama/gemma4:26b_w_reason,0
4.0,degree_centrality,0.4897959183673469,sequential_ollama/gemma4:26b_w_reason,6
4.0,degree_centrality,0.4693877551020408,sequential_ollama/gemma4:26b_w_reason,48
4.0,degree_centrality,0.42857142857142855,sequential_ollama/gemma4:26b_w_reason,40
4.0,degree_centrality,0.36734693877551017,sequential_ollama/gemma4:26b_w_reason,47
4.0,degree_centrality,0.5102040816326531,sequential_ollama/gemma4:26b_w_reason,14
4.0,degree_centrality,0.3877551020408163,sequential_ollama/gemma4:26b_w_reason,24
4.0,degree_centrality,0.2040816326530612,sequential_ollama/gemma4:26b_w_reason,23
4.0,degree_centrality,0.42857142857142855,sequential_ollama/gemma4:26b_w_reason,35
4.0,degree_centrality,0.3061224489795918,sequential_ollama/gemma4:26b_w_reason,25
4.0,degree_centrality,0.4897959183673469,sequential_ollama/gemma4:26b_w_reason,16
4.0,degree_centrality,0.3877551020408163,sequential_ollama/gemma4:26b_w_reason,17
4.0,degree_centrality,0.3877551020408163,sequential_ollama/gemma4:26b_w_reason,2
4.0,degree_centrality,0.36734693877551017,sequential_ollama/gemma4:26b_w_reason,30
4.0,degree_centrality,0.42857142857142855,sequential_ollama/gemma4:26b_w_reason,36
4.0,degree_centrality,0.4081632653061224,sequential_ollama/gemma4:26b_w_reason,9
4.0,degree_centrality,0.4897959183673469,sequential_ollama/gemma4:26b_w_reason,1
4.0,degree_centrality,0.3061224489795918,sequential_ollama/gemma4:26b_w_reason,45
4.0,degree_centrality,0.4897959183673469,sequential_ollama/gemma4:26b_w_reason,43
4.0,degree_centrality,0.4693877551020408,sequential_ollama/gemma4:26b_w_reason,33
4.0,degree_centrality,0.42857142857142855,sequential_ollama/gemma4:26b_w_reason,19
4.0,degree_centrality,0.3877551020408163,sequential_ollama/gemma4:26b_w_reason,41
4.0,degree_centrality,0.44897959183673464,sequential_ollama/gemma4:26b_w_reason,39
4.0,degree_centrality,0.42857142857142855,sequential_ollama/gemma4:26b_w_reason,21
4.0,degree_centrality,0.4897959183673469,sequential_ollama/gemma4:26b_w_reason,12
4.0,degree_centrality,0.5102040816326531,sequential_ollama/gemma4:26b_w_reason,18
4.0,degree_centrality,0.2857142857142857,sequential_ollama/gemma4:26b_w_reason,3
4.0,degree_centrality,0.4693877551020408,sequential_ollama/gemma4:26b_w_reason,11
4.0,degree_centrality,0.44897959183673464,sequential_ollama/gemma4:26b_w_reason,44
4.0,degree_centrality,0.4693877551020408,sequential_ollama/gemma4:26b_w_reason,37
4.0,degree_centrality,0.4693877551020408,sequential_ollama/gemma4:26b_w_reason,22
4.0,degree_centrality,0.4693877551020408,sequential_ollama/gemma4:26b_w_reason,10
4.0,degree_centrality,0.4693877551020408,sequential_ollama/gemma4:26b_w_reason,49
4.0,degree_centrality,0.4693877551020408,sequential_ollama/gemma4:26b_w_reason,5
4.0,degree_centrality,0.44897959183673464,sequential_ollama/gemma4:26b_w_reason,31
4.0,degree_centrality,0.4693877551020408,sequential_ollama/gemma4:26b_w_reason,32
4.0,degree_centrality,0.4693877551020408,sequential_ollama/gemma4:26b_w_reason,42
4.0,degree_centrality,0.44897959183673464,sequential_ollama/gemma4:26b_w_reason,46
4.0,degree_centrality,0.4693877551020408,sequential_ollama/gemma4:26b_w_reason,29
4.0,degree_centrality,0.44897959183673464,sequential_ollama/gemma4:26b_w_reason,7
4.0,degree_centrality,0.4897959183673469,sequential_ollama/gemma4:26b_w_reason,0
4.0,degree_centrality,0.4693877551020408,sequential_ollama/gemma4:26b_w_reason,28
4.0,degree_centrality,0.4693877551020408,sequential_ollama/gemma4:26b_w_reason,26
4.0,degree_centrality,0.44897959183673464,sequential_ollama/gemma4:26b_w_reason,8
4.0,degree_centrality,0.4693877551020408,sequential_ollama/gemma4:26b_w_reason,4
4.0,degree_centrality,0.4693877551020408,sequential_ollama/gemma4:26b_w_reason,34
4.0,degree_centrality,0.4693877551020408,sequential_ollama/gemma4:26b_w_reason,20
4.0,degree_centrality,0.4693877551020408,sequential_ollama/gemma4:26b_w_reason,38
4.0,degree_centrality,0.44897959183673464,sequential_ollama/gemma4:26b_w_reason,15
4.0,degree_centrality,0.4693877551020408,sequential_ollama/gemma4:26b_w_reason,27
4.0,degree_centrality,0.4693877551020408,sequential_ollama/gemma4:26b_w_reason,13
4.0,betweenness_centrality,0.07243537143184497,sequential_ollama/gemma4:26b_w_reason,6
4.0,betweenness_centrality,0.0025514217647320887,sequential_ollama/gemma4:26b_w_reason,48
4.0,betweenness_centrality,0.04975226243233444,sequential_ollama/gemma4:26b_w_reason,40
4.0,betweenness_centrality,0.0002460706504824152,sequential_ollama/gemma4:26b_w_reason,47
4.0,betweenness_centrality,0.07328881928784385,sequential_ollama/gemma4:26b_w_reason,14
4.0,betweenness_centrality,0.0008610518383177446,sequential_ollama/gemma4:26b_w_reason,24
4.0,betweenness_centrality,0.5102648202137998,sequential_ollama/gemma4:26b_w_reason,23
4.0,betweenness_centrality,0.047933802294921765,sequential_ollama/gemma4:26b_w_reason,35
4.0,betweenness_centrality,0.00019764850384598284,sequential_ollama/gemma4:26b_w_reason,25
4.0,betweenness_centrality,0.002781449673331426,sequential_ollama/gemma4:26b_w_reason,16
4.0,betweenness_centrality,0.0010928252281043396,sequential_ollama/gemma4:26b_w_reason,17
4.0,betweenness_centrality,0.0013354082475481035,sequential_ollama/gemma4:26b_w_reason,2
4.0,betweenness_centrality,0.0008798559106182154,sequential_ollama/gemma4:26b_w_reason,30
4.0,betweenness_centrality,0.0013727598792874903,sequential_ollama/gemma4:26b_w_reason,36
4.0,betweenness_centrality,0.0009614392154908359,sequential_ollama/gemma4:26b_w_reason,9
4.0,betweenness_centrality,0.002781449673331426,sequential_ollama/gemma4:26b_w_reason,1
4.0,betweenness_centrality,0.00020987561691343203,sequential_ollama/gemma4:26b_w_reason,45
4.0,betweenness_centrality,0.002781449673331426,sequential_ollama/gemma4:26b_w_reason,43
4.0,betweenness_centrality,0.0021347395240702556,sequential_ollama/gemma4:26b_w_reason,33
4.0,betweenness_centrality,0.0011103006526175794,sequential_ollama/gemma4:26b_w_reason,19
4.0,betweenness_centrality,0.0007125522675492664,sequential_ollama/gemma4:26b_w_reason,41
4.0,betweenness_centrality,0.05247707884074936,sequential_ollama/gemma4:26b_w_reason,39
4.0,betweenness_centrality,0.0011952827529058017,sequential_ollama/gemma4:26b_w_reason,21
4.0,betweenness_centrality,0.002781449673331426,sequential_ollama/gemma4:26b_w_reason,12
4.0,betweenness_centrality,0.07328881928784385,sequential_ollama/gemma4:26b_w_reason,18
4.0,betweenness_centrality,0.024844104308389996,sequential_ollama/gemma4:26b_w_reason,3
4.0,betweenness_centrality,0.00015460729746444033,sequential_ollama/gemma4:26b_w_reason,11
4.0,betweenness_centrality,0.00011595547309833026,sequential_ollama/gemma4:26b_w_reason,44
4.0,betweenness_centrality,0.00015460729746444033,sequential_ollama/gemma4:26b_w_reason,37
4.0,betweenness_centrality,0.00015460729746444033,sequential_ollama/gemma4:26b_w_reason,22
4.0,betweenness_centrality,0.00015460729746444033,sequential_ollama/gemma4:26b_w_reason,10
4.0,betweenness_centrality,0.00015460729746444033,sequential_ollama/gemma4:26b_w_reason,49
4.0,betweenness_centrality,0.00015460729746444033,sequential_ollama/gemma4:26b_w_reason,5
4.0,betweenness_centrality,0.00011595547309833026,sequential_ollama/gemma4:26b_w_reason,31
4.0,betweenness_centrality,0.00015460729746444033,sequential_ollama/gemma4:26b_w_reason,32
4.0,betweenness_centrality,0.00015460729746444033,sequential_ollama/gemma4:26b_w_reason,42
4.0,betweenness_centrality,0.00011595547309833026,sequential_ollama/gemma4:26b_w_reason,46
4.0,betweenness_centrality,0.00015460729746444033,sequential_ollama/gemma4:26b_w_reason,29
4.0,betweenness_centrality,0.00011595547309833026,sequential_ollama/gemma4:26b_w_reason,7
4.0,betweenness_centrality,0.16228612657184088,sequential_ollama/gemma4:26b_w_reason,0
4.0,betweenness_centrality,0.00015460729746444033,sequential_ollama/gemma4:26b_w_reason,28
4.0,betweenness_centrality,0.00015460729746444033,sequential_ollama/gemma4:26b_w_reason,26
4.0,betweenness_centrality,0.00011595547309833026,sequential_ollama/gemma4:26b_w_reason,8
4.0,betweenness_centrality,0.00015460729746444033,sequential_ollama/gemma4:26b_w_reason,4
4.0,betweenness_centrality,0.00015460729746444033,sequential_ollama/gemma4:26b_w_reason,34
4.0,betweenness_centrality,0.15119305297876726,sequential_ollama/gemma4:26b_w_reason,20
4.0,betweenness_centrality,0.00015460729746444033,sequential_ollama/gemma4:26b_w_reason,38
4.0,betweenness_centrality,0.00011595547309833026,sequential_ollama/gemma4:26b_w_reason,15
4.0,betweenness_centrality,0.15119305297876726,sequential_ollama/gemma4:26b_w_reason,27
4.0,betweenness_centrality,0.00015460729746444033,sequential_ollama/gemma4:26b_w_reason,13
4.0,closeness_centrality,0.5157894736842106,sequential_ollama/gemma4:26b_w_reason,6
4.0,closeness_centrality,0.4083333333333333,sequential_ollama/gemma4:26b_w_reason,48
4.0,closeness_centrality,0.5,sequential_ollama/gemma4:26b_w_reason,40
4.0,closeness_centrality,0.392,sequential_ollama/gemma4:26b_w_reason,47
4.0,closeness_centrality,0.5212765957446809,sequential_ollama/gemma4:26b_w_reason,14
4.0,closeness_centrality,0.3951612903225806,sequential_ollama/gemma4:26b_w_reason,24
4.0,closeness_centrality,0.5568181818181818,sequential_ollama/gemma4:26b_w_reason,23
4.0,closeness_centrality,0.5,sequential_ollama/gemma4:26b_w_reason,35
4.0,closeness_centrality,0.3828125,sequential_ollama/gemma4:26b_w_reason,25
4.0,closeness_centrality,0.4117647058823529,sequential_ollama/gemma4:26b_w_reason,16
4.0,closeness_centrality,0.3951612903225806,sequential_ollama/gemma4:26b_w_reason,17
4.0,closeness_centrality,0.3951612903225806,sequential_ollama/gemma4:26b_w_reason,2
4.0,closeness_centrality,0.392,sequential_ollama/gemma4:26b_w_reason,30
4.0,closeness_centrality,0.4016393442622951,sequential_ollama/gemma4:26b_w_reason,36
4.0,closeness_centrality,0.3983739837398374,sequential_ollama/gemma4:26b_w_reason,9
4.0,closeness_centrality,0.4117647058823529,sequential_ollama/gemma4:26b_w_reason,1
4.0,closeness_centrality,0.3828125,sequential_ollama/gemma4:26b_w_reason,45
4.0,closeness_centrality,0.4117647058823529,sequential_ollama/gemma4:26b_w_reason,43
4.0,closeness_centrality,0.4083333333333333,sequential_ollama/gemma4:26b_w_reason,33
4.0,closeness_centrality,0.4016393442622951,sequential_ollama/gemma4:26b_w_reason,19
4.0,closeness_centrality,0.3951612903225806,sequential_ollama/gemma4:26b_w_reason,41
4.0,closeness_centrality,0.5051546391752577,sequential_ollama/gemma4:26b_w_reason,39
4.0,closeness_centrality,0.4016393442622951,sequential_ollama/gemma4:26b_w_reason,21
4.0,closeness_centrality,0.4117647058823529,sequential_ollama/gemma4:26b_w_reason,12
4.0,closeness_centrality,0.5212765957446809,sequential_ollama/gemma4:26b_w_reason,18
4.0,closeness_centrality,0.4666666666666667,sequential_ollama/gemma4:26b_w_reason,3
4.0,closeness_centrality,0.4152542372881356,sequential_ollama/gemma4:26b_w_reason,11
4.0,closeness_centrality,0.4117647058823529,sequential_ollama/gemma4:26b_w_reason,44
4.0,closeness_centrality,0.4152542372881356,sequential_ollama/gemma4:26b_w_reason,37
4.0,closeness_centrality,0.4152542372881356,sequential_ollama/gemma4:26b_w_reason,22
4.0,closeness_centrality,0.4152542372881356,sequential_ollama/gemma4:26b_w_reason,10
4.0,closeness_centrality,0.4152542372881356,sequential_ollama/gemma4:26b_w_reason,49
4.0,closeness_centrality,0.4152542372881356,sequential_ollama/gemma4:26b_w_reason,5
4.0,closeness_centrality,0.4117647058823529,sequential_ollama/gemma4:26b_w_reason,31
4.0,closeness_centrality,0.4152542372881356,sequential_ollama/gemma4:26b_w_reason,32
4.0,closeness_centrality,0.4152542372881356,sequential_ollama/gemma4:26b_w_reason,42
4.0,closeness_centrality,0.4117647058823529,sequential_ollama/gemma4:26b_w_reason,46
4.0,closeness_centrality,0.4152542372881356,sequential_ollama/gemma4:26b_w_reason,29
4.0,closeness_centrality,0.4117647058823529,sequential_ollama/gemma4:26b_w_reason,7
4.0,closeness_centrality,0.532608695652174,sequential_ollama/gemma4:26b_w_reason,0
4.0,closeness_centrality,0.4152542372881356,sequential_ollama/gemma4:26b_w_reason,28
4.0,closeness_centrality,0.4152542372881356,sequential_ollama/gemma4:26b_w_reason,26
4.0,closeness_centrality,0.4117647058823529,sequential_ollama/gemma4:26b_w_reason,8
4.0,closeness_centrality,0.4152542372881356,sequential_ollama/gemma4:26b_w_reason,4
4.0,closeness_centrality,0.4152542372881356,sequential_ollama/gemma4:26b_w_reason,34
4.0,closeness_centrality,0.5268817204301075,sequential_ollama/gemma4:26b_w_reason,20
4.0,closeness_centrality,0.4152542372881356,sequential_ollama/gemma4:26b_w_reason,38
4.0,closeness_centrality,0.4117647058823529,sequential_ollama/gemma4:26b_w_reason,15
4.0,closeness_centrality,0.5268817204301075,sequential_ollama/gemma4:26b_w_reason,27
4.0,closeness_centrality,0.4152542372881356,sequential_ollama/gemma4:26b_w_reason,13
5.0,degree_centrality,0.4693877551020408,sequential_ollama/gemma4:26b_w_reason,42
5.0,degree_centrality,0.24489795918367346,sequential_ollama/gemma4:26b_w_reason,27
5.0,degree_centrality,0.44897959183673464,sequential_ollama/gemma4:26b_w_reason,7
5.0,degree_centrality,0.4081632653061224,sequential_ollama/gemma4:26b_w_reason,28
5.0,degree_centrality,0.42857142857142855,sequential_ollama/gemma4:26b_w_reason,31
5.0,degree_centrality,0.4693877551020408,sequential_ollama/gemma4:26b_w_reason,37
5.0,degree_centrality,0.4081632653061224,sequential_ollama/gemma4:26b_w_reason,46
5.0,degree_centrality,0.42857142857142855,sequential_ollama/gemma4:26b_w_reason,20
5.0,degree_centrality,0.4693877551020408,sequential_ollama/gemma4:26b_w_reason,26
5.0,degree_centrality,0.44897959183673464,sequential_ollama/gemma4:26b_w_reason,13
5.0,degree_centrality,0.4081632653061224,sequential_ollama/gemma4:26b_w_reason,34
5.0,degree_centrality,0.44897959183673464,sequential_ollama/gemma4:26b_w_reason,10
5.0,degree_centrality,0.44897959183673464,sequential_ollama/gemma4:26b_w_reason,44
5.0,degree_centrality,0.4693877551020408,sequential_ollama/gemma4:26b_w_reason,32
5.0,degree_centrality,0.42857142857142855,sequential_ollama/gemma4:26b_w_reason,29
5.0,degree_centrality,0.44897959183673464,sequential_ollama/gemma4:26b_w_reason,11
5.0,degree_centrality,0.44897959183673464,sequential_ollama/gemma4:26b_w_reason,22
5.0,degree_centrality,0.4693877551020408,sequential_ollama/gemma4:26b_w_reason,8
5.0,degree_centrality,0.4693877551020408,sequential_ollama/gemma4:26b_w_reason,38
5.0,degree_centrality,0.44897959183673464,sequential_ollama/gemma4:26b_w_reason,4
5.0,degree_centrality,0.44897959183673464,sequential_ollama/gemma4:26b_w_reason,49
5.0,degree_centrality,0.4693877551020408,sequential_ollama/gemma4:26b_w_reason,5
5.0,degree_centrality,0.44897959183673464,sequential_ollama/gemma4:26b_w_reason,15
5.0,degree_centrality,0.4693877551020408,sequential_ollama/gemma4:26b_w_reason,0
5.0,degree_centrality,0.4693877551020408,sequential_ollama/gemma4:26b_w_reason,6
5.0,degree_centrality,0.32653061224489793,sequential_ollama/gemma4:26b_w_reason,39
5.0,degree_centrality,0.5102040816326531,sequential_ollama/gemma4:26b_w_reason,14
5.0,degree_centrality,0.5102040816326531,sequential_ollama/gemma4:26b_w_reason,41
5.0,degree_centrality,0.4897959183673469,sequential_ollama/gemma4:26b_w_reason,24
5.0,degree_centrality,0.4693877551020408,sequential_ollama/gemma4:26b_w_reason,47
5.0,degree_centrality,0.5102040816326531,sequential_ollama/gemma4:26b_w_reason,9
5.0,degree_centrality,0.4693877551020408,sequential_ollama/gemma4:26b_w_reason,40
5.0,degree_centrality,0.42857142857142855,sequential_ollama/gemma4:26b_w_reason,48
5.0,degree_centrality,0.44897959183673464,sequential_ollama/gemma4:26b_w_reason,25
5.0,degree_centrality,0.44897959183673464,sequential_ollama/gemma4:26b_w_reason,1
5.0,degree_centrality,0.5102040816326531,sequential_ollama/gemma4:26b_w_reason,36
5.0,degree_centrality,0.5102040816326531,sequential_ollama/gemma4:26b_w_reason,16
5.0,degree_centrality,0.44897959183673464,sequential_ollama/gemma4:26b_w_reason,45
5.0,degree_centrality,0.44897959183673464,sequential_ollama/gemma4:26b_w_reason,43
5.0,degree_centrality,0.42857142857142855,sequential_ollama/gemma4:26b_w_reason,19
5.0,degree_centrality,0.4693877551020408,sequential_ollama/gemma4:26b_w_reason,30
5.0,degree_centrality,0.5102040816326531,sequential_ollama/gemma4:26b_w_reason,21
5.0,degree_centrality,0.4897959183673469,sequential_ollama/gemma4:26b_w_reason,33
5.0,degree_centrality,0.44897959183673464,sequential_ollama/gemma4:26b_w_reason,12
5.0,degree_centrality,0.5102040816326531,sequential_ollama/gemma4:26b_w_reason,17
5.0,degree_centrality,0.5102040816326531,sequential_ollama/gemma4:26b_w_reason,2
5.0,degree_centrality,0.36734693877551017,sequential_ollama/gemma4:26b_w_reason,18
5.0,degree_centrality,0.32653061224489793,sequential_ollama/gemma4:26b_w_reason,23
5.0,degree_centrality,0.4897959183673469,sequential_ollama/gemma4:26b_w_reason,3
5.0,degree_centrality,0.4693877551020408,sequential_ollama/gemma4:26b_w_reason,35
5.0,betweenness_centrality,0.00297517332291768,sequential_ollama/gemma4:26b_w_reason,42
5.0,betweenness_centrality,0.0,sequential_ollama/gemma4:26b_w_reason,27
5.0,betweenness_centrality,0.0003043322592194773,sequential_ollama/gemma4:26b_w_reason,7
5.0,betweenness_centrality,0.00017230576441102754,sequential_ollama/gemma4:26b_w_reason,28
5.0,betweenness_centrality,0.002630561794095626,sequential_ollama/gemma4:26b_w_reason,31
5.0,betweenness_centrality,0.00297517332291768,sequential_ollama/gemma4:26b_w_reason,37
5.0,betweenness_centrality,0.00017230576441102754,sequential_ollama/gemma4:26b_w_reason,46
5.0,betweenness_centrality,0.002683046902971712,sequential_ollama/gemma4:26b_w_reason,20
5.0,betweenness_centrality,0.00297517332291768,sequential_ollama/gemma4:26b_w_reason,26
5.0,betweenness_centrality,0.002802867558506653,sequential_ollama/gemma4:26b_w_reason,13
5.0,betweenness_centrality,0.00017454350161117074,sequential_ollama/gemma4:26b_w_reason,34
5.0,betweenness_centrality,0.0003043322592194773,sequential_ollama/gemma4:26b_w_reason,10
5.0,betweenness_centrality,0.0003043322592194773,sequential_ollama/gemma4:26b_w_reason,44
5.0,betweenness_centrality,0.5088077336197637,sequential_ollama/gemma4:26b_w_reason,32
5.0,betweenness_centrality,0.00021706050841389184,sequential_ollama/gemma4:26b_w_reason,29
5.0,betweenness_centrality,0.0003043322592194773,sequential_ollama/gemma4:26b_w_reason,11
5.0,betweenness_centrality,0.0003043322592194773,sequential_ollama/gemma4:26b_w_reason,22
5.0,betweenness_centrality,0.00297517332291768,sequential_ollama/gemma4:26b_w_reason,8
5.0,betweenness_centrality,0.00297517332291768,sequential_ollama/gemma4:26b_w_reason,38
5.0,betweenness_centrality,0.002802867558506653,sequential_ollama/gemma4:26b_w_reason,4
5.0,betweenness_centrality,0.002802867558506653,sequential_ollama/gemma4:26b_w_reason,49
5.0,betweenness_centrality,0.00297517332291768,sequential_ollama/gemma4:26b_w_reason,5
5.0,betweenness_centrality,0.0003043322592194773,sequential_ollama/gemma4:26b_w_reason,15
5.0,betweenness_centrality,0.00297517332291768,sequential_ollama/gemma4:26b_w_reason,0
5.0,betweenness_centrality,0.006939395874344853,sequential_ollama/gemma4:26b_w_reason,6
5.0,betweenness_centrality,0.00013735868743632718,sequential_ollama/gemma4:26b_w_reason,39
5.0,betweenness_centrality,0.0070717083513778265,sequential_ollama/gemma4:26b_w_reason,14
5.0,betweenness_centrality,0.0070717083513778265,sequential_ollama/gemma4:26b_w_reason,41
5.0,betweenness_centrality,0.006857877397750955,sequential_ollama/gemma4:26b_w_reason,24
5.0,betweenness_centrality,0.0010048195995400967,sequential_ollama/gemma4:26b_w_reason,47
5.0,betweenness_centrality,0.0070717083513778265,sequential_ollama/gemma4:26b_w_reason,9
5.0,betweenness_centrality,0.006627849489151617,sequential_ollama/gemma4:26b_w_reason,40
5.0,betweenness_centrality,0.0011284252078395823,sequential_ollama/gemma4:26b_w_reason,48
5.0,betweenness_centrality,0.5104052311683189,sequential_ollama/gemma4:26b_w_reason,25
5.0,betweenness_centrality,0.0012134592214450247,sequential_ollama/gemma4:26b_w_reason,1
5.0,betweenness_centrality,0.0070717083513778265,sequential_ollama/gemma4:26b_w_reason,36
5.0,betweenness_centrality,0.0070717083513778265,sequential_ollama/gemma4:26b_w_reason,16
5.0,betweenness_centrality,0.0012134592214450247,sequential_ollama/gemma4:26b_w_reason,45
5.0,betweenness_centrality,0.0012134592214450247,sequential_ollama/gemma4:26b_w_reason,43
5.0,betweenness_centrality,0.002821681875586046,sequential_ollama/gemma4:26b_w_reason,19
5.0,betweenness_centrality,0.0029472082766226508,sequential_ollama/gemma4:26b_w_reason,30
5.0,betweenness_centrality,0.0070717083513778265,sequential_ollama/gemma4:26b_w_reason,21
5.0,betweenness_centrality,0.0053379592962001995,sequential_ollama/gemma4:26b_w_reason,33
5.0,betweenness_centrality,0.0012134592214450247,sequential_ollama/gemma4:26b_w_reason,12
5.0,betweenness_centrality,0.0070717083513778265,sequential_ollama/gemma4:26b_w_reason,17
5.0,betweenness_centrality,0.0070717083513778265,sequential_ollama/gemma4:26b_w_reason,2
5.0,betweenness_centrality,0.0005126683739705034,sequential_ollama/gemma4:26b_w_reason,18
5.0,betweenness_centrality,0.000179553595702664,sequential_ollama/gemma4:26b_w_reason,23
5.0,betweenness_centrality,0.00699608521674848,sequential_ollama/gemma4:26b_w_reason,3
5.0,betweenness_centrality,0.004873661155548911,sequential_ollama/gemma4:26b_w_reason,35
5.0,closeness_centrality,0.47115384615384615,sequential_ollama/gemma4:26b_w_reason,42
5.0,closeness_centrality,0.3475177304964539,sequential_ollama/gemma4:26b_w_reason,27
5.0,closeness_centrality,0.4666666666666667,sequential_ollama/gemma4:26b_w_reason,7
5.0,closeness_centrality,0.45794392523364486,sequential_ollama/gemma4:26b_w_reason,28
5.0,closeness_centrality,0.46226415094339623,sequential_ollama/gemma4:26b_w_reason,31
5.0,closeness_centrality,0.47115384615384615,sequential_ollama/gemma4:26b_w_reason,37
5.0,closeness_centrality,0.45794392523364486,sequential_ollama/gemma4:26b_w_reason,46
5.0,closeness_centrality,0.46226415094339623,sequential_ollama/gemma4:26b_w_reason,20
5.0,closeness_centrality,0.47115384615384615,sequential_ollama/gemma4:26b_w_reason,26
5.0,closeness_centrality,0.4666666666666667,sequential_ollama/gemma4:26b_w_reason,13
5.0,closeness_centrality,0.45794392523364486,sequential_ollama/gemma4:26b_w_reason,34
5.0,closeness_centrality,0.4666666666666667,sequential_ollama/gemma4:26b_w_reason,10
5.0,closeness_centrality,0.4666666666666667,sequential_ollama/gemma4:26b_w_reason,44
5.0,closeness_centrality,0.620253164556962,sequential_ollama/gemma4:26b_w_reason,32
5.0,closeness_centrality,0.46226415094339623,sequential_ollama/gemma4:26b_w_reason,29
5.0,closeness_centrality,0.4666666666666667,sequential_ollama/gemma4:26b_w_reason,11
5.0,closeness_centrality,0.4666666666666667,sequential_ollama/gemma4:26b_w_reason,22
5.0,closeness_centrality,0.47115384615384615,sequential_ollama/gemma4:26b_w_reason,8
5.0,closeness_centrality,0.47115384615384615,sequential_ollama/gemma4:26b_w_reason,38
5.0,closeness_centrality,0.4666666666666667,sequential_ollama/gemma4:26b_w_reason,4
5.0,closeness_centrality,0.4666666666666667,sequential_ollama/gemma4:26b_w_reason,49
5.0,closeness_centrality,0.47115384615384615,sequential_ollama/gemma4:26b_w_reason,5
5.0,closeness_centrality,0.4666666666666667,sequential_ollama/gemma4:26b_w_reason,15
5.0,closeness_centrality,0.47115384615384615,sequential_ollama/gemma4:26b_w_reason,0
5.0,closeness_centrality,0.494949494949495,sequential_ollama/gemma4:26b_w_reason,6
5.0,closeness_centrality,0.3769230769230769,sequential_ollama/gemma4:26b_w_reason,39
5.0,closeness_centrality,0.5051546391752577,sequential_ollama/gemma4:26b_w_reason,14
5.0,closeness_centrality,0.5051546391752577,sequential_ollama/gemma4:26b_w_reason,41
5.0,closeness_centrality,0.5,sequential_ollama/gemma4:26b_w_reason,24
5.0,closeness_centrality,0.3983739837398374,sequential_ollama/gemma4:26b_w_reason,47
5.0,closeness_centrality,0.5051546391752577,sequential_ollama/gemma4:26b_w_reason,9
5.0,closeness_centrality,0.494949494949495,sequential_ollama/gemma4:26b_w_reason,40
5.0,closeness_centrality,0.48514851485148514,sequential_ollama/gemma4:26b_w_reason,48
5.0,closeness_centrality,0.6363636363636364,sequential_ollama/gemma4:26b_w_reason,25
5.0,closeness_centrality,0.49,sequential_ollama/gemma4:26b_w_reason,1
5.0,closeness_centrality,0.5051546391752577,sequential_ollama/gemma4:26b_w_reason,36
5.0,closeness_centrality,0.5051546391752577,sequential_ollama/gemma4:26b_w_reason,16
5.0,closeness_centrality,0.49,sequential_ollama/gemma4:26b_w_reason,45
5.0,closeness_centrality,0.49,sequential_ollama/gemma4:26b_w_reason,43
5.0,closeness_centrality,0.48514851485148514,sequential_ollama/gemma4:26b_w_reason,19
5.0,closeness_centrality,0.494949494949495,sequential_ollama/gemma4:26b_w_reason,30
5.0,closeness_centrality,0.5051546391752577,sequential_ollama/gemma4:26b_w_reason,21
5.0,closeness_centrality,0.5,sequential_ollama/gemma4:26b_w_reason,33
5.0,closeness_centrality,0.49,sequential_ollama/gemma4:26b_w_reason,12
5.0,closeness_centrality,0.5051546391752577,sequential_ollama/gemma4:26b_w_reason,17
5.0,closeness_centrality,0.5051546391752577,sequential_ollama/gemma4:26b_w_reason,2
5.0,closeness_centrality,0.3828125,sequential_ollama/gemma4:26b_w_reason,18
5.0,closeness_centrality,0.3769230769230769,sequential_ollama/gemma4:26b_w_reason,23
5.0,closeness_centrality,0.5,sequential_ollama/gemma4:26b_w_reason,3
5.0,closeness_centrality,0.494949494949495,sequential_ollama/gemma4:26b_w_reason,35
6.0,degree_centrality,0.44897959183673464,sequential_ollama/gemma4:26b_w_reason,49
6.0,degree_centrality,0.44897959183673464,sequential_ollama/gemma4:26b_w_reason,46
6.0,degree_centrality,0.4081632653061224,sequential_ollama/gemma4:26b_w_reason,20
6.0,degree_centrality,0.4693877551020408,sequential_ollama/gemma4:26b_w_reason,38
6.0,degree_centrality,0.4693877551020408,sequential_ollama/gemma4:26b_w_reason,44
6.0,degree_centrality,0.4693877551020408,sequential_ollama/gemma4:26b_w_reason,15
6.0,degree_centrality,0.44897959183673464,sequential_ollama/gemma4:26b_w_reason,27
6.0,degree_centrality,0.4693877551020408,sequential_ollama/gemma4:26b_w_reason,13
6.0,degree_centrality,0.4693877551020408,sequential_ollama/gemma4:26b_w_reason,10
6.0,degree_centrality,0.4693877551020408,sequential_ollama/gemma4:26b_w_reason,22
6.0,degree_centrality,0.44897959183673464,sequential_ollama/gemma4:26b_w_reason,5
6.0,degree_centrality,0.4693877551020408,sequential_ollama/gemma4:26b_w_reason,31
6.0,degree_centrality,0.4693877551020408,sequential_ollama/gemma4:26b_w_reason,32
6.0,degree_centrality,0.4693877551020408,sequential_ollama/gemma4:26b_w_reason,42
6.0,degree_centrality,0.4693877551020408,sequential_ollama/gemma4:26b_w_reason,7
6.0,degree_centrality,0.4693877551020408,sequential_ollama/gemma4:26b_w_reason,37
6.0,degree_centrality,0.4693877551020408,sequential_ollama/gemma4:26b_w_reason,26
6.0,degree_centrality,0.4693877551020408,sequential_ollama/gemma4:26b_w_reason,28
6.0,degree_centrality,0.4693877551020408,sequential_ollama/gemma4:26b_w_reason,11
6.0,degree_centrality,0.4693877551020408,sequential_ollama/gemma4:26b_w_reason,8
6.0,degree_centrality,0.44897959183673464,sequential_ollama/gemma4:26b_w_reason,34
6.0,degree_centrality,0.5102040816326531,sequential_ollama/gemma4:26b_w_reason,0
6.0,degree_centrality,0.44897959183673464,sequential_ollama/gemma4:26b_w_reason,4
6.0,degree_centrality,0.5102040816326531,sequential_ollama/gemma4:26b_w_reason,40
6.0,degree_centrality,0.3469387755102041,sequential_ollama/gemma4:26b_w_reason,18
6.0,degree_centrality,0.42857142857142855,sequential_ollama/gemma4:26b_w_reason,17
6.0,degree_centrality,0.4693877551020408,sequential_ollama/gemma4:26b_w_reason,1
6.0,degree_centrality,0.4081632653061224,sequential_ollama/gemma4:26b_w_reason,30
6.0,degree_centrality,0.42857142857142855,sequential_ollama/gemma4:26b_w_reason,36
6.0,degree_centrality,0.44897959183673464,sequential_ollama/gemma4:26b_w_reason,16
6.0,degree_centrality,0.42857142857142855,sequential_ollama/gemma4:26b_w_reason,3
6.0,degree_centrality,0.32653061224489793,sequential_ollama/gemma4:26b_w_reason,14
6.0,degree_centrality,0.44897959183673464,sequential_ollama/gemma4:26b_w_reason,48
6.0,degree_centrality,0.5306122448979591,sequential_ollama/gemma4:26b_w_reason,12
6.0,degree_centrality,0.5306122448979591,sequential_ollama/gemma4:26b_w_reason,43
6.0,degree_centrality,0.3469387755102041,sequential_ollama/gemma4:26b_w_reason,35
6.0,degree_centrality,0.5102040816326531,sequential_ollama/gemma4:26b_w_reason,6
6.0,degree_centrality,0.5102040816326531,sequential_ollama/gemma4:26b_w_reason,2
6.0,degree_centrality,0.42857142857142855,sequential_ollama/gemma4:26b_w_reason,19
6.0,degree_centrality,0.3877551020408163,sequential_ollama/gemma4:26b_w_reason,9
6.0,degree_centrality,0.5102040816326531,sequential_ollama/gemma4:26b_w_reason,33
6.0,degree_centrality,0.36734693877551017,sequential_ollama/gemma4:26b_w_reason,23
6.0,degree_centrality,0.42857142857142855,sequential_ollama/gemma4:26b_w_reason,45
6.0,degree_centrality,0.4897959183673469,sequential_ollama/gemma4:26b_w_reason,25
6.0,degree_centrality,0.36734693877551017,sequential_ollama/gemma4:26b_w_reason,39
6.0,degree_centrality,0.4693877551020408,sequential_ollama/gemma4:26b_w_reason,47
6.0,degree_centrality,0.32653061224489793,sequential_ollama/gemma4:26b_w_reason,41
6.0,degree_centrality,0.4693877551020408,sequential_ollama/gemma4:26b_w_reason,21
6.0,degree_centrality,0.44897959183673464,sequential_ollama/gemma4:26b_w_reason,24
6.0,degree_centrality,0.3877551020408163,sequential_ollama/gemma4:26b_w_reason,29
6.0,betweenness_centrality,0.00012368583797155223,sequential_ollama/gemma4:26b_w_reason,49
6.0,betweenness_centrality,0.0014329415976917076,sequential_ollama/gemma4:26b_w_reason,46
6.0,betweenness_centrality,3.865182436611008e-05,sequential_ollama/gemma4:26b_w_reason,20
6.0,betweenness_centrality,0.0014715934220578177,sequential_ollama/gemma4:26b_w_reason,38
6.0,betweenness_centrality,0.0014715934220578177,sequential_ollama/gemma4:26b_w_reason,44
6.0,betweenness_centrality,0.0014715934220578177,sequential_ollama/gemma4:26b_w_reason,15
6.0,betweenness_centrality,0.00012368583797155223,sequential_ollama/gemma4:26b_w_reason,27
6.0,betweenness_centrality,0.0014715934220578177,sequential_ollama/gemma4:26b_w_reason,13
6.0,betweenness_centrality,0.0014715934220578177,sequential_ollama/gemma4:26b_w_reason,10
6.0,betweenness_centrality,0.0014715934220578177,sequential_ollama/gemma4:26b_w_reason,22
6.0,betweenness_centrality,0.0013365394004491743,sequential_ollama/gemma4:26b_w_reason,5
6.0,betweenness_centrality,0.0014715934220578177,sequential_ollama/gemma4:26b_w_reason,31
6.0,betweenness_centrality,0.0014715934220578177,sequential_ollama/gemma4:26b_w_reason,32
6.0,betweenness_centrality,0.0014715934220578177,sequential_ollama/gemma4:26b_w_reason,42
6.0,betweenness_centrality,0.0014715934220578177,sequential_ollama/gemma4:26b_w_reason,7
6.0,betweenness_centrality,0.0014715934220578177,sequential_ollama/gemma4:26b_w_reason,37
6.0,betweenness_centrality,0.0014715934220578177,sequential_ollama/gemma4:26b_w_reason,26
6.0,betweenness_centrality,0.0014715934220578177,sequential_ollama/gemma4:26b_w_reason,28
6.0,betweenness_centrality,0.0014715934220578177,sequential_ollama/gemma4:26b_w_reason,11
6.0,betweenness_centrality,0.0014715934220578177,sequential_ollama/gemma4:26b_w_reason,8
6.0,betweenness_centrality,0.0013365394004491743,sequential_ollama/gemma4:26b_w_reason,34
6.0,betweenness_centrality,0.5086270871985157,sequential_ollama/gemma4:26b_w_reason,0
6.0,betweenness_centrality,0.0014329415976917076,sequential_ollama/gemma4:26b_w_reason,4
6.0,betweenness_centrality,0.002921213265087657,sequential_ollama/gemma4:26b_w_reason,40
6.0,betweenness_centrality,0.0005551550274373613,sequential_ollama/gemma4:26b_w_reason,18
6.0,betweenness_centrality,0.0008711469293070353,sequential_ollama/gemma4:26b_w_reason,17
6.0,betweenness_centrality,0.0018071228015073971,sequential_ollama/gemma4:26b_w_reason,1
6.0,betweenness_centrality,0.0006951424798497838,sequential_ollama/gemma4:26b_w_reason,30
6.0,betweenness_centrality,0.0015199228209432287,sequential_ollama/gemma4:26b_w_reason,36
6.0,betweenness_centrality,0.0013020015055697747,sequential_ollama/gemma4:26b_w_reason,16
6.0,betweenness_centrality,0.0018512626218208448,sequential_ollama/gemma4:26b_w_reason,3
6.0,betweenness_centrality,0.0005959474433048072,sequential_ollama/gemma4:26b_w_reason,14
6.0,betweenness_centrality,0.0014664805922427388,sequential_ollama/gemma4:26b_w_reason,48
6.0,betweenness_centrality,0.1865946826528428,sequential_ollama/gemma4:26b_w_reason,12
6.0,betweenness_centrality,0.1865946826528428,sequential_ollama/gemma4:26b_w_reason,43
6.0,betweenness_centrality,0.0008166613715083103,sequential_ollama/gemma4:26b_w_reason,35
6.0,betweenness_centrality,0.002921213265087657,sequential_ollama/gemma4:26b_w_reason,6
6.0,betweenness_centrality,0.002921213265087657,sequential_ollama/gemma4:26b_w_reason,2
6.0,betweenness_centrality,0.0008711469293070353,sequential_ollama/gemma4:26b_w_reason,19
6.0,betweenness_centrality,0.0002608828619166965,sequential_ollama/gemma4:26b_w_reason,9
6.0,betweenness_centrality,0.002921213265087657,sequential_ollama/gemma4:26b_w_reason,33
6.0,betweenness_centrality,0.1026855677525814,sequential_ollama/gemma4:26b_w_reason,23
6.0,betweenness_centrality,0.001205567054274958,sequential_ollama/gemma4:26b_w_reason,45
6.0,betweenness_centrality,0.0024352496488719393,sequential_ollama/gemma4:26b_w_reason,25
6.0,betweenness_centrality,0.0007741139480019242,sequential_ollama/gemma4:26b_w_reason,39
6.0,betweenness_centrality,0.0018772676176756226,sequential_ollama/gemma4:26b_w_reason,47
6.0,betweenness_centrality,0.00014792101050946694,sequential_ollama/gemma4:26b_w_reason,41
6.0,betweenness_centrality,0.0017820699065565437,sequential_ollama/gemma4:26b_w_reason,21
6.0,betweenness_centrality,0.001809232943430043,sequential_ollama/gemma4:26b_w_reason,24
6.0,betweenness_centrality,3.865182436611008e-05,sequential_ollama/gemma4:26b_w_reason,29
6.0,closeness_centrality,0.494949494949495,sequential_ollama/gemma4:26b_w_reason,49
6.0,closeness_centrality,0.494949494949495,sequential_ollama/gemma4:26b_w_reason,46
6.0,closeness_centrality,0.48514851485148514,sequential_ollama/gemma4:26b_w_reason,20
6.0,closeness_centrality,0.5,sequential_ollama/gemma4:26b_w_reason,38
6.0,closeness_centrality,0.5,sequential_ollama/gemma4:26b_w_reason,44
6.0,closeness_centrality,0.5,sequential_ollama/gemma4:26b_w_reason,15
6.0,closeness_centrality,0.494949494949495,sequential_ollama/gemma4:26b_w_reason,27
6.0,closeness_centrality,0.5,sequential_ollama/gemma4:26b_w_reason,13
6.0,closeness_centrality,0.5,sequential_ollama/gemma4:26b_w_reason,10
6.0,closeness_centrality,0.5,sequential_ollama/gemma4:26b_w_reason,22
6.0,closeness_centrality,0.494949494949495,sequential_ollama/gemma4:26b_w_reason,5
6.0,closeness_centrality,0.5,sequential_ollama/gemma4:26b_w_reason,31
6.0,closeness_centrality,0.5,sequential_ollama/gemma4:26b_w_reason,32
6.0,closeness_centrality,0.5,sequential_ollama/gemma4:26b_w_reason,42
6.0,closeness_centrality,0.5,sequential_ollama/gemma4:26b_w_reason,7
6.0,closeness_centrality,0.5,sequential_ollama/gemma4:26b_w_reason,37
6.0,closeness_centrality,0.5,sequential_ollama/gemma4:26b_w_reason,26
6.0,closeness_centrality,0.5,sequential_ollama/gemma4:26b_w_reason,28
6.0,closeness_centrality,0.5,sequential_ollama/gemma4:26b_w_reason,11
6.0,closeness_centrality,0.5,sequential_ollama/gemma4:26b_w_reason,8
6.0,closeness_centrality,0.494949494949495,sequential_ollama/gemma4:26b_w_reason,34
6.0,closeness_centrality,0.6712328767123288,sequential_ollama/gemma4:26b_w_reason,0
6.0,closeness_centrality,0.494949494949495,sequential_ollama/gemma4:26b_w_reason,4
6.0,closeness_centrality,0.5051546391752577,sequential_ollama/gemma4:26b_w_reason,40
6.0,closeness_centrality,0.4666666666666667,sequential_ollama/gemma4:26b_w_reason,18
6.0,closeness_centrality,0.48514851485148514,sequential_ollama/gemma4:26b_w_reason,17
6.0,closeness_centrality,0.494949494949495,sequential_ollama/gemma4:26b_w_reason,1
6.0,closeness_centrality,0.4803921568627451,sequential_ollama/gemma4:26b_w_reason,30
6.0,closeness_centrality,0.48514851485148514,sequential_ollama/gemma4:26b_w_reason,36
6.0,closeness_centrality,0.49,sequential_ollama/gemma4:26b_w_reason,16
6.0,closeness_centrality,0.48514851485148514,sequential_ollama/gemma4:26b_w_reason,3
6.0,closeness_centrality,0.46226415094339623,sequential_ollama/gemma4:26b_w_reason,14
6.0,closeness_centrality,0.49,sequential_ollama/gemma4:26b_w_reason,48
6.0,closeness_centrality,0.6712328767123288,sequential_ollama/gemma4:26b_w_reason,12
6.0,closeness_centrality,0.6712328767123288,sequential_ollama/gemma4:26b_w_reason,43
6.0,closeness_centrality,0.4666666666666667,sequential_ollama/gemma4:26b_w_reason,35
6.0,closeness_centrality,0.5051546391752577,sequential_ollama/gemma4:26b_w_reason,6
6.0,closeness_centrality,0.5051546391752577,sequential_ollama/gemma4:26b_w_reason,2
6.0,closeness_centrality,0.48514851485148514,sequential_ollama/gemma4:26b_w_reason,19
6.0,closeness_centrality,0.47572815533980584,sequential_ollama/gemma4:26b_w_reason,9
6.0,closeness_centrality,0.5051546391752577,sequential_ollama/gemma4:26b_w_reason,33
6.0,closeness_centrality,0.6049382716049383,sequential_ollama/gemma4:26b_w_reason,23
6.0,closeness_centrality,0.48514851485148514,sequential_ollama/gemma4:26b_w_reason,45
6.0,closeness_centrality,0.5,sequential_ollama/gemma4:26b_w_reason,25
6.0,closeness_centrality,0.47115384615384615,sequential_ollama/gemma4:26b_w_reason,39
6.0,closeness_centrality,0.494949494949495,sequential_ollama/gemma4:26b_w_reason,47
6.0,closeness_centrality,0.46226415094339623,sequential_ollama/gemma4:26b_w_reason,41
6.0,closeness_centrality,0.494949494949495,sequential_ollama/gemma4:26b_w_reason,21
6.0,closeness_centrality,0.49,sequential_ollama/gemma4:26b_w_reason,24
6.0,closeness_centrality,0.3828125,sequential_ollama/gemma4:26b_w_reason,29
7.0,degree_centrality,0.4693877551020408,sequential_ollama/gemma4:26b_w_reason,13
7.0,degree_centrality,0.4693877551020408,sequential_ollama/gemma4:26b_w_reason,44
7.0,degree_centrality,0.42857142857142855,sequential_ollama/gemma4:26b_w_reason,29
7.0,degree_centrality,0.42857142857142855,sequential_ollama/gemma4:26b_w_reason,10
7.0,degree_centrality,0.4693877551020408,sequential_ollama/gemma4:26b_w_reason,5
7.0,degree_centrality,0.4693877551020408,sequential_ollama/gemma4:26b_w_reason,37
7.0,degree_centrality,0.4693877551020408,sequential_ollama/gemma4:26b_w_reason,49
7.0,degree_centrality,0.4693877551020408,sequential_ollama/gemma4:26b_w_reason,38
7.0,degree_centrality,0.4693877551020408,sequential_ollama/gemma4:26b_w_reason,34
7.0,degree_centrality,0.4693877551020408,sequential_ollama/gemma4:26b_w_reason,46
7.0,degree_centrality,0.4693877551020408,sequential_ollama/gemma4:26b_w_reason,7
7.0,degree_centrality,0.4693877551020408,sequential_ollama/gemma4:26b_w_reason,22
7.0,degree_centrality,0.4897959183673469,sequential_ollama/gemma4:26b_w_reason,27
7.0,degree_centrality,0.4693877551020408,sequential_ollama/gemma4:26b_w_reason,15
7.0,degree_centrality,0.4693877551020408,sequential_ollama/gemma4:26b_w_reason,8
7.0,degree_centrality,0.4693877551020408,sequential_ollama/gemma4:26b_w_reason,26
7.0,degree_centrality,0.4693877551020408,sequential_ollama/gemma4:26b_w_reason,42
7.0,degree_centrality,0.4897959183673469,sequential_ollama/gemma4:26b_w_reason,0
7.0,degree_centrality,0.42857142857142855,sequential_ollama/gemma4:26b_w_reason,11
7.0,degree_centrality,0.4693877551020408,sequential_ollama/gemma4:26b_w_reason,4
7.0,degree_centrality,0.4693877551020408,sequential_ollama/gemma4:26b_w_reason,31
7.0,degree_centrality,0.44897959183673464,sequential_ollama/gemma4:26b_w_reason,32
7.0,degree_centrality,0.4693877551020408,sequential_ollama/gemma4:26b_w_reason,28
7.0,degree_centrality,0.4693877551020408,sequential_ollama/gemma4:26b_w_reason,20
7.0,degree_centrality,0.42857142857142855,sequential_ollama/gemma4:26b_w_reason,30
7.0,degree_centrality,0.5102040816326531,sequential_ollama/gemma4:26b_w_reason,17
7.0,degree_centrality,0.4693877551020408,sequential_ollama/gemma4:26b_w_reason,19
7.0,degree_centrality,0.5102040816326531,sequential_ollama/gemma4:26b_w_reason,18
7.0,degree_centrality,0.36734693877551017,sequential_ollama/gemma4:26b_w_reason,39
7.0,degree_centrality,0.44897959183673464,sequential_ollama/gemma4:26b_w_reason,35
7.0,degree_centrality,0.4693877551020408,sequential_ollama/gemma4:26b_w_reason,33
7.0,degree_centrality,0.4081632653061224,sequential_ollama/gemma4:26b_w_reason,9
7.0,degree_centrality,0.4897959183673469,sequential_ollama/gemma4:26b_w_reason,6
7.0,degree_centrality,0.44897959183673464,sequential_ollama/gemma4:26b_w_reason,41
7.0,degree_centrality,0.5102040816326531,sequential_ollama/gemma4:26b_w_reason,36
7.0,degree_centrality,0.4081632653061224,sequential_ollama/gemma4:26b_w_reason,24
7.0,degree_centrality,0.4081632653061224,sequential_ollama/gemma4:26b_w_reason,40
7.0,degree_centrality,0.4897959183673469,sequential_ollama/gemma4:26b_w_reason,12
7.0,degree_centrality,0.32653061224489793,sequential_ollama/gemma4:26b_w_reason,25
7.0,degree_centrality,0.5102040816326531,sequential_ollama/gemma4:26b_w_reason,1
7.0,degree_centrality,0.3877551020408163,sequential_ollama/gemma4:26b_w_reason,16
7.0,degree_centrality,0.36734693877551017,sequential_ollama/gemma4:26b_w_reason,2
7.0,degree_centrality,0.42857142857142855,sequential_ollama/gemma4:26b_w_reason,45
7.0,degree_centrality,0.5306122448979591,sequential_ollama/gemma4:26b_w_reason,23
7.0,degree_centrality,0.4897959183673469,sequential_ollama/gemma4:26b_w_reason,43
7.0,degree_centrality,0.4897959183673469,sequential_ollama/gemma4:26b_w_reason,14
7.0,degree_centrality,0.4081632653061224,sequential_ollama/gemma4:26b_w_reason,21
7.0,degree_centrality,0.3061224489795918,sequential_ollama/gemma4:26b_w_reason,47
7.0,degree_centrality,0.44897959183673464,sequential_ollama/gemma4:26b_w_reason,48
7.0,degree_centrality,0.26530612244897955,sequential_ollama/gemma4:26b_w_reason,3
7.0,betweenness_centrality,0.00016601878846776805,sequential_ollama/gemma4:26b_w_reason,13
7.0,betweenness_centrality,0.00016601878846776805,sequential_ollama/gemma4:26b_w_reason,44
7.0,betweenness_centrality,4.0492387431162935e-05,sequential_ollama/gemma4:26b_w_reason,29
7.0,betweenness_centrality,0.0,sequential_ollama/gemma4:26b_w_reason,10
7.0,betweenness_centrality,0.00016601878846776805,sequential_ollama/gemma4:26b_w_reason,5
7.0,betweenness_centrality,0.00016601878846776805,sequential_ollama/gemma4:26b_w_reason,37
7.0,betweenness_centrality,0.00016601878846776805,sequential_ollama/gemma4:26b_w_reason,49
7.0,betweenness_centrality,0.00016601878846776805,sequential_ollama/gemma4:26b_w_reason,38
7.0,betweenness_centrality,0.00016601878846776805,sequential_ollama/gemma4:26b_w_reason,34
7.0,betweenness_centrality,0.00016601878846776805,sequential_ollama/gemma4:26b_w_reason,46
7.0,betweenness_centrality,0.00016601878846776805,sequential_ollama/gemma4:26b_w_reason,7
7.0,betweenness_centrality,0.00016601878846776805,sequential_ollama/gemma4:26b_w_reason,22
7.0,betweenness_centrality,0.15861273080660845,sequential_ollama/gemma4:26b_w_reason,27
7.0,betweenness_centrality,0.00016601878846776805,sequential_ollama/gemma4:26b_w_reason,15
7.0,betweenness_centrality,0.00016601878846776805,sequential_ollama/gemma4:26b_w_reason,8
7.0,betweenness_centrality,0.00016601878846776805,sequential_ollama/gemma4:26b_w_reason,26
7.0,betweenness_centrality,0.00016601878846776805,sequential_ollama/gemma4:26b_w_reason,42
7.0,betweenness_centrality,0.15861273080660845,sequential_ollama/gemma4:26b_w_reason,0
7.0,betweenness_centrality,4.0492387431162935e-05,sequential_ollama/gemma4:26b_w_reason,11
7.0,betweenness_centrality,0.00016601878846776805,sequential_ollama/gemma4:26b_w_reason,4
7.0,betweenness_centrality,0.00016601878846776805,sequential_ollama/gemma4:26b_w_reason,31
7.0,betweenness_centrality,8.300939423388403e-05,sequential_ollama/gemma4:26b_w_reason,32
7.0,betweenness_centrality,0.00016601878846776805,sequential_ollama/gemma4:26b_w_reason,28
7.0,betweenness_centrality,0.14747529964366707,sequential_ollama/gemma4:26b_w_reason,20
7.0,betweenness_centrality,0.0034366475622912406,sequential_ollama/gemma4:26b_w_reason,30
7.0,betweenness_centrality,0.005274361951638125,sequential_ollama/gemma4:26b_w_reason,17
7.0,betweenness_centrality,0.0026061024832902,sequential_ollama/gemma4:26b_w_reason,19
7.0,betweenness_centrality,0.005274361951638125,sequential_ollama/gemma4:26b_w_reason,18
7.0,betweenness_centrality,0.0014432915614440852,sequential_ollama/gemma4:26b_w_reason,39
7.0,betweenness_centrality,0.0023543728465499803,sequential_ollama/gemma4:26b_w_reason,35
7.0,betweenness_centrality,0.004138179317856451,sequential_ollama/gemma4:26b_w_reason,33
7.0,betweenness_centrality,0.002987619489582116,sequential_ollama/gemma4:26b_w_reason,9
7.0,betweenness_centrality,0.0032970568493330223,sequential_ollama/gemma4:26b_w_reason,6
7.0,betweenness_centrality,0.0034203125285610907,sequential_ollama/gemma4:26b_w_reason,41
7.0,betweenness_centrality,0.005274361951638125,sequential_ollama/gemma4:26b_w_reason,36
7.0,betweenness_centrality,0.0016648087397439766,sequential_ollama/gemma4:26b_w_reason,24
7.0,betweenness_centrality,0.001133993095020927,sequential_ollama/gemma4:26b_w_reason,40
7.0,betweenness_centrality,0.004569223363846475,sequential_ollama/gemma4:26b_w_reason,12
7.0,betweenness_centrality,0.0003910884529250296,sequential_ollama/gemma4:26b_w_reason,25
7.0,betweenness_centrality,0.005274361951638125,sequential_ollama/gemma4:26b_w_reason,1
7.0,betweenness_centrality,0.003336345671141431,sequential_ollama/gemma4:26b_w_reason,16
7.0,betweenness_centrality,0.0028039576870293364,sequential_ollama/gemma4:26b_w_reason,2
7.0,betweenness_centrality,0.003370643717144159,sequential_ollama/gemma4:26b_w_reason,45
7.0,betweenness_centrality,0.5124900881288306,sequential_ollama/gemma4:26b_w_reason,23
7.0,betweenness_centrality,0.004832847447623621,sequential_ollama/gemma4:26b_w_reason,43
7.0,betweenness_centrality,0.0032970568493330223,sequential_ollama/gemma4:26b_w_reason,14
7.0,betweenness_centrality,0.0035076504750558572,sequential_ollama/gemma4:26b_w_reason,21
7.0,betweenness_centrality,0.001222196319478653,sequential_ollama/gemma4:26b_w_reason,47
7.0,betweenness_centrality,0.004319848828145568,sequential_ollama/gemma4:26b_w_reason,48
7.0,betweenness_centrality,0.0009662956091527517,sequential_ollama/gemma4:26b_w_reason,3
7.0,closeness_centrality,0.4803921568627451,sequential_ollama/gemma4:26b_w_reason,13
7.0,closeness_centrality,0.4803921568627451,sequential_ollama/gemma4:26b_w_reason,44
7.0,closeness_centrality,0.47115384615384615,sequential_ollama/gemma4:26b_w_reason,29
7.0,closeness_centrality,0.47115384615384615,sequential_ollama/gemma4:26b_w_reason,10
7.0,closeness_centrality,0.4803921568627451,sequential_ollama/gemma4:26b_w_reason,5
7.0,closeness_centrality,0.4803921568627451,sequential_ollama/gemma4:26b_w_reason,37
7.0,closeness_centrality,0.4803921568627451,sequential_ollama/gemma4:26b_w_reason,49
7.0,closeness_centrality,0.4803921568627451,sequential_ollama/gemma4:26b_w_reason,38
7.0,closeness_centrality,0.4803921568627451,sequential_ollama/gemma4:26b_w_reason,34
7.0,closeness_centrality,0.4803921568627451,sequential_ollama/gemma4:26b_w_reason,46
7.0,closeness_centrality,0.4803921568627451,sequential_ollama/gemma4:26b_w_reason,7
7.0,closeness_centrality,0.4803921568627451,sequential_ollama/gemma4:26b_w_reason,22
7.0,closeness_centrality,0.6447368421052632,sequential_ollama/gemma4:26b_w_reason,27
7.0,closeness_centrality,0.4803921568627451,sequential_ollama/gemma4:26b_w_reason,15
7.0,closeness_centrality,0.4803921568627451,sequential_ollama/gemma4:26b_w_reason,8
7.0,closeness_centrality,0.4803921568627451,sequential_ollama/gemma4:26b_w_reason,26
7.0,closeness_centrality,0.4803921568627451,sequential_ollama/gemma4:26b_w_reason,42
7.0,closeness_centrality,0.6447368421052632,sequential_ollama/gemma4:26b_w_reason,0
7.0,closeness_centrality,0.47115384615384615,sequential_ollama/gemma4:26b_w_reason,11
7.0,closeness_centrality,0.4803921568627451,sequential_ollama/gemma4:26b_w_reason,4
7.0,closeness_centrality,0.4803921568627451,sequential_ollama/gemma4:26b_w_reason,31
7.0,closeness_centrality,0.47572815533980584,sequential_ollama/gemma4:26b_w_reason,32
7.0,closeness_centrality,0.4803921568627451,sequential_ollama/gemma4:26b_w_reason,28
7.0,closeness_centrality,0.6363636363636364,sequential_ollama/gemma4:26b_w_reason,20
7.0,closeness_centrality,0.5,sequential_ollama/gemma4:26b_w_reason,30
7.0,closeness_centrality,0.5212765957446809,sequential_ollama/gemma4:26b_w_reason,17
7.0,closeness_centrality,0.4083333333333333,sequential_ollama/gemma4:26b_w_reason,19
7.0,closeness_centrality,0.5212765957446809,sequential_ollama/gemma4:26b_w_reason,18
7.0,closeness_centrality,0.48514851485148514,sequential_ollama/gemma4:26b_w_reason,39
7.0,closeness_centrality,0.5051546391752577,sequential_ollama/gemma4:26b_w_reason,35
7.0,closeness_centrality,0.5104166666666666,sequential_ollama/gemma4:26b_w_reason,33
7.0,closeness_centrality,0.494949494949495,sequential_ollama/gemma4:26b_w_reason,9
7.0,closeness_centrality,0.5157894736842106,sequential_ollama/gemma4:26b_w_reason,6
7.0,closeness_centrality,0.5051546391752577,sequential_ollama/gemma4:26b_w_reason,41
7.0,closeness_centrality,0.5212765957446809,sequential_ollama/gemma4:26b_w_reason,36
7.0,closeness_centrality,0.494949494949495,sequential_ollama/gemma4:26b_w_reason,24
7.0,closeness_centrality,0.494949494949495,sequential_ollama/gemma4:26b_w_reason,40
7.0,closeness_centrality,0.5157894736842106,sequential_ollama/gemma4:26b_w_reason,12
7.0,closeness_centrality,0.3858267716535433,sequential_ollama/gemma4:26b_w_reason,25
7.0,closeness_centrality,0.5212765957446809,sequential_ollama/gemma4:26b_w_reason,1
7.0,closeness_centrality,0.49,sequential_ollama/gemma4:26b_w_reason,16
7.0,closeness_centrality,0.48514851485148514,sequential_ollama/gemma4:26b_w_reason,2
7.0,closeness_centrality,0.5,sequential_ollama/gemma4:26b_w_reason,45
7.0,closeness_centrality,0.6805555555555556,sequential_ollama/gemma4:26b_w_reason,23
7.0,closeness_centrality,0.5157894736842106,sequential_ollama/gemma4:26b_w_reason,43
7.0,closeness_centrality,0.5157894736842106,sequential_ollama/gemma4:26b_w_reason,14
7.0,closeness_centrality,0.494949494949495,sequential_ollama/gemma4:26b_w_reason,21
7.0,closeness_centrality,0.47115384615384615,sequential_ollama/gemma4:26b_w_reason,47
7.0,closeness_centrality,0.5051546391752577,sequential_ollama/gemma4:26b_w_reason,48
7.0,closeness_centrality,0.46226415094339623,sequential_ollama/gemma4:26b_w_reason,3
8.0,degree_centrality,0.4897959183673469,sequential_ollama/gemma4:26b_w_reason,44
8.0,degree_centrality,0.4693877551020408,sequential_ollama/gemma4:26b_w_reason,4
8.0,degree_centrality,0.44897959183673464,sequential_ollama/gemma4:26b_w_reason,13
8.0,degree_centrality,0.4897959183673469,sequential_ollama/gemma4:26b_w_reason,10
8.0,degree_centrality,0.4693877551020408,sequential_ollama/gemma4:26b_w_reason,49
8.0,degree_centrality,0.44897959183673464,sequential_ollama/gemma4:26b_w_reason,31
8.0,degree_centrality,0.44897959183673464,sequential_ollama/gemma4:26b_w_reason,42
8.0,degree_centrality,0.3469387755102041,sequential_ollama/gemma4:26b_w_reason,46
8.0,degree_centrality,0.4897959183673469,sequential_ollama/gemma4:26b_w_reason,32
8.0,degree_centrality,0.4693877551020408,sequential_ollama/gemma4:26b_w_reason,29
8.0,degree_centrality,0.42857142857142855,sequential_ollama/gemma4:26b_w_reason,37
8.0,degree_centrality,0.4693877551020408,sequential_ollama/gemma4:26b_w_reason,0
8.0,degree_centrality,0.4693877551020408,sequential_ollama/gemma4:26b_w_reason,11
8.0,degree_centrality,0.44897959183673464,sequential_ollama/gemma4:26b_w_reason,28
8.0,degree_centrality,0.4693877551020408,sequential_ollama/gemma4:26b_w_reason,26
8.0,degree_centrality,0.44897959183673464,sequential_ollama/gemma4:26b_w_reason,8
8.0,degree_centrality,0.4693877551020408,sequential_ollama/gemma4:26b_w_reason,34
8.0,degree_centrality,0.5102040816326531,sequential_ollama/gemma4:26b_w_reason,20
8.0,degree_centrality,0.42857142857142855,sequential_ollama/gemma4:26b_w_reason,3
8.0,degree_centrality,0.44897959183673464,sequential_ollama/gemma4:26b_w_reason,38
8.0,degree_centrality,0.4693877551020408,sequential_ollama/gemma4:26b_w_reason,15
8.0,degree_centrality,0.4897959183673469,sequential_ollama/gemma4:26b_w_reason,27
8.0,degree_centrality,0.44897959183673464,sequential_ollama/gemma4:26b_w_reason,22
8.0,degree_centrality,0.44897959183673464,sequential_ollama/gemma4:26b_w_reason,7
8.0,degree_centrality,0.4693877551020408,sequential_ollama/gemma4:26b_w_reason,5
8.0,degree_centrality,0.36734693877551017,sequential_ollama/gemma4:26b_w_reason,40
8.0,degree_centrality,0.5102040816326531,sequential_ollama/gemma4:26b_w_reason,36
8.0,degree_centrality,0.5102040816326531,sequential_ollama/gemma4:26b_w_reason,19
8.0,degree_centrality,0.4897959183673469,sequential_ollama/gemma4:26b_w_reason,21
8.0,degree_centrality,0.5102040816326531,sequential_ollama/gemma4:26b_w_reason,17
8.0,degree_centrality,0.5510204081632653,sequential_ollama/gemma4:26b_w_reason,23
8.0,degree_centrality,0.44897959183673464,sequential_ollama/gemma4:26b_w_reason,16
8.0,degree_centrality,0.5102040816326531,sequential_ollama/gemma4:26b_w_reason,1
8.0,degree_centrality,0.44897959183673464,sequential_ollama/gemma4:26b_w_reason,24
8.0,degree_centrality,0.5102040816326531,sequential_ollama/gemma4:26b_w_reason,25
8.0,degree_centrality,0.4693877551020408,sequential_ollama/gemma4:26b_w_reason,2
8.0,degree_centrality,0.5102040816326531,sequential_ollama/gemma4:26b_w_reason,39
8.0,degree_centrality,0.4693877551020408,sequential_ollama/gemma4:26b_w_reason,18
8.0,degree_centrality,0.42857142857142855,sequential_ollama/gemma4:26b_w_reason,35
8.0,degree_centrality,0.4897959183673469,sequential_ollama/gemma4:26b_w_reason,45
8.0,degree_centrality,0.5102040816326531,sequential_ollama/gemma4:26b_w_reason,14
8.0,degree_centrality,0.4897959183673469,sequential_ollama/gemma4:26b_w_reason,41
8.0,degree_centrality,0.4081632653061224,sequential_ollama/gemma4:26b_w_reason,30
8.0,degree_centrality,0.5102040816326531,sequential_ollama/gemma4:26b_w_reason,6
8.0,degree_centrality,0.4693877551020408,sequential_ollama/gemma4:26b_w_reason,33
8.0,degree_centrality,0.4693877551020408,sequential_ollama/gemma4:26b_w_reason,43
8.0,degree_centrality,0.4693877551020408,sequential_ollama/gemma4:26b_w_reason,47
8.0,degree_centrality,0.5102040816326531,sequential_ollama/gemma4:26b_w_reason,12
8.0,degree_centrality,0.44897959183673464,sequential_ollama/gemma4:26b_w_reason,48
8.0,degree_centrality,0.5102040816326531,sequential_ollama/gemma4:26b_w_reason,9
8.0,betweenness_centrality,0.06063968983022121,sequential_ollama/gemma4:26b_w_reason,44
8.0,betweenness_centrality,0.00045505594012496757,sequential_ollama/gemma4:26b_w_reason,4
8.0,betweenness_centrality,0.00015180964160555998,sequential_ollama/gemma4:26b_w_reason,13
8.0,betweenness_centrality,0.04112259374480214,sequential_ollama/gemma4:26b_w_reason,10
8.0,betweenness_centrality,0.046068497595708156,sequential_ollama/gemma4:26b_w_reason,49
8.0,betweenness_centrality,0.00015180964160555998,sequential_ollama/gemma4:26b_w_reason,31
8.0,betweenness_centrality,0.00015180964160555998,sequential_ollama/gemma4:26b_w_reason,42
8.0,betweenness_centrality,7.730364873222017e-05,sequential_ollama/gemma4:26b_w_reason,46
8.0,betweenness_centrality,0.04112259374480214,sequential_ollama/gemma4:26b_w_reason,32
8.0,betweenness_centrality,0.00045505594012496757,sequential_ollama/gemma4:26b_w_reason,29
8.0,betweenness_centrality,7.730364873222017e-05,sequential_ollama/gemma4:26b_w_reason,37
8.0,betweenness_centrality,0.046462876437186794,sequential_ollama/gemma4:26b_w_reason,0
8.0,betweenness_centrality,0.00045505594012496757,sequential_ollama/gemma4:26b_w_reason,11
8.0,betweenness_centrality,0.00041640411575885757,sequential_ollama/gemma4:26b_w_reason,28
8.0,betweenness_centrality,0.00045505594012496757,sequential_ollama/gemma4:26b_w_reason,26
8.0,betweenness_centrality,0.00015180964160555998,sequential_ollama/gemma4:26b_w_reason,8
8.0,betweenness_centrality,0.00045505594012496757,sequential_ollama/gemma4:26b_w_reason,34
8.0,betweenness_centrality,0.11387527122851336,sequential_ollama/gemma4:26b_w_reason,20
8.0,betweenness_centrality,0.05979565526097443,sequential_ollama/gemma4:26b_w_reason,3
8.0,betweenness_centrality,0.00041640411575885757,sequential_ollama/gemma4:26b_w_reason,38
8.0,betweenness_centrality,0.00045505594012496757,sequential_ollama/gemma4:26b_w_reason,15
8.0,betweenness_centrality,0.04985834717959636,sequential_ollama/gemma4:26b_w_reason,27
8.0,betweenness_centrality,0.00041640411575885757,sequential_ollama/gemma4:26b_w_reason,22
8.0,betweenness_centrality,0.00015180964160555998,sequential_ollama/gemma4:26b_w_reason,7
8.0,betweenness_centrality,0.00045505594012496757,sequential_ollama/gemma4:26b_w_reason,5
8.0,betweenness_centrality,0.04512318388282191,sequential_ollama/gemma4:26b_w_reason,40
8.0,betweenness_centrality,0.05800475292780084,sequential_ollama/gemma4:26b_w_reason,36
8.0,betweenness_centrality,0.0018821526002752473,sequential_ollama/gemma4:26b_w_reason,19
8.0,betweenness_centrality,0.0017880776139588815,sequential_ollama/gemma4:26b_w_reason,21
8.0,betweenness_centrality,0.0018821526002752473,sequential_ollama/gemma4:26b_w_reason,17
8.0,betweenness_centrality,0.17759791167775912,sequential_ollama/gemma4:26b_w_reason,23
8.0,betweenness_centrality,0.0008416804388744512,sequential_ollama/gemma4:26b_w_reason,16
8.0,betweenness_centrality,0.0018821526002752473,sequential_ollama/gemma4:26b_w_reason,1
8.0,betweenness_centrality,0.0012693158159830388,sequential_ollama/gemma4:26b_w_reason,24
8.0,betweenness_centrality,0.0018821526002752473,sequential_ollama/gemma4:26b_w_reason,25
8.0,betweenness_centrality,0.0015917740091427163,sequential_ollama/gemma4:26b_w_reason,2
8.0,betweenness_centrality,0.0018821526002752473,sequential_ollama/gemma4:26b_w_reason,39
8.0,betweenness_centrality,0.0010653879905478006,sequential_ollama/gemma4:26b_w_reason,18
8.0,betweenness_centrality,0.000292663991296348,sequential_ollama/gemma4:26b_w_reason,35
8.0,betweenness_centrality,0.0012248794096137014,sequential_ollama/gemma4:26b_w_reason,45
8.0,betweenness_centrality,0.0018821526002752473,sequential_ollama/gemma4:26b_w_reason,14
8.0,betweenness_centrality,0.0016225384732391514,sequential_ollama/gemma4:26b_w_reason,41
8.0,betweenness_centrality,0.09881201236074186,sequential_ollama/gemma4:26b_w_reason,30
8.0,betweenness_centrality,0.0018821526002752473,sequential_ollama/gemma4:26b_w_reason,6
8.0,betweenness_centrality,0.0005404052701869287,sequential_ollama/gemma4:26b_w_reason,33
8.0,betweenness_centrality,0.0005404052701869287,sequential_ollama/gemma4:26b_w_reason,43
8.0,betweenness_centrality,0.0012494192919914556,sequential_ollama/gemma4:26b_w_reason,47
8.0,betweenness_centrality,0.0018821526002752473,sequential_ollama/gemma4:26b_w_reason,12
8.0,betweenness_centrality,0.0005017534458208186,sequential_ollama/gemma4:26b_w_reason,48
8.0,betweenness_centrality,0.0018821526002752473,sequential_ollama/gemma4:26b_w_reason,9
8.0,closeness_centrality,0.6447368421052632,sequential_ollama/gemma4:26b_w_reason,44
8.0,closeness_centrality,0.5104166666666666,sequential_ollama/gemma4:26b_w_reason,4
8.0,closeness_centrality,0.5051546391752577,sequential_ollama/gemma4:26b_w_reason,13
8.0,closeness_centrality,0.620253164556962,sequential_ollama/gemma4:26b_w_reason,10
8.0,closeness_centrality,0.6049382716049383,sequential_ollama/gemma4:26b_w_reason,49
8.0,closeness_centrality,0.5051546391752577,sequential_ollama/gemma4:26b_w_reason,31
8.0,closeness_centrality,0.5051546391752577,sequential_ollama/gemma4:26b_w_reason,42
8.0,closeness_centrality,0.4803921568627451,sequential_ollama/gemma4:26b_w_reason,46
8.0,closeness_centrality,0.620253164556962,sequential_ollama/gemma4:26b_w_reason,32
8.0,closeness_centrality,0.5104166666666666,sequential_ollama/gemma4:26b_w_reason,29
8.0,closeness_centrality,0.494949494949495,sequential_ollama/gemma4:26b_w_reason,37
8.0,closeness_centrality,0.6447368421052632,sequential_ollama/gemma4:26b_w_reason,0
8.0,closeness_centrality,0.5104166666666666,sequential_ollama/gemma4:26b_w_reason,11
8.0,closeness_centrality,0.5051546391752577,sequential_ollama/gemma4:26b_w_reason,28
8.0,closeness_centrality,0.5104166666666666,sequential_ollama/gemma4:26b_w_reason,26
8.0,closeness_centrality,0.5051546391752577,sequential_ollama/gemma4:26b_w_reason,8
8.0,closeness_centrality,0.5104166666666666,sequential_ollama/gemma4:26b_w_reason,34
8.0,closeness_centrality,0.6712328767123288,sequential_ollama/gemma4:26b_w_reason,20
8.0,closeness_centrality,0.6363636363636364,sequential_ollama/gemma4:26b_w_reason,3
8.0,closeness_centrality,0.5051546391752577,sequential_ollama/gemma4:26b_w_reason,38
8.0,closeness_centrality,0.5104166666666666,sequential_ollama/gemma4:26b_w_reason,15
8.0,closeness_centrality,0.6533333333333333,sequential_ollama/gemma4:26b_w_reason,27
8.0,closeness_centrality,0.5051546391752577,sequential_ollama/gemma4:26b_w_reason,22
8.0,closeness_centrality,0.5051546391752577,sequential_ollama/gemma4:26b_w_reason,7
8.0,closeness_centrality,0.5104166666666666,sequential_ollama/gemma4:26b_w_reason,5
8.0,closeness_centrality,0.6049382716049383,sequential_ollama/gemma4:26b_w_reason,40
8.0,closeness_centrality,0.6712328767123288,sequential_ollama/gemma4:26b_w_reason,36
8.0,closeness_centrality,0.5444444444444444,sequential_ollama/gemma4:26b_w_reason,19
8.0,closeness_centrality,0.5268817204301075,sequential_ollama/gemma4:26b_w_reason,21
8.0,closeness_centrality,0.5444444444444444,sequential_ollama/gemma4:26b_w_reason,17
8.0,closeness_centrality,0.6901408450704225,sequential_ollama/gemma4:26b_w_reason,23
8.0,closeness_centrality,0.5157894736842106,sequential_ollama/gemma4:26b_w_reason,16
8.0,closeness_centrality,0.5444444444444444,sequential_ollama/gemma4:26b_w_reason,1
8.0,closeness_centrality,0.5268817204301075,sequential_ollama/gemma4:26b_w_reason,24
8.0,closeness_centrality,0.5444444444444444,sequential_ollama/gemma4:26b_w_reason,25
8.0,closeness_centrality,0.532608695652174,sequential_ollama/gemma4:26b_w_reason,2
8.0,closeness_centrality,0.5444444444444444,sequential_ollama/gemma4:26b_w_reason,39
8.0,closeness_centrality,0.5212765957446809,sequential_ollama/gemma4:26b_w_reason,18
8.0,closeness_centrality,0.5051546391752577,sequential_ollama/gemma4:26b_w_reason,35
8.0,closeness_centrality,0.532608695652174,sequential_ollama/gemma4:26b_w_reason,45
8.0,closeness_centrality,0.5444444444444444,sequential_ollama/gemma4:26b_w_reason,14
8.0,closeness_centrality,0.5384615384615384,sequential_ollama/gemma4:26b_w_reason,41
8.0,closeness_centrality,0.6282051282051282,sequential_ollama/gemma4:26b_w_reason,30
8.0,closeness_centrality,0.5444444444444444,sequential_ollama/gemma4:26b_w_reason,6
8.0,closeness_centrality,0.5157894736842106,sequential_ollama/gemma4:26b_w_reason,33
8.0,closeness_centrality,0.5157894736842106,sequential_ollama/gemma4:26b_w_reason,43
8.0,closeness_centrality,0.5268817204301075,sequential_ollama/gemma4:26b_w_reason,47
8.0,closeness_centrality,0.5444444444444444,sequential_ollama/gemma4:26b_w_reason,12
8.0,closeness_centrality,0.5104166666666666,sequential_ollama/gemma4:26b_w_reason,48
8.0,closeness_centrality,0.5444444444444444,sequential_ollama/gemma4:26b_w_reason,9
9.0,degree_centrality,0.5102040816326531,sequential_ollama/gemma4:26b_w_reason,21
9.0,degree_centrality,0.44897959183673464,sequential_ollama/gemma4:26b_w_reason,16
9.0,degree_centrality,0.4897959183673469,sequential_ollama/gemma4:26b_w_reason,19
9.0,degree_centrality,0.4897959183673469,sequential_ollama/gemma4:26b_w_reason,39
9.0,degree_centrality,0.5102040816326531,sequential_ollama/gemma4:26b_w_reason,14
9.0,degree_centrality,0.4897959183673469,sequential_ollama/gemma4:26b_w_reason,33
9.0,degree_centrality,0.4897959183673469,sequential_ollama/gemma4:26b_w_reason,25
9.0,degree_centrality,0.5102040816326531,sequential_ollama/gemma4:26b_w_reason,23
9.0,degree_centrality,0.4693877551020408,sequential_ollama/gemma4:26b_w_reason,43
9.0,degree_centrality,0.44897959183673464,sequential_ollama/gemma4:26b_w_reason,24
9.0,degree_centrality,0.36734693877551017,sequential_ollama/gemma4:26b_w_reason,18
9.0,degree_centrality,0.5102040816326531,sequential_ollama/gemma4:26b_w_reason,48
9.0,degree_centrality,0.5102040816326531,sequential_ollama/gemma4:26b_w_reason,35
9.0,degree_centrality,0.5102040816326531,sequential_ollama/gemma4:26b_w_reason,1
9.0,degree_centrality,0.4897959183673469,sequential_ollama/gemma4:26b_w_reason,45
9.0,degree_centrality,0.36734693877551017,sequential_ollama/gemma4:26b_w_reason,3
9.0,degree_centrality,0.5102040816326531,sequential_ollama/gemma4:26b_w_reason,47
9.0,degree_centrality,0.4897959183673469,sequential_ollama/gemma4:26b_w_reason,17
9.0,degree_centrality,0.4897959183673469,sequential_ollama/gemma4:26b_w_reason,30
9.0,degree_centrality,0.42857142857142855,sequential_ollama/gemma4:26b_w_reason,41
9.0,degree_centrality,0.4897959183673469,sequential_ollama/gemma4:26b_w_reason,12
9.0,degree_centrality,0.42857142857142855,sequential_ollama/gemma4:26b_w_reason,36
9.0,degree_centrality,0.5102040816326531,sequential_ollama/gemma4:26b_w_reason,40
9.0,degree_centrality,0.4897959183673469,sequential_ollama/gemma4:26b_w_reason,6
9.0,degree_centrality,0.5102040816326531,sequential_ollama/gemma4:26b_w_reason,2
9.0,degree_centrality,0.42857142857142855,sequential_ollama/gemma4:26b_w_reason,9
9.0,degree_centrality,0.42857142857142855,sequential_ollama/gemma4:26b_w_reason,37
9.0,degree_centrality,0.4693877551020408,sequential_ollama/gemma4:26b_w_reason,27
9.0,degree_centrality,0.4693877551020408,sequential_ollama/gemma4:26b_w_reason,13
9.0,degree_centrality,0.42857142857142855,sequential_ollama/gemma4:26b_w_reason,7
9.0,degree_centrality,0.44897959183673464,sequential_ollama/gemma4:26b_w_reason,8
9.0,degree_centrality,0.4693877551020408,sequential_ollama/gemma4:26b_w_reason,38
9.0,degree_centrality,0.42857142857142855,sequential_ollama/gemma4:26b_w_reason,15
9.0,degree_centrality,0.44897959183673464,sequential_ollama/gemma4:26b_w_reason,0
9.0,degree_centrality,0.4693877551020408,sequential_ollama/gemma4:26b_w_reason,5
9.0,degree_centrality,0.44897959183673464,sequential_ollama/gemma4:26b_w_reason,28
9.0,degree_centrality,0.4693877551020408,sequential_ollama/gemma4:26b_w_reason,4
9.0,degree_centrality,0.44897959183673464,sequential_ollama/gemma4:26b_w_reason,11
9.0,degree_centrality,0.4897959183673469,sequential_ollama/gemma4:26b_w_reason,10
9.0,degree_centrality,0.44897959183673464,sequential_ollama/gemma4:26b_w_reason,31
9.0,degree_centrality,0.4693877551020408,sequential_ollama/gemma4:26b_w_reason,20
9.0,degree_centrality,0.44897959183673464,sequential_ollama/gemma4:26b_w_reason,26
9.0,degree_centrality,0.44897959183673464,sequential_ollama/gemma4:26b_w_reason,44
9.0,degree_centrality,0.4693877551020408,sequential_ollama/gemma4:26b_w_reason,34
9.0,degree_centrality,0.4081632653061224,sequential_ollama/gemma4:26b_w_reason,46
9.0,degree_centrality,0.4693877551020408,sequential_ollama/gemma4:26b_w_reason,29
9.0,degree_centrality,0.44897959183673464,sequential_ollama/gemma4:26b_w_reason,32
9.0,degree_centrality,0.4693877551020408,sequential_ollama/gemma4:26b_w_reason,22
9.0,degree_centrality,0.3877551020408163,sequential_ollama/gemma4:26b_w_reason,42
9.0,degree_centrality,0.36734693877551017,sequential_ollama/gemma4:26b_w_reason,49
9.0,betweenness_centrality,0.001383754856685837,sequential_ollama/gemma4:26b_w_reason,21
9.0,betweenness_centrality,0.00024166889909154555,sequential_ollama/gemma4:26b_w_reason,16
9.0,betweenness_centrality,0.0008731401845497016,sequential_ollama/gemma4:26b_w_reason,19
9.0,betweenness_centrality,0.0011266281964979522,sequential_ollama/gemma4:26b_w_reason,39
9.0,betweenness_centrality,0.001383754856685837,sequential_ollama/gemma4:26b_w_reason,14
9.0,betweenness_centrality,0.0008731401845497016,sequential_ollama/gemma4:26b_w_reason,33
9.0,betweenness_centrality,0.0008820723288359873,sequential_ollama/gemma4:26b_w_reason,25
9.0,betweenness_centrality,0.001383754856685837,sequential_ollama/gemma4:26b_w_reason,23
9.0,betweenness_centrality,0.0010315310840157876,sequential_ollama/gemma4:26b_w_reason,43
9.0,betweenness_centrality,0.0005345390233317179,sequential_ollama/gemma4:26b_w_reason,24
9.0,betweenness_centrality,0.10519217492715568,sequential_ollama/gemma4:26b_w_reason,18
9.0,betweenness_centrality,0.001383754856685837,sequential_ollama/gemma4:26b_w_reason,48
9.0,betweenness_centrality,0.001383754856685837,sequential_ollama/gemma4:26b_w_reason,35
9.0,betweenness_centrality,0.001383754856685837,sequential_ollama/gemma4:26b_w_reason,1
9.0,betweenness_centrality,0.0008731401845497016,sequential_ollama/gemma4:26b_w_reason,45
9.0,betweenness_centrality,0.11364044273623433,sequential_ollama/gemma4:26b_w_reason,3
9.0,betweenness_centrality,0.001383754856685837,sequential_ollama/gemma4:26b_w_reason,47
9.0,betweenness_centrality,0.0008731401845497016,sequential_ollama/gemma4:26b_w_reason,17
9.0,betweenness_centrality,0.25291952888561037,sequential_ollama/gemma4:26b_w_reason,30
9.0,betweenness_centrality,0.00024593125566324693,sequential_ollama/gemma4:26b_w_reason,41
9.0,betweenness_centrality,0.0008731401845497016,sequential_ollama/gemma4:26b_w_reason,12
9.0,betweenness_centrality,0.00042219268659844894,sequential_ollama/gemma4:26b_w_reason,36
9.0,betweenness_centrality,0.001383754856685837,sequential_ollama/gemma4:26b_w_reason,40
9.0,betweenness_centrality,0.0008820723288359873,sequential_ollama/gemma4:26b_w_reason,6
9.0,betweenness_centrality,0.001383754856685837,sequential_ollama/gemma4:26b_w_reason,2
9.0,betweenness_centrality,0.0001566348854861034,sequential_ollama/gemma4:26b_w_reason,9
9.0,betweenness_centrality,0.0005587330736320723,sequential_ollama/gemma4:26b_w_reason,37
9.0,betweenness_centrality,0.0009900459496596764,sequential_ollama/gemma4:26b_w_reason,27
9.0,betweenness_centrality,0.0009900459496596764,sequential_ollama/gemma4:26b_w_reason,13
9.0,betweenness_centrality,0.00027180462828406215,sequential_ollama/gemma4:26b_w_reason,7
9.0,betweenness_centrality,0.0008549919280510328,sequential_ollama/gemma4:26b_w_reason,8
9.0,betweenness_centrality,0.0009900459496596764,sequential_ollama/gemma4:26b_w_reason,38
9.0,betweenness_centrality,0.00027180462828406215,sequential_ollama/gemma4:26b_w_reason,15
9.0,betweenness_centrality,0.2372481171707101,sequential_ollama/gemma4:26b_w_reason,0
9.0,betweenness_centrality,0.0009900459496596764,sequential_ollama/gemma4:26b_w_reason,5
9.0,betweenness_centrality,0.0008032753349810563,sequential_ollama/gemma4:26b_w_reason,28
9.0,betweenness_centrality,0.0009900459496596764,sequential_ollama/gemma4:26b_w_reason,4
9.0,betweenness_centrality,0.0008032753349810563,sequential_ollama/gemma4:26b_w_reason,11
9.0,betweenness_centrality,0.2524066835532418,sequential_ollama/gemma4:26b_w_reason,10
9.0,betweenness_centrality,0.0008549919280510328,sequential_ollama/gemma4:26b_w_reason,31
9.0,betweenness_centrality,0.0009900459496596764,sequential_ollama/gemma4:26b_w_reason,20
9.0,betweenness_centrality,0.0005163468896330462,sequential_ollama/gemma4:26b_w_reason,26
9.0,betweenness_centrality,0.000745503688310692,sequential_ollama/gemma4:26b_w_reason,44
9.0,betweenness_centrality,0.0009900459496596764,sequential_ollama/gemma4:26b_w_reason,34
9.0,betweenness_centrality,0.000718241321375614,sequential_ollama/gemma4:26b_w_reason,46
9.0,betweenness_centrality,0.0009900459496596764,sequential_ollama/gemma4:26b_w_reason,29
9.0,betweenness_centrality,0.000745503688310692,sequential_ollama/gemma4:26b_w_reason,32
9.0,betweenness_centrality,0.0009900459496596764,sequential_ollama/gemma4:26b_w_reason,22
9.0,betweenness_centrality,0.0006682213133724129,sequential_ollama/gemma4:26b_w_reason,42
9.0,betweenness_centrality,0.0003775202376204746,sequential_ollama/gemma4:26b_w_reason,49
9.0,closeness_centrality,0.5157894736842106,sequential_ollama/gemma4:26b_w_reason,21
9.0,closeness_centrality,0.494949494949495,sequential_ollama/gemma4:26b_w_reason,16
9.0,closeness_centrality,0.5104166666666666,sequential_ollama/gemma4:26b_w_reason,19
9.0,closeness_centrality,0.5104166666666666,sequential_ollama/gemma4:26b_w_reason,39
9.0,closeness_centrality,0.5157894736842106,sequential_ollama/gemma4:26b_w_reason,14
9.0,closeness_centrality,0.5104166666666666,sequential_ollama/gemma4:26b_w_reason,33
9.0,closeness_centrality,0.5104166666666666,sequential_ollama/gemma4:26b_w_reason,25
9.0,closeness_centrality,0.5157894736842106,sequential_ollama/gemma4:26b_w_reason,23
9.0,closeness_centrality,0.48514851485148514,sequential_ollama/gemma4:26b_w_reason,43
9.0,closeness_centrality,0.5,sequential_ollama/gemma4:26b_w_reason,24
9.0,closeness_centrality,0.5903614457831325,sequential_ollama/gemma4:26b_w_reason,18
9.0,closeness_centrality,0.5157894736842106,sequential_ollama/gemma4:26b_w_reason,48
9.0,closeness_centrality,0.5157894736842106,sequential_ollama/gemma4:26b_w_reason,35
9.0,closeness_centrality,0.5157894736842106,sequential_ollama/gemma4:26b_w_reason,1
9.0,closeness_centrality,0.5104166666666666,sequential_ollama/gemma4:26b_w_reason,45
9.0,closeness_centrality,0.5903614457831325,sequential_ollama/gemma4:26b_w_reason,3
9.0,closeness_centrality,0.5157894736842106,sequential_ollama/gemma4:26b_w_reason,47
9.0,closeness_centrality,0.5104166666666666,sequential_ollama/gemma4:26b_w_reason,17
9.0,closeness_centrality,0.6621621621621622,sequential_ollama/gemma4:26b_w_reason,30
9.0,closeness_centrality,0.49,sequential_ollama/gemma4:26b_w_reason,41
9.0,closeness_centrality,0.5104166666666666,sequential_ollama/gemma4:26b_w_reason,12
9.0,closeness_centrality,0.494949494949495,sequential_ollama/gemma4:26b_w_reason,36
9.0,closeness_centrality,0.5157894736842106,sequential_ollama/gemma4:26b_w_reason,40
9.0,closeness_centrality,0.5104166666666666,sequential_ollama/gemma4:26b_w_reason,6
9.0,closeness_centrality,0.5157894736842106,sequential_ollama/gemma4:26b_w_reason,2
9.0,closeness_centrality,0.49,sequential_ollama/gemma4:26b_w_reason,9
9.0,closeness_centrality,0.49,sequential_ollama/gemma4:26b_w_reason,37
9.0,closeness_centrality,0.5,sequential_ollama/gemma4:26b_w_reason,27
9.0,closeness_centrality,0.5,sequential_ollama/gemma4:26b_w_reason,13
9.0,closeness_centrality,0.47572815533980584,sequential_ollama/gemma4:26b_w_reason,7
9.0,closeness_centrality,0.494949494949495,sequential_ollama/gemma4:26b_w_reason,8
9.0,closeness_centrality,0.5,sequential_ollama/gemma4:26b_w_reason,38
9.0,closeness_centrality,0.47572815533980584,sequential_ollama/gemma4:26b_w_reason,15
9.0,closeness_centrality,0.620253164556962,sequential_ollama/gemma4:26b_w_reason,0
9.0,closeness_centrality,0.5,sequential_ollama/gemma4:26b_w_reason,5
9.0,closeness_centrality,0.494949494949495,sequential_ollama/gemma4:26b_w_reason,28
9.0,closeness_centrality,0.5,sequential_ollama/gemma4:26b_w_reason,4
9.0,closeness_centrality,0.494949494949495,sequential_ollama/gemma4:26b_w_reason,11
9.0,closeness_centrality,0.6533333333333333,sequential_ollama/gemma4:26b_w_reason,10
9.0,closeness_centrality,0.494949494949495,sequential_ollama/gemma4:26b_w_reason,31
9.0,closeness_centrality,0.5,sequential_ollama/gemma4:26b_w_reason,20
9.0,closeness_centrality,0.4803921568627451,sequential_ollama/gemma4:26b_w_reason,26
9.0,closeness_centrality,0.494949494949495,sequential_ollama/gemma4:26b_w_reason,44
9.0,closeness_centrality,0.5,sequential_ollama/gemma4:26b_w_reason,34
9.0,closeness_centrality,0.48514851485148514,sequential_ollama/gemma4:26b_w_reason,46
9.0,closeness_centrality,0.5,sequential_ollama/gemma4:26b_w_reason,29
9.0,closeness_centrality,0.494949494949495,sequential_ollama/gemma4:26b_w_reason,32
9.0,closeness_centrality,0.5,sequential_ollama/gemma4:26b_w_reason,22
9.0,closeness_centrality,0.4803921568627451,sequential_ollama/gemma4:26b_w_reason,42
9.0,closeness_centrality,0.47572815533980584,sequential_ollama/gemma4:26b_w_reason,49
