graph_nr,metric_name,_metric_value,save_name,node
0.0,density,0.3510204081632653,sequential_ollama/qwen3.5:27b_w_interests,
0.0,avg_clustering_coef,0.835788023660281,sequential_ollama/qwen3.5:27b_w_interests,
0.0,prop_nodes_lcc,1.0,sequential_ollama/qwen3.5:27b_w_interests,
0.0,radius,0.7668666559059943,sequential_ollama/qwen3.5:27b_w_interests,
0.0,diameter,1.0224888745413259,sequential_ollama/qwen3.5:27b_w_interests,
0.0,avg_shortest_path,0.5715504137487126,sequential_ollama/qwen3.5:27b_w_interests,
0.0,modularity,0.4953272038939967,sequential_ollama/qwen3.5:27b_w_interests,
1.0,density,0.3616326530612245,sequential_ollama/qwen3.5:27b_w_interests,
1.0,avg_clustering_coef,0.8800106170597622,sequential_ollama/qwen3.5:27b_w_interests,
1.0,prop_nodes_lcc,1.0,sequential_ollama/qwen3.5:27b_w_interests,
1.0,radius,0.7668666559059943,sequential_ollama/qwen3.5:27b_w_interests,
1.0,diameter,1.2781110931766573,sequential_ollama/qwen3.5:27b_w_interests,
1.0,avg_shortest_path,0.5671683185721068,sequential_ollama/qwen3.5:27b_w_interests,
1.0,modularity,0.5036739040708487,sequential_ollama/qwen3.5:27b_w_interests,
2.0,density,0.356734693877551,sequential_ollama/qwen3.5:27b_w_interests,
2.0,avg_clustering_coef,0.8576283557231867,sequential_ollama/qwen3.5:27b_w_interests,
2.0,prop_nodes_lcc,1.0,sequential_ollama/qwen3.5:27b_w_interests,
2.0,radius,0.5112444372706629,sequential_ollama/qwen3.5:27b_w_interests,
2.0,diameter,1.0224888745413259,sequential_ollama/qwen3.5:27b_w_interests,
2.0,avg_shortest_path,0.5621602097988433,sequential_ollama/qwen3.5:27b_w_interests,
2.0,modularity,0.497842581780289,sequential_ollama/qwen3.5:27b_w_interests,
3.0,density,0.3461224489795918,sequential_ollama/qwen3.5:27b_w_interests,
3.0,avg_clustering_coef,0.8184813568821511,sequential_ollama/qwen3.5:27b_w_interests,
3.0,prop_nodes_lcc,1.0,sequential_ollama/qwen3.5:27b_w_interests,
3.0,radius,0.5112444372706629,sequential_ollama/qwen3.5:27b_w_interests,
3.0,diameter,1.0224888745413259,sequential_ollama/qwen3.5:27b_w_interests,
3.0,avg_shortest_path,0.5314855435626035,sequential_ollama/qwen3.5:27b_w_interests,
3.0,modularity,0.49549717426130285,sequential_ollama/qwen3.5:27b_w_interests,
4.0,density,0.3395918367346939,sequential_ollama/qwen3.5:27b_w_interests,
4.0,avg_clustering_coef,0.8451544638637114,sequential_ollama/qwen3.5:27b_w_interests,
4.0,prop_nodes_lcc,1.0,sequential_ollama/qwen3.5:27b_w_interests,
4.0,radius,0.7668666559059943,sequential_ollama/qwen3.5:27b_w_interests,
4.0,diameter,1.0224888745413259,sequential_ollama/qwen3.5:27b_w_interests,
4.0,avg_shortest_path,0.538371693125841,sequential_ollama/qwen3.5:27b_w_interests,
4.0,modularity,0.49820578309911245,sequential_ollama/qwen3.5:27b_w_interests,
5.0,density,0.32979591836734695,sequential_ollama/qwen3.5:27b_w_interests,
5.0,avg_clustering_coef,0.812376118527081,sequential_ollama/qwen3.5:27b_w_interests,
5.0,prop_nodes_lcc,1.0,sequential_ollama/qwen3.5:27b_w_interests,
5.0,radius,0.7668666559059943,sequential_ollama/qwen3.5:27b_w_interests,
5.0,diameter,1.0224888745413259,sequential_ollama/qwen3.5:27b_w_interests,
5.0,avg_shortest_path,0.5581954570200095,sequential_ollama/qwen3.5:27b_w_interests,
5.0,modularity,0.4702572051759631,sequential_ollama/qwen3.5:27b_w_interests,
6.0,density,0.36081632653061224,sequential_ollama/qwen3.5:27b_w_interests,
6.0,avg_clustering_coef,0.8361375158844535,sequential_ollama/qwen3.5:27b_w_interests,
6.0,prop_nodes_lcc,1.0,sequential_ollama/qwen3.5:27b_w_interests,
6.0,radius,0.5112444372706629,sequential_ollama/qwen3.5:27b_w_interests,
6.0,diameter,1.0224888745413259,sequential_ollama/qwen3.5:27b_w_interests,
6.0,avg_shortest_path,0.536910994733639,sequential_ollama/qwen3.5:27b_w_interests,
6.0,modularity,0.488224544951987,sequential_ollama/qwen3.5:27b_w_interests,
7.0,density,0.31265306122448977,sequential_ollama/qwen3.5:27b_w_interests,
7.0,avg_clustering_coef,0.823936487489119,sequential_ollama/qwen3.5:27b_w_interests,
7.0,prop_nodes_lcc,1.0,sequential_ollama/qwen3.5:27b_w_interests,
7.0,radius,0.7668666559059943,sequential_ollama/qwen3.5:27b_w_interests,
7.0,diameter,1.2781110931766573,sequential_ollama/qwen3.5:27b_w_interests,
7.0,avg_shortest_path,0.6024337511838382,sequential_ollama/qwen3.5:27b_w_interests,
7.0,modularity,0.5067489723155792,sequential_ollama/qwen3.5:27b_w_interests,
8.0,density,0.3461224489795918,sequential_ollama/qwen3.5:27b_w_interests,
8.0,avg_clustering_coef,0.8218325177970353,sequential_ollama/qwen3.5:27b_w_interests,
8.0,prop_nodes_lcc,1.0,sequential_ollama/qwen3.5:27b_w_interests,
8.0,radius,0.5112444372706629,sequential_ollama/qwen3.5:27b_w_interests,
8.0,diameter,1.0224888745413259,sequential_ollama/qwen3.5:27b_w_interests,
8.0,avg_shortest_path,0.5054016437018554,sequential_ollama/qwen3.5:27b_w_interests,
8.0,modularity,0.4841997819508722,sequential_ollama/qwen3.5:27b_w_interests,
9.0,density,0.3689795918367347,sequential_ollama/qwen3.5:27b_w_interests,
9.0,avg_clustering_coef,0.8717280607761473,sequential_ollama/qwen3.5:27b_w_interests,
9.0,prop_nodes_lcc,1.0,sequential_ollama/qwen3.5:27b_w_interests,
9.0,radius,0.5112444372706629,sequential_ollama/qwen3.5:27b_w_interests,
9.0,diameter,0.7668666559059943,sequential_ollama/qwen3.5:27b_w_interests,
9.0,avg_shortest_path,0.42276784894300534,sequential_ollama/qwen3.5:27b_w_interests,
9.0,modularity,0.4508257302842822,sequential_ollama/qwen3.5:27b_w_interests,
0.0,degree_centrality,0.42857142857142855,sequential_ollama/qwen3.5:27b_w_interests,28
0.0,degree_centrality,0.44897959183673464,sequential_ollama/qwen3.5:27b_w_interests,10
0.0,degree_centrality,0.42857142857142855,sequential_ollama/qwen3.5:27b_w_interests,5
0.0,degree_centrality,0.4081632653061224,sequential_ollama/qwen3.5:27b_w_interests,34
0.0,degree_centrality,0.44897959183673464,sequential_ollama/qwen3.5:27b_w_interests,13
0.0,degree_centrality,0.36734693877551017,sequential_ollama/qwen3.5:27b_w_interests,4
0.0,degree_centrality,0.4081632653061224,sequential_ollama/qwen3.5:27b_w_interests,46
0.0,degree_centrality,0.42857142857142855,sequential_ollama/qwen3.5:27b_w_interests,31
0.0,degree_centrality,0.26530612244897955,sequential_ollama/qwen3.5:27b_w_interests,29
0.0,degree_centrality,0.42857142857142855,sequential_ollama/qwen3.5:27b_w_interests,22
0.0,degree_centrality,0.3877551020408163,sequential_ollama/qwen3.5:27b_w_interests,32
0.0,degree_centrality,0.3877551020408163,sequential_ollama/qwen3.5:27b_w_interests,42
0.0,degree_centrality,0.44897959183673464,sequential_ollama/qwen3.5:27b_w_interests,38
0.0,degree_centrality,0.3877551020408163,sequential_ollama/qwen3.5:27b_w_interests,15
0.0,degree_centrality,0.42857142857142855,sequential_ollama/qwen3.5:27b_w_interests,8
0.0,degree_centrality,0.44897959183673464,sequential_ollama/qwen3.5:27b_w_interests,11
0.0,degree_centrality,0.42857142857142855,sequential_ollama/qwen3.5:27b_w_interests,7
0.0,degree_centrality,0.3469387755102041,sequential_ollama/qwen3.5:27b_w_interests,37
0.0,degree_centrality,0.44897959183673464,sequential_ollama/qwen3.5:27b_w_interests,44
0.0,degree_centrality,0.26530612244897955,sequential_ollama/qwen3.5:27b_w_interests,27
0.0,degree_centrality,0.3877551020408163,sequential_ollama/qwen3.5:27b_w_interests,49
0.0,degree_centrality,0.22448979591836732,sequential_ollama/qwen3.5:27b_w_interests,20
0.0,degree_centrality,0.32653061224489793,sequential_ollama/qwen3.5:27b_w_interests,26
0.0,degree_centrality,0.12244897959183673,sequential_ollama/qwen3.5:27b_w_interests,0
0.0,degree_centrality,0.44897959183673464,sequential_ollama/qwen3.5:27b_w_interests,41
0.0,degree_centrality,0.3061224489795918,sequential_ollama/qwen3.5:27b_w_interests,16
0.0,degree_centrality,0.32653061224489793,sequential_ollama/qwen3.5:27b_w_interests,24
0.0,degree_centrality,0.3061224489795918,sequential_ollama/qwen3.5:27b_w_interests,1
0.0,degree_centrality,0.4081632653061224,sequential_ollama/qwen3.5:27b_w_interests,9
0.0,degree_centrality,0.24489795918367346,sequential_ollama/qwen3.5:27b_w_interests,40
0.0,degree_centrality,0.36734693877551017,sequential_ollama/qwen3.5:27b_w_interests,25
0.0,degree_centrality,0.2857142857142857,sequential_ollama/qwen3.5:27b_w_interests,43
0.0,degree_centrality,0.3877551020408163,sequential_ollama/qwen3.5:27b_w_interests,19
0.0,degree_centrality,0.3469387755102041,sequential_ollama/qwen3.5:27b_w_interests,21
0.0,degree_centrality,0.42857142857142855,sequential_ollama/qwen3.5:27b_w_interests,33
0.0,degree_centrality,0.4081632653061224,sequential_ollama/qwen3.5:27b_w_interests,30
0.0,degree_centrality,0.36734693877551017,sequential_ollama/qwen3.5:27b_w_interests,47
0.0,degree_centrality,0.42857142857142855,sequential_ollama/qwen3.5:27b_w_interests,35
0.0,degree_centrality,0.42857142857142855,sequential_ollama/qwen3.5:27b_w_interests,17
0.0,degree_centrality,0.2857142857142857,sequential_ollama/qwen3.5:27b_w_interests,6
0.0,degree_centrality,0.14285714285714285,sequential_ollama/qwen3.5:27b_w_interests,23
0.0,degree_centrality,0.4081632653061224,sequential_ollama/qwen3.5:27b_w_interests,36
0.0,degree_centrality,0.3469387755102041,sequential_ollama/qwen3.5:27b_w_interests,12
0.0,degree_centrality,0.4081632653061224,sequential_ollama/qwen3.5:27b_w_interests,48
0.0,degree_centrality,0.2857142857142857,sequential_ollama/qwen3.5:27b_w_interests,2
0.0,degree_centrality,0.4693877551020408,sequential_ollama/qwen3.5:27b_w_interests,18
0.0,degree_centrality,0.3877551020408163,sequential_ollama/qwen3.5:27b_w_interests,45
0.0,degree_centrality,0.08163265306122448,sequential_ollama/qwen3.5:27b_w_interests,14
0.0,degree_centrality,0.08163265306122448,sequential_ollama/qwen3.5:27b_w_interests,39
0.0,degree_centrality,0.061224489795918366,sequential_ollama/qwen3.5:27b_w_interests,3
0.0,betweenness_centrality,0.004431681026118142,sequential_ollama/qwen3.5:27b_w_interests,28
0.0,betweenness_centrality,0.027382799844119888,sequential_ollama/qwen3.5:27b_w_interests,10
0.0,betweenness_centrality,0.0030404465991694307,sequential_ollama/qwen3.5:27b_w_interests,5
0.0,betweenness_centrality,0.000923889855087334,sequential_ollama/qwen3.5:27b_w_interests,34
0.0,betweenness_centrality,0.004833684776336178,sequential_ollama/qwen3.5:27b_w_interests,13
0.0,betweenness_centrality,0.0005604431943717657,sequential_ollama/qwen3.5:27b_w_interests,4
0.0,betweenness_centrality,0.01866508549441591,sequential_ollama/qwen3.5:27b_w_interests,46
0.0,betweenness_centrality,0.0038256319825690985,sequential_ollama/qwen3.5:27b_w_interests,31
0.0,betweenness_centrality,4.724111866969009e-05,sequential_ollama/qwen3.5:27b_w_interests,29
0.0,betweenness_centrality,0.0027171280322540814,sequential_ollama/qwen3.5:27b_w_interests,22
0.0,betweenness_centrality,0.0024614129726733976,sequential_ollama/qwen3.5:27b_w_interests,32
0.0,betweenness_centrality,0.0008199593940140157,sequential_ollama/qwen3.5:27b_w_interests,42
0.0,betweenness_centrality,0.004833684776336178,sequential_ollama/qwen3.5:27b_w_interests,38
0.0,betweenness_centrality,0.0006069201184747403,sequential_ollama/qwen3.5:27b_w_interests,15
0.0,betweenness_centrality,0.0038256319825690985,sequential_ollama/qwen3.5:27b_w_interests,8
0.0,betweenness_centrality,0.004833684776336178,sequential_ollama/qwen3.5:27b_w_interests,11
0.0,betweenness_centrality,0.29364470776102847,sequential_ollama/qwen3.5:27b_w_interests,7
0.0,betweenness_centrality,0.014127500466509757,sequential_ollama/qwen3.5:27b_w_interests,37
0.0,betweenness_centrality,0.028499477057123798,sequential_ollama/qwen3.5:27b_w_interests,44
0.0,betweenness_centrality,0.048808730285564456,sequential_ollama/qwen3.5:27b_w_interests,27
0.0,betweenness_centrality,0.0030153399170249322,sequential_ollama/qwen3.5:27b_w_interests,49
0.0,betweenness_centrality,0.00031848820114126235,sequential_ollama/qwen3.5:27b_w_interests,20
0.0,betweenness_centrality,0.0013943087805692055,sequential_ollama/qwen3.5:27b_w_interests,26
0.0,betweenness_centrality,0.12575283283449776,sequential_ollama/qwen3.5:27b_w_interests,0
0.0,betweenness_centrality,0.01756496927614716,sequential_ollama/qwen3.5:27b_w_interests,41
0.0,betweenness_centrality,0.0013534215373010102,sequential_ollama/qwen3.5:27b_w_interests,16
0.0,betweenness_centrality,0.0033316645031890336,sequential_ollama/qwen3.5:27b_w_interests,24
0.0,betweenness_centrality,0.0005684199045918734,sequential_ollama/qwen3.5:27b_w_interests,1
0.0,betweenness_centrality,0.00952613178209009,sequential_ollama/qwen3.5:27b_w_interests,9
0.0,betweenness_centrality,0.00035779204683608547,sequential_ollama/qwen3.5:27b_w_interests,40
0.0,betweenness_centrality,0.007874634156396861,sequential_ollama/qwen3.5:27b_w_interests,25
0.0,betweenness_centrality,0.0007192486970582419,sequential_ollama/qwen3.5:27b_w_interests,43
0.0,betweenness_centrality,0.0017226550060242746,sequential_ollama/qwen3.5:27b_w_interests,19
0.0,betweenness_centrality,0.0009598360034093537,sequential_ollama/qwen3.5:27b_w_interests,21
0.0,betweenness_centrality,0.011419544963768577,sequential_ollama/qwen3.5:27b_w_interests,33
0.0,betweenness_centrality,0.009825619709129034,sequential_ollama/qwen3.5:27b_w_interests,30
0.0,betweenness_centrality,0.00624505679983463,sequential_ollama/qwen3.5:27b_w_interests,47
0.0,betweenness_centrality,0.056480926362941664,sequential_ollama/qwen3.5:27b_w_interests,35
0.0,betweenness_centrality,0.011419544963768577,sequential_ollama/qwen3.5:27b_w_interests,17
0.0,betweenness_centrality,0.29424117777294556,sequential_ollama/qwen3.5:27b_w_interests,6
0.0,betweenness_centrality,0.021966630333792987,sequential_ollama/qwen3.5:27b_w_interests,23
0.0,betweenness_centrality,0.009849157679095577,sequential_ollama/qwen3.5:27b_w_interests,36
0.0,betweenness_centrality,0.0013085424745648043,sequential_ollama/qwen3.5:27b_w_interests,12
0.0,betweenness_centrality,0.00952613178209009,sequential_ollama/qwen3.5:27b_w_interests,48
0.0,betweenness_centrality,0.0005752307330998017,sequential_ollama/qwen3.5:27b_w_interests,2
0.0,betweenness_centrality,0.1498631942649517,sequential_ollama/qwen3.5:27b_w_interests,18
0.0,betweenness_centrality,0.008371730627688931,sequential_ollama/qwen3.5:27b_w_interests,45
0.0,betweenness_centrality,0.050395829286003786,sequential_ollama/qwen3.5:27b_w_interests,14
0.0,betweenness_centrality,0.0025771640726997866,sequential_ollama/qwen3.5:27b_w_interests,39
0.0,betweenness_centrality,0.0,sequential_ollama/qwen3.5:27b_w_interests,3
0.0,closeness_centrality,0.44545454545454544,sequential_ollama/qwen3.5:27b_w_interests,28
0.0,closeness_centrality,0.494949494949495,sequential_ollama/qwen3.5:27b_w_interests,10
0.0,closeness_centrality,0.44545454545454544,sequential_ollama/qwen3.5:27b_w_interests,5
0.0,closeness_centrality,0.4336283185840708,sequential_ollama/qwen3.5:27b_w_interests,34
0.0,closeness_centrality,0.44954128440366975,sequential_ollama/qwen3.5:27b_w_interests,13
0.0,closeness_centrality,0.4260869565217391,sequential_ollama/qwen3.5:27b_w_interests,4
0.0,closeness_centrality,0.4803921568627451,sequential_ollama/qwen3.5:27b_w_interests,46
0.0,closeness_centrality,0.44545454545454544,sequential_ollama/qwen3.5:27b_w_interests,31
0.0,closeness_centrality,0.4083333333333333,sequential_ollama/qwen3.5:27b_w_interests,29
0.0,closeness_centrality,0.4375,sequential_ollama/qwen3.5:27b_w_interests,22
0.0,closeness_centrality,0.4375,sequential_ollama/qwen3.5:27b_w_interests,32
0.0,closeness_centrality,0.4298245614035088,sequential_ollama/qwen3.5:27b_w_interests,42
0.0,closeness_centrality,0.44954128440366975,sequential_ollama/qwen3.5:27b_w_interests,38
0.0,closeness_centrality,0.4298245614035088,sequential_ollama/qwen3.5:27b_w_interests,15
0.0,closeness_centrality,0.44545454545454544,sequential_ollama/qwen3.5:27b_w_interests,8
0.0,closeness_centrality,0.44954128440366975,sequential_ollama/qwen3.5:27b_w_interests,11
0.0,closeness_centrality,0.550561797752809,sequential_ollama/qwen3.5:27b_w_interests,7
0.0,closeness_centrality,0.4666666666666667,sequential_ollama/qwen3.5:27b_w_interests,37
0.0,closeness_centrality,0.49,sequential_ollama/qwen3.5:27b_w_interests,44
0.0,closeness_centrality,0.4537037037037037,sequential_ollama/qwen3.5:27b_w_interests,27
0.0,closeness_centrality,0.4375,sequential_ollama/qwen3.5:27b_w_interests,49
0.0,closeness_centrality,0.3712121212121212,sequential_ollama/qwen3.5:27b_w_interests,20
0.0,closeness_centrality,0.4260869565217391,sequential_ollama/qwen3.5:27b_w_interests,26
0.0,closeness_centrality,0.5268817204301075,sequential_ollama/qwen3.5:27b_w_interests,0
0.0,closeness_centrality,0.494949494949495,sequential_ollama/qwen3.5:27b_w_interests,41
0.0,closeness_centrality,0.3983739837398374,sequential_ollama/qwen3.5:27b_w_interests,16
0.0,closeness_centrality,0.4666666666666667,sequential_ollama/qwen3.5:27b_w_interests,24
0.0,closeness_centrality,0.3769230769230769,sequential_ollama/qwen3.5:27b_w_interests,1
0.0,closeness_centrality,0.48514851485148514,sequential_ollama/qwen3.5:27b_w_interests,9
0.0,closeness_centrality,0.3888888888888889,sequential_ollama/qwen3.5:27b_w_interests,40
0.0,closeness_centrality,0.4666666666666667,sequential_ollama/qwen3.5:27b_w_interests,25
0.0,closeness_centrality,0.3951612903225806,sequential_ollama/qwen3.5:27b_w_interests,43
0.0,closeness_centrality,0.4117647058823529,sequential_ollama/qwen3.5:27b_w_interests,19
0.0,closeness_centrality,0.4049586776859504,sequential_ollama/qwen3.5:27b_w_interests,21
0.0,closeness_centrality,0.49,sequential_ollama/qwen3.5:27b_w_interests,33
0.0,closeness_centrality,0.48514851485148514,sequential_ollama/qwen3.5:27b_w_interests,30
0.0,closeness_centrality,0.47572815533980584,sequential_ollama/qwen3.5:27b_w_interests,47
0.0,closeness_centrality,0.5,sequential_ollama/qwen3.5:27b_w_interests,35
0.0,closeness_centrality,0.49,sequential_ollama/qwen3.5:27b_w_interests,17
0.0,closeness_centrality,0.5697674418604651,sequential_ollama/qwen3.5:27b_w_interests,6
0.0,closeness_centrality,0.44954128440366975,sequential_ollama/qwen3.5:27b_w_interests,23
0.0,closeness_centrality,0.48514851485148514,sequential_ollama/qwen3.5:27b_w_interests,36
0.0,closeness_centrality,0.4049586776859504,sequential_ollama/qwen3.5:27b_w_interests,12
0.0,closeness_centrality,0.48514851485148514,sequential_ollama/qwen3.5:27b_w_interests,48
0.0,closeness_centrality,0.3951612903225806,sequential_ollama/qwen3.5:27b_w_interests,2
0.0,closeness_centrality,0.5268817204301075,sequential_ollama/qwen3.5:27b_w_interests,18
0.0,closeness_centrality,0.4803921568627451,sequential_ollama/qwen3.5:27b_w_interests,45
0.0,closeness_centrality,0.4666666666666667,sequential_ollama/qwen3.5:27b_w_interests,14
0.0,closeness_centrality,0.3983739837398374,sequential_ollama/qwen3.5:27b_w_interests,39
0.0,closeness_centrality,0.3602941176470588,sequential_ollama/qwen3.5:27b_w_interests,3
1.0,degree_centrality,0.42857142857142855,sequential_ollama/qwen3.5:27b_w_interests,27
1.0,degree_centrality,0.44897959183673464,sequential_ollama/qwen3.5:27b_w_interests,26
1.0,degree_centrality,0.44897959183673464,sequential_ollama/qwen3.5:27b_w_interests,5
1.0,degree_centrality,0.44897959183673464,sequential_ollama/qwen3.5:27b_w_interests,8
1.0,degree_centrality,0.5102040816326531,sequential_ollama/qwen3.5:27b_w_interests,14
1.0,degree_centrality,0.42857142857142855,sequential_ollama/qwen3.5:27b_w_interests,28
1.0,degree_centrality,0.42857142857142855,sequential_ollama/qwen3.5:27b_w_interests,10
1.0,degree_centrality,0.44897959183673464,sequential_ollama/qwen3.5:27b_w_interests,13
1.0,degree_centrality,0.44897959183673464,sequential_ollama/qwen3.5:27b_w_interests,46
1.0,degree_centrality,0.2857142857142857,sequential_ollama/qwen3.5:27b_w_interests,20
1.0,degree_centrality,0.44897959183673464,sequential_ollama/qwen3.5:27b_w_interests,4
1.0,degree_centrality,0.44897959183673464,sequential_ollama/qwen3.5:27b_w_interests,11
1.0,degree_centrality,0.42857142857142855,sequential_ollama/qwen3.5:27b_w_interests,42
1.0,degree_centrality,0.4081632653061224,sequential_ollama/qwen3.5:27b_w_interests,38
1.0,degree_centrality,0.42857142857142855,sequential_ollama/qwen3.5:27b_w_interests,7
1.0,degree_centrality,0.4081632653061224,sequential_ollama/qwen3.5:27b_w_interests,34
1.0,degree_centrality,0.3877551020408163,sequential_ollama/qwen3.5:27b_w_interests,31
1.0,degree_centrality,0.42857142857142855,sequential_ollama/qwen3.5:27b_w_interests,15
1.0,degree_centrality,0.4081632653061224,sequential_ollama/qwen3.5:27b_w_interests,37
1.0,degree_centrality,0.3877551020408163,sequential_ollama/qwen3.5:27b_w_interests,49
1.0,degree_centrality,0.42857142857142855,sequential_ollama/qwen3.5:27b_w_interests,44
1.0,degree_centrality,0.44897959183673464,sequential_ollama/qwen3.5:27b_w_interests,22
1.0,degree_centrality,0.3469387755102041,sequential_ollama/qwen3.5:27b_w_interests,35
1.0,degree_centrality,0.42857142857142855,sequential_ollama/qwen3.5:27b_w_interests,30
1.0,degree_centrality,0.4081632653061224,sequential_ollama/qwen3.5:27b_w_interests,45
1.0,degree_centrality,0.42857142857142855,sequential_ollama/qwen3.5:27b_w_interests,12
1.0,degree_centrality,0.3877551020408163,sequential_ollama/qwen3.5:27b_w_interests,19
1.0,degree_centrality,0.3877551020408163,sequential_ollama/qwen3.5:27b_w_interests,1
1.0,degree_centrality,0.3469387755102041,sequential_ollama/qwen3.5:27b_w_interests,43
1.0,degree_centrality,0.3877551020408163,sequential_ollama/qwen3.5:27b_w_interests,25
1.0,degree_centrality,0.36734693877551017,sequential_ollama/qwen3.5:27b_w_interests,2
1.0,degree_centrality,0.4081632653061224,sequential_ollama/qwen3.5:27b_w_interests,16
1.0,degree_centrality,0.2857142857142857,sequential_ollama/qwen3.5:27b_w_interests,21
1.0,degree_centrality,0.3877551020408163,sequential_ollama/qwen3.5:27b_w_interests,17
1.0,degree_centrality,0.2857142857142857,sequential_ollama/qwen3.5:27b_w_interests,36
1.0,degree_centrality,0.36734693877551017,sequential_ollama/qwen3.5:27b_w_interests,9
1.0,degree_centrality,0.4693877551020408,sequential_ollama/qwen3.5:27b_w_interests,33
1.0,degree_centrality,0.08163265306122448,sequential_ollama/qwen3.5:27b_w_interests,23
1.0,degree_centrality,0.36734693877551017,sequential_ollama/qwen3.5:27b_w_interests,48
1.0,degree_centrality,0.2040816326530612,sequential_ollama/qwen3.5:27b_w_interests,40
1.0,degree_centrality,0.4081632653061224,sequential_ollama/qwen3.5:27b_w_interests,47
1.0,degree_centrality,0.22448979591836732,sequential_ollama/qwen3.5:27b_w_interests,6
1.0,degree_centrality,0.4081632653061224,sequential_ollama/qwen3.5:27b_w_interests,24
1.0,degree_centrality,0.32653061224489793,sequential_ollama/qwen3.5:27b_w_interests,29
1.0,degree_centrality,0.32653061224489793,sequential_ollama/qwen3.5:27b_w_interests,41
1.0,degree_centrality,0.1020408163265306,sequential_ollama/qwen3.5:27b_w_interests,3
1.0,degree_centrality,0.08163265306122448,sequential_ollama/qwen3.5:27b_w_interests,39
1.0,degree_centrality,0.08163265306122448,sequential_ollama/qwen3.5:27b_w_interests,18
1.0,degree_centrality,0.061224489795918366,sequential_ollama/qwen3.5:27b_w_interests,0
1.0,degree_centrality,0.32653061224489793,sequential_ollama/qwen3.5:27b_w_interests,32
1.0,betweenness_centrality,0.505565626739096,sequential_ollama/qwen3.5:27b_w_interests,27
1.0,betweenness_centrality,0.004247430809930812,sequential_ollama/qwen3.5:27b_w_interests,26
1.0,betweenness_centrality,0.004247430809930812,sequential_ollama/qwen3.5:27b_w_interests,5
1.0,betweenness_centrality,0.004247430809930812,sequential_ollama/qwen3.5:27b_w_interests,8
1.0,betweenness_centrality,0.5637805552346368,sequential_ollama/qwen3.5:27b_w_interests,14
1.0,betweenness_centrality,0.0023454696286328955,sequential_ollama/qwen3.5:27b_w_interests,28
1.0,betweenness_centrality,0.0023454696286328955,sequential_ollama/qwen3.5:27b_w_interests,10
1.0,betweenness_centrality,0.004247430809930812,sequential_ollama/qwen3.5:27b_w_interests,13
1.0,betweenness_centrality,0.004247430809930812,sequential_ollama/qwen3.5:27b_w_interests,46
1.0,betweenness_centrality,4.724111866969009e-05,sequential_ollama/qwen3.5:27b_w_interests,20
1.0,betweenness_centrality,0.004247430809930812,sequential_ollama/qwen3.5:27b_w_interests,4
1.0,betweenness_centrality,0.004247430809930812,sequential_ollama/qwen3.5:27b_w_interests,11
1.0,betweenness_centrality,0.00371298320915668,sequential_ollama/qwen3.5:27b_w_interests,42
1.0,betweenness_centrality,0.0019019611812979155,sequential_ollama/qwen3.5:27b_w_interests,38
1.0,betweenness_centrality,0.00371298320915668,sequential_ollama/qwen3.5:27b_w_interests,7
1.0,betweenness_centrality,0.0019019611812979155,sequential_ollama/qwen3.5:27b_w_interests,34
1.0,betweenness_centrality,0.0018074789439585356,sequential_ollama/qwen3.5:27b_w_interests,31
1.0,betweenness_centrality,0.00371298320915668,sequential_ollama/qwen3.5:27b_w_interests,15
1.0,betweenness_centrality,0.00390937128819782,sequential_ollama/qwen3.5:27b_w_interests,37
1.0,betweenness_centrality,0.00036910368543021597,sequential_ollama/qwen3.5:27b_w_interests,49
1.0,betweenness_centrality,0.0023454696286328955,sequential_ollama/qwen3.5:27b_w_interests,44
1.0,betweenness_centrality,0.004247430809930812,sequential_ollama/qwen3.5:27b_w_interests,22
1.0,betweenness_centrality,0.006522908308622594,sequential_ollama/qwen3.5:27b_w_interests,35
1.0,betweenness_centrality,0.0028395121507366404,sequential_ollama/qwen3.5:27b_w_interests,30
1.0,betweenness_centrality,0.0017779367269163185,sequential_ollama/qwen3.5:27b_w_interests,45
1.0,betweenness_centrality,0.0028395121507366404,sequential_ollama/qwen3.5:27b_w_interests,12
1.0,betweenness_centrality,0.0008792818104042592,sequential_ollama/qwen3.5:27b_w_interests,19
1.0,betweenness_centrality,0.0008792818104042592,sequential_ollama/qwen3.5:27b_w_interests,1
1.0,betweenness_centrality,0.0002142722168232372,sequential_ollama/qwen3.5:27b_w_interests,43
1.0,betweenness_centrality,0.0016456615946411864,sequential_ollama/qwen3.5:27b_w_interests,25
1.0,betweenness_centrality,0.0010632626066299534,sequential_ollama/qwen3.5:27b_w_interests,2
1.0,betweenness_centrality,0.001940857234224581,sequential_ollama/qwen3.5:27b_w_interests,16
1.0,betweenness_centrality,0.0001535336356764928,sequential_ollama/qwen3.5:27b_w_interests,21
1.0,betweenness_centrality,0.0017991338782155108,sequential_ollama/qwen3.5:27b_w_interests,17
1.0,betweenness_centrality,0.0001535336356764928,sequential_ollama/qwen3.5:27b_w_interests,36
1.0,betweenness_centrality,0.000900342099321691,sequential_ollama/qwen3.5:27b_w_interests,9
1.0,betweenness_centrality,0.02898747133441011,sequential_ollama/qwen3.5:27b_w_interests,33
1.0,betweenness_centrality,0.015943877551020405,sequential_ollama/qwen3.5:27b_w_interests,23
1.0,betweenness_centrality,0.000900342099321691,sequential_ollama/qwen3.5:27b_w_interests,48
1.0,betweenness_centrality,0.00023964131106988252,sequential_ollama/qwen3.5:27b_w_interests,40
1.0,betweenness_centrality,0.002444711373282802,sequential_ollama/qwen3.5:27b_w_interests,47
1.0,betweenness_centrality,0.0003495842781557067,sequential_ollama/qwen3.5:27b_w_interests,6
1.0,betweenness_centrality,0.002444711373282802,sequential_ollama/qwen3.5:27b_w_interests,24
1.0,betweenness_centrality,0.00021022297808012094,sequential_ollama/qwen3.5:27b_w_interests,29
1.0,betweenness_centrality,4.724111866969009e-05,sequential_ollama/qwen3.5:27b_w_interests,41
1.0,betweenness_centrality,0.035572562358276646,sequential_ollama/qwen3.5:27b_w_interests,3
1.0,betweenness_centrality,0.0017715419501133783,sequential_ollama/qwen3.5:27b_w_interests,39
1.0,betweenness_centrality,0.02543934240362812,sequential_ollama/qwen3.5:27b_w_interests,18
1.0,betweenness_centrality,0.0,sequential_ollama/qwen3.5:27b_w_interests,0
1.0,betweenness_centrality,0.00015943877551020407,sequential_ollama/qwen3.5:27b_w_interests,32
1.0,closeness_centrality,0.620253164556962,sequential_ollama/qwen3.5:27b_w_interests,27
1.0,closeness_centrality,0.47115384615384615,sequential_ollama/qwen3.5:27b_w_interests,26
1.0,closeness_centrality,0.47115384615384615,sequential_ollama/qwen3.5:27b_w_interests,5
1.0,closeness_centrality,0.47115384615384615,sequential_ollama/qwen3.5:27b_w_interests,8
1.0,closeness_centrality,0.6533333333333333,sequential_ollama/qwen3.5:27b_w_interests,14
1.0,closeness_centrality,0.4666666666666667,sequential_ollama/qwen3.5:27b_w_interests,28
1.0,closeness_centrality,0.4666666666666667,sequential_ollama/qwen3.5:27b_w_interests,10
1.0,closeness_centrality,0.47115384615384615,sequential_ollama/qwen3.5:27b_w_interests,13
1.0,closeness_centrality,0.47115384615384615,sequential_ollama/qwen3.5:27b_w_interests,46
1.0,closeness_centrality,0.4375,sequential_ollama/qwen3.5:27b_w_interests,20
1.0,closeness_centrality,0.47115384615384615,sequential_ollama/qwen3.5:27b_w_interests,4
1.0,closeness_centrality,0.47115384615384615,sequential_ollama/qwen3.5:27b_w_interests,11
1.0,closeness_centrality,0.4666666666666667,sequential_ollama/qwen3.5:27b_w_interests,42
1.0,closeness_centrality,0.46226415094339623,sequential_ollama/qwen3.5:27b_w_interests,38
1.0,closeness_centrality,0.4666666666666667,sequential_ollama/qwen3.5:27b_w_interests,7
1.0,closeness_centrality,0.46226415094339623,sequential_ollama/qwen3.5:27b_w_interests,34
1.0,closeness_centrality,0.45794392523364486,sequential_ollama/qwen3.5:27b_w_interests,31
1.0,closeness_centrality,0.4666666666666667,sequential_ollama/qwen3.5:27b_w_interests,15
1.0,closeness_centrality,0.46226415094339623,sequential_ollama/qwen3.5:27b_w_interests,37
1.0,closeness_centrality,0.45794392523364486,sequential_ollama/qwen3.5:27b_w_interests,49
1.0,closeness_centrality,0.4666666666666667,sequential_ollama/qwen3.5:27b_w_interests,44
1.0,closeness_centrality,0.47115384615384615,sequential_ollama/qwen3.5:27b_w_interests,22
1.0,closeness_centrality,0.46226415094339623,sequential_ollama/qwen3.5:27b_w_interests,35
1.0,closeness_centrality,0.47572815533980584,sequential_ollama/qwen3.5:27b_w_interests,30
1.0,closeness_centrality,0.47115384615384615,sequential_ollama/qwen3.5:27b_w_interests,45
1.0,closeness_centrality,0.47572815533980584,sequential_ollama/qwen3.5:27b_w_interests,12
1.0,closeness_centrality,0.4666666666666667,sequential_ollama/qwen3.5:27b_w_interests,19
1.0,closeness_centrality,0.4666666666666667,sequential_ollama/qwen3.5:27b_w_interests,1
1.0,closeness_centrality,0.45794392523364486,sequential_ollama/qwen3.5:27b_w_interests,43
1.0,closeness_centrality,0.4666666666666667,sequential_ollama/qwen3.5:27b_w_interests,25
1.0,closeness_centrality,0.46226415094339623,sequential_ollama/qwen3.5:27b_w_interests,2
1.0,closeness_centrality,0.47115384615384615,sequential_ollama/qwen3.5:27b_w_interests,16
1.0,closeness_centrality,0.44545454545454544,sequential_ollama/qwen3.5:27b_w_interests,21
1.0,closeness_centrality,0.4666666666666667,sequential_ollama/qwen3.5:27b_w_interests,17
1.0,closeness_centrality,0.44545454545454544,sequential_ollama/qwen3.5:27b_w_interests,36
1.0,closeness_centrality,0.46226415094339623,sequential_ollama/qwen3.5:27b_w_interests,9
1.0,closeness_centrality,0.494949494949495,sequential_ollama/qwen3.5:27b_w_interests,33
1.0,closeness_centrality,0.4152542372881356,sequential_ollama/qwen3.5:27b_w_interests,23
1.0,closeness_centrality,0.46226415094339623,sequential_ollama/qwen3.5:27b_w_interests,48
1.0,closeness_centrality,0.4298245614035088,sequential_ollama/qwen3.5:27b_w_interests,40
1.0,closeness_centrality,0.47115384615384615,sequential_ollama/qwen3.5:27b_w_interests,47
1.0,closeness_centrality,0.4336283185840708,sequential_ollama/qwen3.5:27b_w_interests,6
1.0,closeness_centrality,0.47115384615384615,sequential_ollama/qwen3.5:27b_w_interests,24
1.0,closeness_centrality,0.35766423357664234,sequential_ollama/qwen3.5:27b_w_interests,29
1.0,closeness_centrality,0.4537037037037037,sequential_ollama/qwen3.5:27b_w_interests,41
1.0,closeness_centrality,0.4188034188034188,sequential_ollama/qwen3.5:27b_w_interests,3
1.0,closeness_centrality,0.30625,sequential_ollama/qwen3.5:27b_w_interests,39
1.0,closeness_centrality,0.4152542372881356,sequential_ollama/qwen3.5:27b_w_interests,18
1.0,closeness_centrality,0.30246913580246915,sequential_ollama/qwen3.5:27b_w_interests,0
1.0,closeness_centrality,0.35766423357664234,sequential_ollama/qwen3.5:27b_w_interests,32
2.0,degree_centrality,0.24489795918367346,sequential_ollama/qwen3.5:27b_w_interests,36
2.0,degree_centrality,0.36734693877551017,sequential_ollama/qwen3.5:27b_w_interests,30
2.0,degree_centrality,0.3877551020408163,sequential_ollama/qwen3.5:27b_w_interests,35
2.0,degree_centrality,0.42857142857142855,sequential_ollama/qwen3.5:27b_w_interests,12
2.0,degree_centrality,0.3877551020408163,sequential_ollama/qwen3.5:27b_w_interests,1
2.0,degree_centrality,0.2857142857142857,sequential_ollama/qwen3.5:27b_w_interests,21
2.0,degree_centrality,0.36734693877551017,sequential_ollama/qwen3.5:27b_w_interests,19
2.0,degree_centrality,0.36734693877551017,sequential_ollama/qwen3.5:27b_w_interests,25
2.0,degree_centrality,0.4081632653061224,sequential_ollama/qwen3.5:27b_w_interests,47
2.0,degree_centrality,0.4081632653061224,sequential_ollama/qwen3.5:27b_w_interests,45
2.0,degree_centrality,0.42857142857142855,sequential_ollama/qwen3.5:27b_w_interests,18
2.0,degree_centrality,0.4081632653061224,sequential_ollama/qwen3.5:27b_w_interests,24
2.0,degree_centrality,0.3877551020408163,sequential_ollama/qwen3.5:27b_w_interests,41
2.0,degree_centrality,0.16326530612244897,sequential_ollama/qwen3.5:27b_w_interests,6
2.0,degree_centrality,0.4081632653061224,sequential_ollama/qwen3.5:27b_w_interests,33
2.0,degree_centrality,0.44897959183673464,sequential_ollama/qwen3.5:27b_w_interests,38
2.0,degree_centrality,0.3469387755102041,sequential_ollama/qwen3.5:27b_w_interests,16
2.0,degree_centrality,0.3877551020408163,sequential_ollama/qwen3.5:27b_w_interests,43
2.0,degree_centrality,0.18367346938775508,sequential_ollama/qwen3.5:27b_w_interests,40
2.0,degree_centrality,0.32653061224489793,sequential_ollama/qwen3.5:27b_w_interests,9
2.0,degree_centrality,0.3469387755102041,sequential_ollama/qwen3.5:27b_w_interests,48
2.0,degree_centrality,0.36734693877551017,sequential_ollama/qwen3.5:27b_w_interests,2
2.0,degree_centrality,0.3877551020408163,sequential_ollama/qwen3.5:27b_w_interests,28
2.0,degree_centrality,0.44897959183673464,sequential_ollama/qwen3.5:27b_w_interests,5
2.0,degree_centrality,0.44897959183673464,sequential_ollama/qwen3.5:27b_w_interests,10
2.0,degree_centrality,0.42857142857142855,sequential_ollama/qwen3.5:27b_w_interests,44
2.0,degree_centrality,0.4693877551020408,sequential_ollama/qwen3.5:27b_w_interests,46
2.0,degree_centrality,0.44897959183673464,sequential_ollama/qwen3.5:27b_w_interests,15
2.0,degree_centrality,0.3877551020408163,sequential_ollama/qwen3.5:27b_w_interests,32
2.0,degree_centrality,0.44897959183673464,sequential_ollama/qwen3.5:27b_w_interests,8
2.0,degree_centrality,0.44897959183673464,sequential_ollama/qwen3.5:27b_w_interests,27
2.0,degree_centrality,0.3469387755102041,sequential_ollama/qwen3.5:27b_w_interests,37
2.0,degree_centrality,0.44897959183673464,sequential_ollama/qwen3.5:27b_w_interests,4
2.0,degree_centrality,0.44897959183673464,sequential_ollama/qwen3.5:27b_w_interests,42
2.0,degree_centrality,0.3877551020408163,sequential_ollama/qwen3.5:27b_w_interests,13
2.0,degree_centrality,0.3469387755102041,sequential_ollama/qwen3.5:27b_w_interests,29
2.0,degree_centrality,0.44897959183673464,sequential_ollama/qwen3.5:27b_w_interests,34
2.0,degree_centrality,0.4081632653061224,sequential_ollama/qwen3.5:27b_w_interests,26
2.0,degree_centrality,0.44897959183673464,sequential_ollama/qwen3.5:27b_w_interests,11
2.0,degree_centrality,0.44897959183673464,sequential_ollama/qwen3.5:27b_w_interests,7
2.0,degree_centrality,0.44897959183673464,sequential_ollama/qwen3.5:27b_w_interests,22
2.0,degree_centrality,0.32653061224489793,sequential_ollama/qwen3.5:27b_w_interests,17
2.0,degree_centrality,0.3877551020408163,sequential_ollama/qwen3.5:27b_w_interests,31
2.0,degree_centrality,0.3469387755102041,sequential_ollama/qwen3.5:27b_w_interests,49
2.0,degree_centrality,0.061224489795918366,sequential_ollama/qwen3.5:27b_w_interests,0
2.0,degree_centrality,0.061224489795918366,sequential_ollama/qwen3.5:27b_w_interests,3
2.0,degree_centrality,0.08163265306122448,sequential_ollama/qwen3.5:27b_w_interests,23
2.0,degree_centrality,0.1020408163265306,sequential_ollama/qwen3.5:27b_w_interests,39
2.0,degree_centrality,0.36734693877551017,sequential_ollama/qwen3.5:27b_w_interests,20
2.0,degree_centrality,0.14285714285714285,sequential_ollama/qwen3.5:27b_w_interests,14
2.0,betweenness_centrality,0.0017563213876728072,sequential_ollama/qwen3.5:27b_w_interests,36
2.0,betweenness_centrality,0.003352804666091538,sequential_ollama/qwen3.5:27b_w_interests,30
2.0,betweenness_centrality,0.024420841713074373,sequential_ollama/qwen3.5:27b_w_interests,35
2.0,betweenness_centrality,0.006852624923864973,sequential_ollama/qwen3.5:27b_w_interests,12
2.0,betweenness_centrality,0.003903766809190532,sequential_ollama/qwen3.5:27b_w_interests,1
2.0,betweenness_centrality,0.002889778312953041,sequential_ollama/qwen3.5:27b_w_interests,21
2.0,betweenness_centrality,0.0028220152113459427,sequential_ollama/qwen3.5:27b_w_interests,19
2.0,betweenness_centrality,0.0027966024522196754,sequential_ollama/qwen3.5:27b_w_interests,25
2.0,betweenness_centrality,0.34977045969153003,sequential_ollama/qwen3.5:27b_w_interests,47
2.0,betweenness_centrality,0.005275446433421174,sequential_ollama/qwen3.5:27b_w_interests,45
2.0,betweenness_centrality,0.10717909423635287,sequential_ollama/qwen3.5:27b_w_interests,18
2.0,betweenness_centrality,0.00577087332602038,sequential_ollama/qwen3.5:27b_w_interests,24
2.0,betweenness_centrality,0.004193694835576585,sequential_ollama/qwen3.5:27b_w_interests,41
2.0,betweenness_centrality,0.0004932846344279339,sequential_ollama/qwen3.5:27b_w_interests,6
2.0,betweenness_centrality,0.006025475882430216,sequential_ollama/qwen3.5:27b_w_interests,33
2.0,betweenness_centrality,0.34507994732331015,sequential_ollama/qwen3.5:27b_w_interests,38
2.0,betweenness_centrality,0.003027559682983408,sequential_ollama/qwen3.5:27b_w_interests,16
2.0,betweenness_centrality,0.00459002074799549,sequential_ollama/qwen3.5:27b_w_interests,43
2.0,betweenness_centrality,0.008187374526816477,sequential_ollama/qwen3.5:27b_w_interests,40
2.0,betweenness_centrality,0.0019458080851388166,sequential_ollama/qwen3.5:27b_w_interests,9
2.0,betweenness_centrality,0.003027559682983408,sequential_ollama/qwen3.5:27b_w_interests,48
2.0,betweenness_centrality,0.004151223434198177,sequential_ollama/qwen3.5:27b_w_interests,2
2.0,betweenness_centrality,0.0010248148921767682,sequential_ollama/qwen3.5:27b_w_interests,28
2.0,betweenness_centrality,0.0016887663702038769,sequential_ollama/qwen3.5:27b_w_interests,5
2.0,betweenness_centrality,0.0016887663702038769,sequential_ollama/qwen3.5:27b_w_interests,10
2.0,betweenness_centrality,0.001394546118000431,sequential_ollama/qwen3.5:27b_w_interests,44
2.0,betweenness_centrality,0.06892290531291184,sequential_ollama/qwen3.5:27b_w_interests,46
2.0,betweenness_centrality,0.0016887663702038769,sequential_ollama/qwen3.5:27b_w_interests,15
2.0,betweenness_centrality,0.0010248148921767682,sequential_ollama/qwen3.5:27b_w_interests,32
2.0,betweenness_centrality,0.0016887663702038769,sequential_ollama/qwen3.5:27b_w_interests,8
2.0,betweenness_centrality,0.06321117898945397,sequential_ollama/qwen3.5:27b_w_interests,27
2.0,betweenness_centrality,0.00021300186741363212,sequential_ollama/qwen3.5:27b_w_interests,37
2.0,betweenness_centrality,0.0016887663702038769,sequential_ollama/qwen3.5:27b_w_interests,4
2.0,betweenness_centrality,0.0016887663702038769,sequential_ollama/qwen3.5:27b_w_interests,42
2.0,betweenness_centrality,0.0002634387088168601,sequential_ollama/qwen3.5:27b_w_interests,13
2.0,betweenness_centrality,0.0009153961246697657,sequential_ollama/qwen3.5:27b_w_interests,29
2.0,betweenness_centrality,0.0016887663702038769,sequential_ollama/qwen3.5:27b_w_interests,34
2.0,betweenness_centrality,0.00041975123382686407,sequential_ollama/qwen3.5:27b_w_interests,26
2.0,betweenness_centrality,0.0016887663702038769,sequential_ollama/qwen3.5:27b_w_interests,11
2.0,betweenness_centrality,0.0016887663702038769,sequential_ollama/qwen3.5:27b_w_interests,7
2.0,betweenness_centrality,0.0016887663702038769,sequential_ollama/qwen3.5:27b_w_interests,22
2.0,betweenness_centrality,0.0014642764026383045,sequential_ollama/qwen3.5:27b_w_interests,17
2.0,betweenness_centrality,0.00037845266311652863,sequential_ollama/qwen3.5:27b_w_interests,31
2.0,betweenness_centrality,5.002000800320128e-05,sequential_ollama/qwen3.5:27b_w_interests,49
2.0,betweenness_centrality,0.00028344671201814054,sequential_ollama/qwen3.5:27b_w_interests,0
2.0,betweenness_centrality,0.00607270705117628,sequential_ollama/qwen3.5:27b_w_interests,3
2.0,betweenness_centrality,0.01652146960366356,sequential_ollama/qwen3.5:27b_w_interests,23
2.0,betweenness_centrality,0.02491149227940052,sequential_ollama/qwen3.5:27b_w_interests,39
2.0,betweenness_centrality,0.0009839331548664597,sequential_ollama/qwen3.5:27b_w_interests,20
2.0,betweenness_centrality,0.14669377214797832,sequential_ollama/qwen3.5:27b_w_interests,14
2.0,closeness_centrality,0.44545454545454544,sequential_ollama/qwen3.5:27b_w_interests,36
2.0,closeness_centrality,0.3951612903225806,sequential_ollama/qwen3.5:27b_w_interests,30
2.0,closeness_centrality,0.49,sequential_ollama/qwen3.5:27b_w_interests,35
2.0,closeness_centrality,0.48514851485148514,sequential_ollama/qwen3.5:27b_w_interests,12
2.0,closeness_centrality,0.47572815533980584,sequential_ollama/qwen3.5:27b_w_interests,1
2.0,closeness_centrality,0.4537037037037037,sequential_ollama/qwen3.5:27b_w_interests,21
2.0,closeness_centrality,0.4537037037037037,sequential_ollama/qwen3.5:27b_w_interests,19
2.0,closeness_centrality,0.47115384615384615,sequential_ollama/qwen3.5:27b_w_interests,25
2.0,closeness_centrality,0.6125,sequential_ollama/qwen3.5:27b_w_interests,47
2.0,closeness_centrality,0.4803921568627451,sequential_ollama/qwen3.5:27b_w_interests,45
2.0,closeness_centrality,0.5051546391752577,sequential_ollama/qwen3.5:27b_w_interests,18
2.0,closeness_centrality,0.46226415094339623,sequential_ollama/qwen3.5:27b_w_interests,24
2.0,closeness_centrality,0.45794392523364486,sequential_ollama/qwen3.5:27b_w_interests,41
2.0,closeness_centrality,0.4298245614035088,sequential_ollama/qwen3.5:27b_w_interests,6
2.0,closeness_centrality,0.4803921568627451,sequential_ollama/qwen3.5:27b_w_interests,33
2.0,closeness_centrality,0.5903614457831325,sequential_ollama/qwen3.5:27b_w_interests,38
2.0,closeness_centrality,0.4666666666666667,sequential_ollama/qwen3.5:27b_w_interests,16
2.0,closeness_centrality,0.47572815533980584,sequential_ollama/qwen3.5:27b_w_interests,43
2.0,closeness_centrality,0.44545454545454544,sequential_ollama/qwen3.5:27b_w_interests,40
2.0,closeness_centrality,0.44545454545454544,sequential_ollama/qwen3.5:27b_w_interests,9
2.0,closeness_centrality,0.4666666666666667,sequential_ollama/qwen3.5:27b_w_interests,48
2.0,closeness_centrality,0.47115384615384615,sequential_ollama/qwen3.5:27b_w_interests,2
2.0,closeness_centrality,0.4537037037037037,sequential_ollama/qwen3.5:27b_w_interests,28
2.0,closeness_centrality,0.4666666666666667,sequential_ollama/qwen3.5:27b_w_interests,5
2.0,closeness_centrality,0.4666666666666667,sequential_ollama/qwen3.5:27b_w_interests,10
2.0,closeness_centrality,0.46226415094339623,sequential_ollama/qwen3.5:27b_w_interests,44
2.0,closeness_centrality,0.5157894736842106,sequential_ollama/qwen3.5:27b_w_interests,46
2.0,closeness_centrality,0.4666666666666667,sequential_ollama/qwen3.5:27b_w_interests,15
2.0,closeness_centrality,0.4537037037037037,sequential_ollama/qwen3.5:27b_w_interests,32
2.0,closeness_centrality,0.4666666666666667,sequential_ollama/qwen3.5:27b_w_interests,8
2.0,closeness_centrality,0.5104166666666666,sequential_ollama/qwen3.5:27b_w_interests,27
2.0,closeness_centrality,0.3858267716535433,sequential_ollama/qwen3.5:27b_w_interests,37
2.0,closeness_centrality,0.4666666666666667,sequential_ollama/qwen3.5:27b_w_interests,4
2.0,closeness_centrality,0.4666666666666667,sequential_ollama/qwen3.5:27b_w_interests,42
2.0,closeness_centrality,0.4537037037037037,sequential_ollama/qwen3.5:27b_w_interests,13
2.0,closeness_centrality,0.44545454545454544,sequential_ollama/qwen3.5:27b_w_interests,29
2.0,closeness_centrality,0.4666666666666667,sequential_ollama/qwen3.5:27b_w_interests,34
2.0,closeness_centrality,0.45794392523364486,sequential_ollama/qwen3.5:27b_w_interests,26
2.0,closeness_centrality,0.4666666666666667,sequential_ollama/qwen3.5:27b_w_interests,11
2.0,closeness_centrality,0.4666666666666667,sequential_ollama/qwen3.5:27b_w_interests,7
2.0,closeness_centrality,0.4666666666666667,sequential_ollama/qwen3.5:27b_w_interests,22
2.0,closeness_centrality,0.3888888888888889,sequential_ollama/qwen3.5:27b_w_interests,17
2.0,closeness_centrality,0.4537037037037037,sequential_ollama/qwen3.5:27b_w_interests,31
2.0,closeness_centrality,0.44545454545454544,sequential_ollama/qwen3.5:27b_w_interests,49
2.0,closeness_centrality,0.29878048780487804,sequential_ollama/qwen3.5:27b_w_interests,0
2.0,closeness_centrality,0.34507042253521125,sequential_ollama/qwen3.5:27b_w_interests,3
2.0,closeness_centrality,0.4117647058823529,sequential_ollama/qwen3.5:27b_w_interests,23
2.0,closeness_centrality,0.4152542372881356,sequential_ollama/qwen3.5:27b_w_interests,39
2.0,closeness_centrality,0.44954128440366975,sequential_ollama/qwen3.5:27b_w_interests,20
2.0,closeness_centrality,0.5384615384615384,sequential_ollama/qwen3.5:27b_w_interests,14
3.0,degree_centrality,0.4081632653061224,sequential_ollama/qwen3.5:27b_w_interests,12
3.0,degree_centrality,0.4081632653061224,sequential_ollama/qwen3.5:27b_w_interests,21
3.0,degree_centrality,0.3877551020408163,sequential_ollama/qwen3.5:27b_w_interests,43
3.0,degree_centrality,0.36734693877551017,sequential_ollama/qwen3.5:27b_w_interests,47
3.0,degree_centrality,0.32653061224489793,sequential_ollama/qwen3.5:27b_w_interests,35
3.0,degree_centrality,0.3061224489795918,sequential_ollama/qwen3.5:27b_w_interests,6
3.0,degree_centrality,0.3469387755102041,sequential_ollama/qwen3.5:27b_w_interests,9
3.0,degree_centrality,0.3877551020408163,sequential_ollama/qwen3.5:27b_w_interests,19
3.0,degree_centrality,0.4081632653061224,sequential_ollama/qwen3.5:27b_w_interests,30
3.0,degree_centrality,0.36734693877551017,sequential_ollama/qwen3.5:27b_w_interests,17
3.0,degree_centrality,0.32653061224489793,sequential_ollama/qwen3.5:27b_w_interests,1
3.0,degree_centrality,0.3877551020408163,sequential_ollama/qwen3.5:27b_w_interests,25
3.0,degree_centrality,0.3469387755102041,sequential_ollama/qwen3.5:27b_w_interests,36
3.0,degree_centrality,0.3469387755102041,sequential_ollama/qwen3.5:27b_w_interests,48
3.0,degree_centrality,0.4081632653061224,sequential_ollama/qwen3.5:27b_w_interests,16
3.0,degree_centrality,0.3469387755102041,sequential_ollama/qwen3.5:27b_w_interests,24
3.0,degree_centrality,0.3877551020408163,sequential_ollama/qwen3.5:27b_w_interests,33
3.0,degree_centrality,0.18367346938775508,sequential_ollama/qwen3.5:27b_w_interests,40
3.0,degree_centrality,0.32653061224489793,sequential_ollama/qwen3.5:27b_w_interests,2
3.0,degree_centrality,0.3469387755102041,sequential_ollama/qwen3.5:27b_w_interests,41
3.0,degree_centrality,0.36734693877551017,sequential_ollama/qwen3.5:27b_w_interests,45
3.0,degree_centrality,0.1020408163265306,sequential_ollama/qwen3.5:27b_w_interests,39
3.0,degree_centrality,0.08163265306122448,sequential_ollama/qwen3.5:27b_w_interests,3
3.0,degree_centrality,0.1020408163265306,sequential_ollama/qwen3.5:27b_w_interests,0
3.0,degree_centrality,0.26530612244897955,sequential_ollama/qwen3.5:27b_w_interests,18
3.0,degree_centrality,0.061224489795918366,sequential_ollama/qwen3.5:27b_w_interests,23
3.0,degree_centrality,0.08163265306122448,sequential_ollama/qwen3.5:27b_w_interests,14
3.0,degree_centrality,0.44897959183673464,sequential_ollama/qwen3.5:27b_w_interests,37
3.0,degree_centrality,0.4081632653061224,sequential_ollama/qwen3.5:27b_w_interests,31
3.0,degree_centrality,0.36734693877551017,sequential_ollama/qwen3.5:27b_w_interests,11
3.0,degree_centrality,0.44897959183673464,sequential_ollama/qwen3.5:27b_w_interests,22
3.0,degree_centrality,0.44897959183673464,sequential_ollama/qwen3.5:27b_w_interests,13
3.0,degree_centrality,0.32653061224489793,sequential_ollama/qwen3.5:27b_w_interests,46
3.0,degree_centrality,0.4081632653061224,sequential_ollama/qwen3.5:27b_w_interests,5
3.0,degree_centrality,0.44897959183673464,sequential_ollama/qwen3.5:27b_w_interests,4
3.0,degree_centrality,0.4081632653061224,sequential_ollama/qwen3.5:27b_w_interests,42
3.0,degree_centrality,0.44897959183673464,sequential_ollama/qwen3.5:27b_w_interests,27
3.0,degree_centrality,0.3877551020408163,sequential_ollama/qwen3.5:27b_w_interests,34
3.0,degree_centrality,0.42857142857142855,sequential_ollama/qwen3.5:27b_w_interests,49
3.0,degree_centrality,0.4693877551020408,sequential_ollama/qwen3.5:27b_w_interests,28
3.0,degree_centrality,0.4693877551020408,sequential_ollama/qwen3.5:27b_w_interests,10
3.0,degree_centrality,0.42857142857142855,sequential_ollama/qwen3.5:27b_w_interests,7
3.0,degree_centrality,0.42857142857142855,sequential_ollama/qwen3.5:27b_w_interests,15
3.0,degree_centrality,0.26530612244897955,sequential_ollama/qwen3.5:27b_w_interests,32
3.0,degree_centrality,0.36734693877551017,sequential_ollama/qwen3.5:27b_w_interests,38
3.0,degree_centrality,0.44897959183673464,sequential_ollama/qwen3.5:27b_w_interests,8
3.0,degree_centrality,0.3061224489795918,sequential_ollama/qwen3.5:27b_w_interests,29
3.0,degree_centrality,0.3877551020408163,sequential_ollama/qwen3.5:27b_w_interests,26
3.0,degree_centrality,0.16326530612244897,sequential_ollama/qwen3.5:27b_w_interests,20
3.0,degree_centrality,0.4081632653061224,sequential_ollama/qwen3.5:27b_w_interests,44
3.0,betweenness_centrality,0.005132219431755031,sequential_ollama/qwen3.5:27b_w_interests,12
3.0,betweenness_centrality,0.04499894290649409,sequential_ollama/qwen3.5:27b_w_interests,21
3.0,betweenness_centrality,0.0022409752147699966,sequential_ollama/qwen3.5:27b_w_interests,43
3.0,betweenness_centrality,0.003861918812339768,sequential_ollama/qwen3.5:27b_w_interests,47
3.0,betweenness_centrality,0.02944947539133898,sequential_ollama/qwen3.5:27b_w_interests,35
3.0,betweenness_centrality,0.09091015844516587,sequential_ollama/qwen3.5:27b_w_interests,6
3.0,betweenness_centrality,0.1431454526766335,sequential_ollama/qwen3.5:27b_w_interests,9
3.0,betweenness_centrality,0.0022409752147699966,sequential_ollama/qwen3.5:27b_w_interests,19
3.0,betweenness_centrality,0.005132219431755031,sequential_ollama/qwen3.5:27b_w_interests,30
3.0,betweenness_centrality,0.003077244288564342,sequential_ollama/qwen3.5:27b_w_interests,17
3.0,betweenness_centrality,0.0009677157444817139,sequential_ollama/qwen3.5:27b_w_interests,1
3.0,betweenness_centrality,0.020862804321154754,sequential_ollama/qwen3.5:27b_w_interests,25
3.0,betweenness_centrality,0.02890472131681774,sequential_ollama/qwen3.5:27b_w_interests,36
3.0,betweenness_centrality,0.0015493087428111439,sequential_ollama/qwen3.5:27b_w_interests,48
3.0,betweenness_centrality,0.005132219431755031,sequential_ollama/qwen3.5:27b_w_interests,16
3.0,betweenness_centrality,0.004257877645423451,sequential_ollama/qwen3.5:27b_w_interests,24
3.0,betweenness_centrality,0.0022409752147699966,sequential_ollama/qwen3.5:27b_w_interests,33
3.0,betweenness_centrality,0.00023598496175026787,sequential_ollama/qwen3.5:27b_w_interests,40
3.0,betweenness_centrality,0.002602024318177883,sequential_ollama/qwen3.5:27b_w_interests,2
3.0,betweenness_centrality,0.020708123821968037,sequential_ollama/qwen3.5:27b_w_interests,41
3.0,betweenness_centrality,0.02186702755440118,sequential_ollama/qwen3.5:27b_w_interests,45
3.0,betweenness_centrality,0.006129945272857874,sequential_ollama/qwen3.5:27b_w_interests,39
3.0,betweenness_centrality,0.0032090217039196637,sequential_ollama/qwen3.5:27b_w_interests,3
3.0,betweenness_centrality,0.015841446215226155,sequential_ollama/qwen3.5:27b_w_interests,0
3.0,betweenness_centrality,0.19879322093566776,sequential_ollama/qwen3.5:27b_w_interests,18
3.0,betweenness_centrality,0.0005314625850340135,sequential_ollama/qwen3.5:27b_w_interests,23
3.0,betweenness_centrality,0.046677268372685654,sequential_ollama/qwen3.5:27b_w_interests,14
3.0,betweenness_centrality,0.14528534078266436,sequential_ollama/qwen3.5:27b_w_interests,37
3.0,betweenness_centrality,0.0013333935588163367,sequential_ollama/qwen3.5:27b_w_interests,31
3.0,betweenness_centrality,0.0001488095238095238,sequential_ollama/qwen3.5:27b_w_interests,11
3.0,betweenness_centrality,0.0034083216541525947,sequential_ollama/qwen3.5:27b_w_interests,22
3.0,betweenness_centrality,0.0034083216541525947,sequential_ollama/qwen3.5:27b_w_interests,13
3.0,betweenness_centrality,4.251700680272109e-05,sequential_ollama/qwen3.5:27b_w_interests,46
3.0,betweenness_centrality,0.000667521149246448,sequential_ollama/qwen3.5:27b_w_interests,5
3.0,betweenness_centrality,0.022577350759945304,sequential_ollama/qwen3.5:27b_w_interests,4
3.0,betweenness_centrality,0.000667521149246448,sequential_ollama/qwen3.5:27b_w_interests,42
3.0,betweenness_centrality,0.05166243884780209,sequential_ollama/qwen3.5:27b_w_interests,27
3.0,betweenness_centrality,0.00043367761183148206,sequential_ollama/qwen3.5:27b_w_interests,34
3.0,betweenness_centrality,0.0027412173383061737,sequential_ollama/qwen3.5:27b_w_interests,49
3.0,betweenness_centrality,0.02490847260262177,sequential_ollama/qwen3.5:27b_w_interests,28
3.0,betweenness_centrality,0.02490847260262177,sequential_ollama/qwen3.5:27b_w_interests,10
3.0,betweenness_centrality,0.09276231541615954,sequential_ollama/qwen3.5:27b_w_interests,7
3.0,betweenness_centrality,0.0013759105656190576,sequential_ollama/qwen3.5:27b_w_interests,15
3.0,betweenness_centrality,0.008339584789638494,sequential_ollama/qwen3.5:27b_w_interests,32
3.0,betweenness_centrality,0.00032291902268153635,sequential_ollama/qwen3.5:27b_w_interests,38
3.0,betweenness_centrality,0.02287606151408824,sequential_ollama/qwen3.5:27b_w_interests,8
3.0,betweenness_centrality,4.251700680272109e-05,sequential_ollama/qwen3.5:27b_w_interests,29
3.0,betweenness_centrality,0.0002555188742163532,sequential_ollama/qwen3.5:27b_w_interests,26
3.0,betweenness_centrality,0.003947332901414535,sequential_ollama/qwen3.5:27b_w_interests,20
3.0,betweenness_centrality,0.0013333935588163367,sequential_ollama/qwen3.5:27b_w_interests,44
3.0,closeness_centrality,0.48514851485148514,sequential_ollama/qwen3.5:27b_w_interests,12
3.0,closeness_centrality,0.49,sequential_ollama/qwen3.5:27b_w_interests,21
3.0,closeness_centrality,0.4803921568627451,sequential_ollama/qwen3.5:27b_w_interests,43
3.0,closeness_centrality,0.47115384615384615,sequential_ollama/qwen3.5:27b_w_interests,47
3.0,closeness_centrality,0.4666666666666667,sequential_ollama/qwen3.5:27b_w_interests,35
3.0,closeness_centrality,0.5384615384615384,sequential_ollama/qwen3.5:27b_w_interests,6
3.0,closeness_centrality,0.5764705882352941,sequential_ollama/qwen3.5:27b_w_interests,9
3.0,closeness_centrality,0.4803921568627451,sequential_ollama/qwen3.5:27b_w_interests,19
3.0,closeness_centrality,0.48514851485148514,sequential_ollama/qwen3.5:27b_w_interests,30
3.0,closeness_centrality,0.47115384615384615,sequential_ollama/qwen3.5:27b_w_interests,17
3.0,closeness_centrality,0.46226415094339623,sequential_ollama/qwen3.5:27b_w_interests,1
3.0,closeness_centrality,0.5104166666666666,sequential_ollama/qwen3.5:27b_w_interests,25
3.0,closeness_centrality,0.5,sequential_ollama/qwen3.5:27b_w_interests,36
3.0,closeness_centrality,0.46226415094339623,sequential_ollama/qwen3.5:27b_w_interests,48
3.0,closeness_centrality,0.48514851485148514,sequential_ollama/qwen3.5:27b_w_interests,16
3.0,closeness_centrality,0.47115384615384615,sequential_ollama/qwen3.5:27b_w_interests,24
3.0,closeness_centrality,0.4803921568627451,sequential_ollama/qwen3.5:27b_w_interests,33
3.0,closeness_centrality,0.3769230769230769,sequential_ollama/qwen3.5:27b_w_interests,40
3.0,closeness_centrality,0.46226415094339623,sequential_ollama/qwen3.5:27b_w_interests,2
3.0,closeness_centrality,0.5051546391752577,sequential_ollama/qwen3.5:27b_w_interests,41
3.0,closeness_centrality,0.5051546391752577,sequential_ollama/qwen3.5:27b_w_interests,45
3.0,closeness_centrality,0.3951612903225806,sequential_ollama/qwen3.5:27b_w_interests,39
3.0,closeness_centrality,0.4336283185840708,sequential_ollama/qwen3.5:27b_w_interests,3
3.0,closeness_centrality,0.4375,sequential_ollama/qwen3.5:27b_w_interests,0
3.0,closeness_centrality,0.5764705882352941,sequential_ollama/qwen3.5:27b_w_interests,18
3.0,closeness_centrality,0.35507246376811596,sequential_ollama/qwen3.5:27b_w_interests,23
3.0,closeness_centrality,0.49,sequential_ollama/qwen3.5:27b_w_interests,14
3.0,closeness_centrality,0.5833333333333334,sequential_ollama/qwen3.5:27b_w_interests,37
3.0,closeness_centrality,0.4803921568627451,sequential_ollama/qwen3.5:27b_w_interests,31
3.0,closeness_centrality,0.47115384615384615,sequential_ollama/qwen3.5:27b_w_interests,11
3.0,closeness_centrality,0.49,sequential_ollama/qwen3.5:27b_w_interests,22
3.0,closeness_centrality,0.49,sequential_ollama/qwen3.5:27b_w_interests,13
3.0,closeness_centrality,0.46226415094339623,sequential_ollama/qwen3.5:27b_w_interests,46
3.0,closeness_centrality,0.4803921568627451,sequential_ollama/qwen3.5:27b_w_interests,5
3.0,closeness_centrality,0.532608695652174,sequential_ollama/qwen3.5:27b_w_interests,4
3.0,closeness_centrality,0.4803921568627451,sequential_ollama/qwen3.5:27b_w_interests,42
3.0,closeness_centrality,0.5051546391752577,sequential_ollama/qwen3.5:27b_w_interests,27
3.0,closeness_centrality,0.47572815533980584,sequential_ollama/qwen3.5:27b_w_interests,34
3.0,closeness_centrality,0.48514851485148514,sequential_ollama/qwen3.5:27b_w_interests,49
3.0,closeness_centrality,0.5384615384615384,sequential_ollama/qwen3.5:27b_w_interests,28
3.0,closeness_centrality,0.5384615384615384,sequential_ollama/qwen3.5:27b_w_interests,10
3.0,closeness_centrality,0.5632183908045977,sequential_ollama/qwen3.5:27b_w_interests,7
3.0,closeness_centrality,0.48514851485148514,sequential_ollama/qwen3.5:27b_w_interests,15
3.0,closeness_centrality,0.4803921568627451,sequential_ollama/qwen3.5:27b_w_interests,32
3.0,closeness_centrality,0.47115384615384615,sequential_ollama/qwen3.5:27b_w_interests,38
3.0,closeness_centrality,0.532608695652174,sequential_ollama/qwen3.5:27b_w_interests,8
3.0,closeness_centrality,0.44545454545454544,sequential_ollama/qwen3.5:27b_w_interests,29
3.0,closeness_centrality,0.47572815533980584,sequential_ollama/qwen3.5:27b_w_interests,26
3.0,closeness_centrality,0.4537037037037037,sequential_ollama/qwen3.5:27b_w_interests,20
3.0,closeness_centrality,0.4803921568627451,sequential_ollama/qwen3.5:27b_w_interests,44
4.0,degree_centrality,0.18367346938775508,sequential_ollama/qwen3.5:27b_w_interests,6
4.0,degree_centrality,0.36734693877551017,sequential_ollama/qwen3.5:27b_w_interests,48
4.0,degree_centrality,0.26530612244897955,sequential_ollama/qwen3.5:27b_w_interests,40
4.0,degree_centrality,0.4693877551020408,sequential_ollama/qwen3.5:27b_w_interests,47
4.0,degree_centrality,0.3877551020408163,sequential_ollama/qwen3.5:27b_w_interests,45
4.0,degree_centrality,0.4081632653061224,sequential_ollama/qwen3.5:27b_w_interests,24
4.0,degree_centrality,0.42857142857142855,sequential_ollama/qwen3.5:27b_w_interests,12
4.0,degree_centrality,0.36734693877551017,sequential_ollama/qwen3.5:27b_w_interests,9
4.0,degree_centrality,0.36734693877551017,sequential_ollama/qwen3.5:27b_w_interests,33
4.0,degree_centrality,0.42857142857142855,sequential_ollama/qwen3.5:27b_w_interests,38
4.0,degree_centrality,0.3061224489795918,sequential_ollama/qwen3.5:27b_w_interests,17
4.0,degree_centrality,0.3061224489795918,sequential_ollama/qwen3.5:27b_w_interests,2
4.0,degree_centrality,0.3469387755102041,sequential_ollama/qwen3.5:27b_w_interests,41
4.0,degree_centrality,0.32653061224489793,sequential_ollama/qwen3.5:27b_w_interests,43
4.0,degree_centrality,0.36734693877551017,sequential_ollama/qwen3.5:27b_w_interests,16
4.0,degree_centrality,0.42857142857142855,sequential_ollama/qwen3.5:27b_w_interests,35
4.0,degree_centrality,0.3469387755102041,sequential_ollama/qwen3.5:27b_w_interests,21
4.0,degree_centrality,0.3469387755102041,sequential_ollama/qwen3.5:27b_w_interests,19
4.0,degree_centrality,0.36734693877551017,sequential_ollama/qwen3.5:27b_w_interests,30
4.0,degree_centrality,0.36734693877551017,sequential_ollama/qwen3.5:27b_w_interests,1
4.0,degree_centrality,0.3469387755102041,sequential_ollama/qwen3.5:27b_w_interests,25
4.0,degree_centrality,0.42857142857142855,sequential_ollama/qwen3.5:27b_w_interests,11
4.0,degree_centrality,0.42857142857142855,sequential_ollama/qwen3.5:27b_w_interests,44
4.0,degree_centrality,0.42857142857142855,sequential_ollama/qwen3.5:27b_w_interests,37
4.0,degree_centrality,0.44897959183673464,sequential_ollama/qwen3.5:27b_w_interests,22
4.0,degree_centrality,0.3877551020408163,sequential_ollama/qwen3.5:27b_w_interests,15
4.0,degree_centrality,0.36734693877551017,sequential_ollama/qwen3.5:27b_w_interests,10
4.0,degree_centrality,0.42857142857142855,sequential_ollama/qwen3.5:27b_w_interests,8
4.0,degree_centrality,0.4081632653061224,sequential_ollama/qwen3.5:27b_w_interests,27
4.0,degree_centrality,0.42857142857142855,sequential_ollama/qwen3.5:27b_w_interests,13
4.0,degree_centrality,0.42857142857142855,sequential_ollama/qwen3.5:27b_w_interests,31
4.0,degree_centrality,0.4081632653061224,sequential_ollama/qwen3.5:27b_w_interests,28
4.0,degree_centrality,0.42857142857142855,sequential_ollama/qwen3.5:27b_w_interests,46
4.0,degree_centrality,0.3061224489795918,sequential_ollama/qwen3.5:27b_w_interests,20
4.0,degree_centrality,0.3877551020408163,sequential_ollama/qwen3.5:27b_w_interests,26
4.0,degree_centrality,0.42857142857142855,sequential_ollama/qwen3.5:27b_w_interests,42
4.0,degree_centrality,0.4081632653061224,sequential_ollama/qwen3.5:27b_w_interests,4
4.0,degree_centrality,0.4081632653061224,sequential_ollama/qwen3.5:27b_w_interests,32
4.0,degree_centrality,0.4693877551020408,sequential_ollama/qwen3.5:27b_w_interests,5
4.0,degree_centrality,0.4081632653061224,sequential_ollama/qwen3.5:27b_w_interests,7
4.0,degree_centrality,0.32653061224489793,sequential_ollama/qwen3.5:27b_w_interests,49
4.0,degree_centrality,0.4081632653061224,sequential_ollama/qwen3.5:27b_w_interests,34
4.0,degree_centrality,0.16326530612244897,sequential_ollama/qwen3.5:27b_w_interests,36
4.0,degree_centrality,0.12244897959183673,sequential_ollama/qwen3.5:27b_w_interests,29
4.0,degree_centrality,0.061224489795918366,sequential_ollama/qwen3.5:27b_w_interests,18
4.0,degree_centrality,0.12244897959183673,sequential_ollama/qwen3.5:27b_w_interests,3
4.0,degree_centrality,0.12244897959183673,sequential_ollama/qwen3.5:27b_w_interests,0
4.0,degree_centrality,0.08163265306122448,sequential_ollama/qwen3.5:27b_w_interests,39
4.0,degree_centrality,0.1020408163265306,sequential_ollama/qwen3.5:27b_w_interests,14
4.0,degree_centrality,0.1020408163265306,sequential_ollama/qwen3.5:27b_w_interests,23
4.0,betweenness_centrality,0.03469566004916817,sequential_ollama/qwen3.5:27b_w_interests,6
4.0,betweenness_centrality,0.0022470080713758627,sequential_ollama/qwen3.5:27b_w_interests,48
4.0,betweenness_centrality,0.03221141652013,sequential_ollama/qwen3.5:27b_w_interests,40
4.0,betweenness_centrality,0.28877026762003677,sequential_ollama/qwen3.5:27b_w_interests,47
4.0,betweenness_centrality,0.002932433756801548,sequential_ollama/qwen3.5:27b_w_interests,45
4.0,betweenness_centrality,0.004543018466876051,sequential_ollama/qwen3.5:27b_w_interests,24
4.0,betweenness_centrality,0.06407476972577009,sequential_ollama/qwen3.5:27b_w_interests,12
4.0,betweenness_centrality,0.0022470080713758627,sequential_ollama/qwen3.5:27b_w_interests,9
4.0,betweenness_centrality,0.0022470080713758627,sequential_ollama/qwen3.5:27b_w_interests,33
4.0,betweenness_centrality,0.2152208158836297,sequential_ollama/qwen3.5:27b_w_interests,38
4.0,betweenness_centrality,0.0005899171341163357,sequential_ollama/qwen3.5:27b_w_interests,17
4.0,betweenness_centrality,0.0007043221328935616,sequential_ollama/qwen3.5:27b_w_interests,2
4.0,betweenness_centrality,0.001180860582202641,sequential_ollama/qwen3.5:27b_w_interests,41
4.0,betweenness_centrality,0.0005858678953732194,sequential_ollama/qwen3.5:27b_w_interests,43
4.0,betweenness_centrality,0.0013887215043492773,sequential_ollama/qwen3.5:27b_w_interests,16
4.0,betweenness_centrality,0.03559440504038995,sequential_ollama/qwen3.5:27b_w_interests,35
4.0,betweenness_centrality,0.0017399149414455536,sequential_ollama/qwen3.5:27b_w_interests,21
4.0,betweenness_centrality,0.0011570699708454808,sequential_ollama/qwen3.5:27b_w_interests,19
4.0,betweenness_centrality,0.0013887215043492773,sequential_ollama/qwen3.5:27b_w_interests,30
4.0,betweenness_centrality,0.0018603657897690732,sequential_ollama/qwen3.5:27b_w_interests,1
4.0,betweenness_centrality,0.0016255099426683282,sequential_ollama/qwen3.5:27b_w_interests,25
4.0,betweenness_centrality,0.0033664349003299223,sequential_ollama/qwen3.5:27b_w_interests,11
4.0,betweenness_centrality,0.004231717848381618,sequential_ollama/qwen3.5:27b_w_interests,44
4.0,betweenness_centrality,0.004231717848381618,sequential_ollama/qwen3.5:27b_w_interests,37
4.0,betweenness_centrality,0.011771242070202324,sequential_ollama/qwen3.5:27b_w_interests,22
4.0,betweenness_centrality,0.00013064768703866447,sequential_ollama/qwen3.5:27b_w_interests,15
4.0,betweenness_centrality,8.34065683689744e-05,sequential_ollama/qwen3.5:27b_w_interests,10
4.0,betweenness_centrality,0.0033664349003299223,sequential_ollama/qwen3.5:27b_w_interests,8
4.0,betweenness_centrality,0.0031722697428110025,sequential_ollama/qwen3.5:27b_w_interests,27
4.0,betweenness_centrality,0.0033664349003299223,sequential_ollama/qwen3.5:27b_w_interests,13
4.0,betweenness_centrality,0.0033664349003299223,sequential_ollama/qwen3.5:27b_w_interests,31
4.0,betweenness_centrality,0.0005410499431792159,sequential_ollama/qwen3.5:27b_w_interests,28
4.0,betweenness_centrality,0.0033664349003299223,sequential_ollama/qwen3.5:27b_w_interests,46
4.0,betweenness_centrality,0.001500859142828974,sequential_ollama/qwen3.5:27b_w_interests,20
4.0,betweenness_centrality,0.0025565077548685635,sequential_ollama/qwen3.5:27b_w_interests,26
4.0,betweenness_centrality,0.0033664349003299223,sequential_ollama/qwen3.5:27b_w_interests,42
4.0,betweenness_centrality,0.0005410499431792159,sequential_ollama/qwen3.5:27b_w_interests,4
4.0,betweenness_centrality,0.0005410499431792159,sequential_ollama/qwen3.5:27b_w_interests,32
4.0,betweenness_centrality,0.08562696064479527,sequential_ollama/qwen3.5:27b_w_interests,5
4.0,betweenness_centrality,0.0036087305582274604,sequential_ollama/qwen3.5:27b_w_interests,7
4.0,betweenness_centrality,0.19299900313080176,sequential_ollama/qwen3.5:27b_w_interests,49
4.0,betweenness_centrality,0.0036087305582274604,sequential_ollama/qwen3.5:27b_w_interests,34
4.0,betweenness_centrality,0.0,sequential_ollama/qwen3.5:27b_w_interests,36
4.0,betweenness_centrality,0.0,sequential_ollama/qwen3.5:27b_w_interests,29
4.0,betweenness_centrality,0.0,sequential_ollama/qwen3.5:27b_w_interests,18
4.0,betweenness_centrality,0.01886779603616338,sequential_ollama/qwen3.5:27b_w_interests,3
4.0,betweenness_centrality,0.07860381911350983,sequential_ollama/qwen3.5:27b_w_interests,0
4.0,betweenness_centrality,0.00044946550048590865,sequential_ollama/qwen3.5:27b_w_interests,39
4.0,betweenness_centrality,0.012863112416683845,sequential_ollama/qwen3.5:27b_w_interests,14
4.0,betweenness_centrality,0.009078055825504805,sequential_ollama/qwen3.5:27b_w_interests,23
4.0,closeness_centrality,0.5157894736842106,sequential_ollama/qwen3.5:27b_w_interests,6
4.0,closeness_centrality,0.47115384615384615,sequential_ollama/qwen3.5:27b_w_interests,48
4.0,closeness_centrality,0.5051546391752577,sequential_ollama/qwen3.5:27b_w_interests,40
4.0,closeness_centrality,0.6447368421052632,sequential_ollama/qwen3.5:27b_w_interests,47
4.0,closeness_centrality,0.47572815533980584,sequential_ollama/qwen3.5:27b_w_interests,45
4.0,closeness_centrality,0.4803921568627451,sequential_ollama/qwen3.5:27b_w_interests,24
4.0,closeness_centrality,0.550561797752809,sequential_ollama/qwen3.5:27b_w_interests,12
4.0,closeness_centrality,0.47115384615384615,sequential_ollama/qwen3.5:27b_w_interests,9
4.0,closeness_centrality,0.47115384615384615,sequential_ollama/qwen3.5:27b_w_interests,33
4.0,closeness_centrality,0.6049382716049383,sequential_ollama/qwen3.5:27b_w_interests,38
4.0,closeness_centrality,0.45794392523364486,sequential_ollama/qwen3.5:27b_w_interests,17
4.0,closeness_centrality,0.4083333333333333,sequential_ollama/qwen3.5:27b_w_interests,2
4.0,closeness_centrality,0.4666666666666667,sequential_ollama/qwen3.5:27b_w_interests,41
4.0,closeness_centrality,0.46226415094339623,sequential_ollama/qwen3.5:27b_w_interests,43
4.0,closeness_centrality,0.47115384615384615,sequential_ollama/qwen3.5:27b_w_interests,16
4.0,closeness_centrality,0.49,sequential_ollama/qwen3.5:27b_w_interests,35
4.0,closeness_centrality,0.4666666666666667,sequential_ollama/qwen3.5:27b_w_interests,21
4.0,closeness_centrality,0.4666666666666667,sequential_ollama/qwen3.5:27b_w_interests,19
4.0,closeness_centrality,0.47115384615384615,sequential_ollama/qwen3.5:27b_w_interests,30
4.0,closeness_centrality,0.47115384615384615,sequential_ollama/qwen3.5:27b_w_interests,1
4.0,closeness_centrality,0.4666666666666667,sequential_ollama/qwen3.5:27b_w_interests,25
4.0,closeness_centrality,0.5,sequential_ollama/qwen3.5:27b_w_interests,11
4.0,closeness_centrality,0.4803921568627451,sequential_ollama/qwen3.5:27b_w_interests,44
4.0,closeness_centrality,0.4803921568627451,sequential_ollama/qwen3.5:27b_w_interests,37
4.0,closeness_centrality,0.5051546391752577,sequential_ollama/qwen3.5:27b_w_interests,22
4.0,closeness_centrality,0.47115384615384615,sequential_ollama/qwen3.5:27b_w_interests,15
4.0,closeness_centrality,0.4666666666666667,sequential_ollama/qwen3.5:27b_w_interests,10
4.0,closeness_centrality,0.5,sequential_ollama/qwen3.5:27b_w_interests,8
4.0,closeness_centrality,0.49,sequential_ollama/qwen3.5:27b_w_interests,27
4.0,closeness_centrality,0.5,sequential_ollama/qwen3.5:27b_w_interests,13
4.0,closeness_centrality,0.5,sequential_ollama/qwen3.5:27b_w_interests,31
4.0,closeness_centrality,0.47572815533980584,sequential_ollama/qwen3.5:27b_w_interests,28
4.0,closeness_centrality,0.5,sequential_ollama/qwen3.5:27b_w_interests,46
4.0,closeness_centrality,0.4666666666666667,sequential_ollama/qwen3.5:27b_w_interests,20
4.0,closeness_centrality,0.49,sequential_ollama/qwen3.5:27b_w_interests,26
4.0,closeness_centrality,0.5,sequential_ollama/qwen3.5:27b_w_interests,42
4.0,closeness_centrality,0.47572815533980584,sequential_ollama/qwen3.5:27b_w_interests,4
4.0,closeness_centrality,0.47572815533980584,sequential_ollama/qwen3.5:27b_w_interests,32
4.0,closeness_centrality,0.532608695652174,sequential_ollama/qwen3.5:27b_w_interests,5
4.0,closeness_centrality,0.47572815533980584,sequential_ollama/qwen3.5:27b_w_interests,7
4.0,closeness_centrality,0.5833333333333334,sequential_ollama/qwen3.5:27b_w_interests,49
4.0,closeness_centrality,0.47572815533980584,sequential_ollama/qwen3.5:27b_w_interests,34
4.0,closeness_centrality,0.4298245614035088,sequential_ollama/qwen3.5:27b_w_interests,36
4.0,closeness_centrality,0.362962962962963,sequential_ollama/qwen3.5:27b_w_interests,29
4.0,closeness_centrality,0.35507246376811596,sequential_ollama/qwen3.5:27b_w_interests,18
4.0,closeness_centrality,0.4336283185840708,sequential_ollama/qwen3.5:27b_w_interests,3
4.0,closeness_centrality,0.5268817204301075,sequential_ollama/qwen3.5:27b_w_interests,0
4.0,closeness_centrality,0.362962962962963,sequential_ollama/qwen3.5:27b_w_interests,39
4.0,closeness_centrality,0.47572815533980584,sequential_ollama/qwen3.5:27b_w_interests,14
4.0,closeness_centrality,0.4260869565217391,sequential_ollama/qwen3.5:27b_w_interests,23
5.0,degree_centrality,0.4081632653061224,sequential_ollama/qwen3.5:27b_w_interests,42
5.0,degree_centrality,0.44897959183673464,sequential_ollama/qwen3.5:27b_w_interests,7
5.0,degree_centrality,0.4693877551020408,sequential_ollama/qwen3.5:27b_w_interests,28
5.0,degree_centrality,0.42857142857142855,sequential_ollama/qwen3.5:27b_w_interests,31
5.0,degree_centrality,0.36734693877551017,sequential_ollama/qwen3.5:27b_w_interests,37
5.0,degree_centrality,0.42857142857142855,sequential_ollama/qwen3.5:27b_w_interests,46
5.0,degree_centrality,0.4081632653061224,sequential_ollama/qwen3.5:27b_w_interests,26
5.0,degree_centrality,0.44897959183673464,sequential_ollama/qwen3.5:27b_w_interests,13
5.0,degree_centrality,0.4081632653061224,sequential_ollama/qwen3.5:27b_w_interests,34
5.0,degree_centrality,0.4693877551020408,sequential_ollama/qwen3.5:27b_w_interests,10
5.0,degree_centrality,0.44897959183673464,sequential_ollama/qwen3.5:27b_w_interests,44
5.0,degree_centrality,0.4693877551020408,sequential_ollama/qwen3.5:27b_w_interests,8
5.0,degree_centrality,0.44897959183673464,sequential_ollama/qwen3.5:27b_w_interests,38
5.0,degree_centrality,0.4693877551020408,sequential_ollama/qwen3.5:27b_w_interests,11
5.0,degree_centrality,0.4081632653061224,sequential_ollama/qwen3.5:27b_w_interests,29
5.0,degree_centrality,0.42857142857142855,sequential_ollama/qwen3.5:27b_w_interests,5
5.0,degree_centrality,0.4693877551020408,sequential_ollama/qwen3.5:27b_w_interests,22
5.0,degree_centrality,0.42857142857142855,sequential_ollama/qwen3.5:27b_w_interests,15
5.0,degree_centrality,0.44897959183673464,sequential_ollama/qwen3.5:27b_w_interests,4
5.0,degree_centrality,0.14285714285714285,sequential_ollama/qwen3.5:27b_w_interests,6
5.0,degree_centrality,0.4081632653061224,sequential_ollama/qwen3.5:27b_w_interests,49
5.0,degree_centrality,0.36734693877551017,sequential_ollama/qwen3.5:27b_w_interests,33
5.0,degree_centrality,0.44897959183673464,sequential_ollama/qwen3.5:27b_w_interests,32
5.0,degree_centrality,0.2857142857142857,sequential_ollama/qwen3.5:27b_w_interests,48
5.0,degree_centrality,0.3469387755102041,sequential_ollama/qwen3.5:27b_w_interests,24
5.0,degree_centrality,0.32653061224489793,sequential_ollama/qwen3.5:27b_w_interests,47
5.0,degree_centrality,0.3469387755102041,sequential_ollama/qwen3.5:27b_w_interests,45
5.0,degree_centrality,0.36734693877551017,sequential_ollama/qwen3.5:27b_w_interests,25
5.0,degree_centrality,0.22448979591836732,sequential_ollama/qwen3.5:27b_w_interests,36
5.0,degree_centrality,0.3469387755102041,sequential_ollama/qwen3.5:27b_w_interests,19
5.0,degree_centrality,0.36734693877551017,sequential_ollama/qwen3.5:27b_w_interests,17
5.0,degree_centrality,0.24489795918367346,sequential_ollama/qwen3.5:27b_w_interests,21
5.0,degree_centrality,0.3061224489795918,sequential_ollama/qwen3.5:27b_w_interests,43
5.0,degree_centrality,0.22448979591836732,sequential_ollama/qwen3.5:27b_w_interests,35
5.0,degree_centrality,0.18367346938775508,sequential_ollama/qwen3.5:27b_w_interests,2
5.0,degree_centrality,0.3061224489795918,sequential_ollama/qwen3.5:27b_w_interests,16
5.0,degree_centrality,0.3061224489795918,sequential_ollama/qwen3.5:27b_w_interests,30
5.0,degree_centrality,0.3061224489795918,sequential_ollama/qwen3.5:27b_w_interests,9
5.0,degree_centrality,0.3469387755102041,sequential_ollama/qwen3.5:27b_w_interests,1
5.0,degree_centrality,0.36734693877551017,sequential_ollama/qwen3.5:27b_w_interests,12
5.0,degree_centrality,0.3877551020408163,sequential_ollama/qwen3.5:27b_w_interests,27
5.0,degree_centrality,0.26530612244897955,sequential_ollama/qwen3.5:27b_w_interests,20
5.0,degree_centrality,0.2040816326530612,sequential_ollama/qwen3.5:27b_w_interests,0
5.0,degree_centrality,0.26530612244897955,sequential_ollama/qwen3.5:27b_w_interests,41
5.0,degree_centrality,0.04081632653061224,sequential_ollama/qwen3.5:27b_w_interests,3
5.0,degree_centrality,0.12244897959183673,sequential_ollama/qwen3.5:27b_w_interests,39
5.0,degree_centrality,0.061224489795918366,sequential_ollama/qwen3.5:27b_w_interests,18
5.0,degree_centrality,0.08163265306122448,sequential_ollama/qwen3.5:27b_w_interests,23
5.0,degree_centrality,0.1020408163265306,sequential_ollama/qwen3.5:27b_w_interests,14
5.0,degree_centrality,0.08163265306122448,sequential_ollama/qwen3.5:27b_w_interests,40
5.0,betweenness_centrality,0.0402652763538155,sequential_ollama/qwen3.5:27b_w_interests,42
5.0,betweenness_centrality,0.006759827389483667,sequential_ollama/qwen3.5:27b_w_interests,7
5.0,betweenness_centrality,0.008755793416733262,sequential_ollama/qwen3.5:27b_w_interests,28
5.0,betweenness_centrality,0.0028899740920996786,sequential_ollama/qwen3.5:27b_w_interests,31
5.0,betweenness_centrality,0.0045059708337945375,sequential_ollama/qwen3.5:27b_w_interests,37
5.0,betweenness_centrality,0.0018269114990698354,sequential_ollama/qwen3.5:27b_w_interests,46
5.0,betweenness_centrality,0.001165644497200804,sequential_ollama/qwen3.5:27b_w_interests,26
5.0,betweenness_centrality,0.003269242863100143,sequential_ollama/qwen3.5:27b_w_interests,13
5.0,betweenness_centrality,0.0007644245684264322,sequential_ollama/qwen3.5:27b_w_interests,34
5.0,betweenness_centrality,0.008755793416733262,sequential_ollama/qwen3.5:27b_w_interests,10
5.0,betweenness_centrality,0.006759827389483667,sequential_ollama/qwen3.5:27b_w_interests,44
5.0,betweenness_centrality,0.008755793416733262,sequential_ollama/qwen3.5:27b_w_interests,8
5.0,betweenness_centrality,0.1253847217542223,sequential_ollama/qwen3.5:27b_w_interests,38
5.0,betweenness_centrality,0.008755793416733262,sequential_ollama/qwen3.5:27b_w_interests,11
5.0,betweenness_centrality,0.18707452269576802,sequential_ollama/qwen3.5:27b_w_interests,29
5.0,betweenness_centrality,0.0014150001918596198,sequential_ollama/qwen3.5:27b_w_interests,5
5.0,betweenness_centrality,0.008755793416733262,sequential_ollama/qwen3.5:27b_w_interests,22
5.0,betweenness_centrality,0.0014150001918596198,sequential_ollama/qwen3.5:27b_w_interests,15
5.0,betweenness_centrality,0.003269242863100143,sequential_ollama/qwen3.5:27b_w_interests,4
5.0,betweenness_centrality,0.03301142226253567,sequential_ollama/qwen3.5:27b_w_interests,6
5.0,betweenness_centrality,0.0014476427280693724,sequential_ollama/qwen3.5:27b_w_interests,49
5.0,betweenness_centrality,0.1172988851197629,sequential_ollama/qwen3.5:27b_w_interests,33
5.0,betweenness_centrality,0.0076284751385079334,sequential_ollama/qwen3.5:27b_w_interests,32
5.0,betweenness_centrality,0.06287063269173732,sequential_ollama/qwen3.5:27b_w_interests,48
5.0,betweenness_centrality,0.0053565453298367064,sequential_ollama/qwen3.5:27b_w_interests,24
5.0,betweenness_centrality,0.1274151705078137,sequential_ollama/qwen3.5:27b_w_interests,47
5.0,betweenness_centrality,0.012794641783158303,sequential_ollama/qwen3.5:27b_w_interests,45
5.0,betweenness_centrality,0.017056832460665104,sequential_ollama/qwen3.5:27b_w_interests,25
5.0,betweenness_centrality,0.0036852240896358543,sequential_ollama/qwen3.5:27b_w_interests,36
5.0,betweenness_centrality,0.010115474181837626,sequential_ollama/qwen3.5:27b_w_interests,19
5.0,betweenness_centrality,0.011387680811187115,sequential_ollama/qwen3.5:27b_w_interests,17
5.0,betweenness_centrality,0.0007210203983913467,sequential_ollama/qwen3.5:27b_w_interests,21
5.0,betweenness_centrality,0.001226624194876713,sequential_ollama/qwen3.5:27b_w_interests,43
5.0,betweenness_centrality,0.10638474637432677,sequential_ollama/qwen3.5:27b_w_interests,35
5.0,betweenness_centrality,0.00011543078769969528,sequential_ollama/qwen3.5:27b_w_interests,2
5.0,betweenness_centrality,0.0013029754146853159,sequential_ollama/qwen3.5:27b_w_interests,16
5.0,betweenness_centrality,0.011574000538238465,sequential_ollama/qwen3.5:27b_w_interests,30
5.0,betweenness_centrality,0.0013029754146853159,sequential_ollama/qwen3.5:27b_w_interests,9
5.0,betweenness_centrality,0.009180714182451777,sequential_ollama/qwen3.5:27b_w_interests,1
5.0,betweenness_centrality,0.018207562443493714,sequential_ollama/qwen3.5:27b_w_interests,12
5.0,betweenness_centrality,0.029221092333475435,sequential_ollama/qwen3.5:27b_w_interests,27
5.0,betweenness_centrality,0.014764807517026825,sequential_ollama/qwen3.5:27b_w_interests,20
5.0,betweenness_centrality,0.05503873650020267,sequential_ollama/qwen3.5:27b_w_interests,0
5.0,betweenness_centrality,0.0014334383899710027,sequential_ollama/qwen3.5:27b_w_interests,41
5.0,betweenness_centrality,0.0,sequential_ollama/qwen3.5:27b_w_interests,3
5.0,betweenness_centrality,0.0841426038097921,sequential_ollama/qwen3.5:27b_w_interests,39
5.0,betweenness_centrality,0.00042517006802721087,sequential_ollama/qwen3.5:27b_w_interests,18
5.0,betweenness_centrality,0.011274241631384487,sequential_ollama/qwen3.5:27b_w_interests,23
5.0,betweenness_centrality,0.04576011262828095,sequential_ollama/qwen3.5:27b_w_interests,14
5.0,betweenness_centrality,0.0003037632802038564,sequential_ollama/qwen3.5:27b_w_interests,40
5.0,closeness_centrality,0.494949494949495,sequential_ollama/qwen3.5:27b_w_interests,42
5.0,closeness_centrality,0.5104166666666666,sequential_ollama/qwen3.5:27b_w_interests,7
5.0,closeness_centrality,0.5157894736842106,sequential_ollama/qwen3.5:27b_w_interests,28
5.0,closeness_centrality,0.49,sequential_ollama/qwen3.5:27b_w_interests,31
5.0,closeness_centrality,0.48514851485148514,sequential_ollama/qwen3.5:27b_w_interests,37
5.0,closeness_centrality,0.46226415094339623,sequential_ollama/qwen3.5:27b_w_interests,46
5.0,closeness_centrality,0.48514851485148514,sequential_ollama/qwen3.5:27b_w_interests,26
5.0,closeness_centrality,0.494949494949495,sequential_ollama/qwen3.5:27b_w_interests,13
5.0,closeness_centrality,0.47572815533980584,sequential_ollama/qwen3.5:27b_w_interests,34
5.0,closeness_centrality,0.5157894736842106,sequential_ollama/qwen3.5:27b_w_interests,10
5.0,closeness_centrality,0.5104166666666666,sequential_ollama/qwen3.5:27b_w_interests,44
5.0,closeness_centrality,0.5157894736842106,sequential_ollama/qwen3.5:27b_w_interests,8
5.0,closeness_centrality,0.5632183908045977,sequential_ollama/qwen3.5:27b_w_interests,38
5.0,closeness_centrality,0.5157894736842106,sequential_ollama/qwen3.5:27b_w_interests,11
5.0,closeness_centrality,0.5568181818181818,sequential_ollama/qwen3.5:27b_w_interests,29
5.0,closeness_centrality,0.49,sequential_ollama/qwen3.5:27b_w_interests,5
5.0,closeness_centrality,0.5157894736842106,sequential_ollama/qwen3.5:27b_w_interests,22
5.0,closeness_centrality,0.49,sequential_ollama/qwen3.5:27b_w_interests,15
5.0,closeness_centrality,0.494949494949495,sequential_ollama/qwen3.5:27b_w_interests,4
5.0,closeness_centrality,0.4803921568627451,sequential_ollama/qwen3.5:27b_w_interests,6
5.0,closeness_centrality,0.45794392523364486,sequential_ollama/qwen3.5:27b_w_interests,49
5.0,closeness_centrality,0.5632183908045977,sequential_ollama/qwen3.5:27b_w_interests,33
5.0,closeness_centrality,0.5051546391752577,sequential_ollama/qwen3.5:27b_w_interests,32
5.0,closeness_centrality,0.5104166666666666,sequential_ollama/qwen3.5:27b_w_interests,48
5.0,closeness_centrality,0.44144144144144143,sequential_ollama/qwen3.5:27b_w_interests,24
5.0,closeness_centrality,0.5384615384615384,sequential_ollama/qwen3.5:27b_w_interests,47
5.0,closeness_centrality,0.47115384615384615,sequential_ollama/qwen3.5:27b_w_interests,45
5.0,closeness_centrality,0.47572815533980584,sequential_ollama/qwen3.5:27b_w_interests,25
5.0,closeness_centrality,0.4152542372881356,sequential_ollama/qwen3.5:27b_w_interests,36
5.0,closeness_centrality,0.4666666666666667,sequential_ollama/qwen3.5:27b_w_interests,19
5.0,closeness_centrality,0.47115384615384615,sequential_ollama/qwen3.5:27b_w_interests,17
5.0,closeness_centrality,0.4152542372881356,sequential_ollama/qwen3.5:27b_w_interests,21
5.0,closeness_centrality,0.4298245614035088,sequential_ollama/qwen3.5:27b_w_interests,43
5.0,closeness_centrality,0.45794392523364486,sequential_ollama/qwen3.5:27b_w_interests,35
5.0,closeness_centrality,0.3951612903225806,sequential_ollama/qwen3.5:27b_w_interests,2
5.0,closeness_centrality,0.4152542372881356,sequential_ollama/qwen3.5:27b_w_interests,16
5.0,closeness_centrality,0.44545454545454544,sequential_ollama/qwen3.5:27b_w_interests,30
5.0,closeness_centrality,0.4152542372881356,sequential_ollama/qwen3.5:27b_w_interests,9
5.0,closeness_centrality,0.4666666666666667,sequential_ollama/qwen3.5:27b_w_interests,1
5.0,closeness_centrality,0.47115384615384615,sequential_ollama/qwen3.5:27b_w_interests,12
5.0,closeness_centrality,0.47572815533980584,sequential_ollama/qwen3.5:27b_w_interests,27
5.0,closeness_centrality,0.4224137931034483,sequential_ollama/qwen3.5:27b_w_interests,20
5.0,closeness_centrality,0.4188034188034188,sequential_ollama/qwen3.5:27b_w_interests,0
5.0,closeness_centrality,0.4224137931034483,sequential_ollama/qwen3.5:27b_w_interests,41
5.0,closeness_centrality,0.3006134969325153,sequential_ollama/qwen3.5:27b_w_interests,3
5.0,closeness_centrality,0.4224137931034483,sequential_ollama/qwen3.5:27b_w_interests,39
5.0,closeness_centrality,0.30246913580246915,sequential_ollama/qwen3.5:27b_w_interests,18
5.0,closeness_centrality,0.3798449612403101,sequential_ollama/qwen3.5:27b_w_interests,23
5.0,closeness_centrality,0.44954128440366975,sequential_ollama/qwen3.5:27b_w_interests,14
5.0,closeness_centrality,0.3888888888888889,sequential_ollama/qwen3.5:27b_w_interests,40
6.0,degree_centrality,0.44897959183673464,sequential_ollama/qwen3.5:27b_w_interests,49
6.0,degree_centrality,0.42857142857142855,sequential_ollama/qwen3.5:27b_w_interests,46
6.0,degree_centrality,0.44897959183673464,sequential_ollama/qwen3.5:27b_w_interests,34
6.0,degree_centrality,0.42857142857142855,sequential_ollama/qwen3.5:27b_w_interests,8
6.0,degree_centrality,0.42857142857142855,sequential_ollama/qwen3.5:27b_w_interests,11
6.0,degree_centrality,0.42857142857142855,sequential_ollama/qwen3.5:27b_w_interests,28
6.0,degree_centrality,0.44897959183673464,sequential_ollama/qwen3.5:27b_w_interests,5
6.0,degree_centrality,0.36734693877551017,sequential_ollama/qwen3.5:27b_w_interests,20
6.0,degree_centrality,0.44897959183673464,sequential_ollama/qwen3.5:27b_w_interests,44
6.0,degree_centrality,0.44897959183673464,sequential_ollama/qwen3.5:27b_w_interests,22
6.0,degree_centrality,0.4693877551020408,sequential_ollama/qwen3.5:27b_w_interests,10
6.0,degree_centrality,0.4693877551020408,sequential_ollama/qwen3.5:27b_w_interests,37
6.0,degree_centrality,0.44897959183673464,sequential_ollama/qwen3.5:27b_w_interests,42
6.0,degree_centrality,0.42857142857142855,sequential_ollama/qwen3.5:27b_w_interests,26
6.0,degree_centrality,0.42857142857142855,sequential_ollama/qwen3.5:27b_w_interests,15
6.0,degree_centrality,0.4081632653061224,sequential_ollama/qwen3.5:27b_w_interests,32
6.0,degree_centrality,0.36734693877551017,sequential_ollama/qwen3.5:27b_w_interests,27
6.0,degree_centrality,0.42857142857142855,sequential_ollama/qwen3.5:27b_w_interests,38
6.0,degree_centrality,0.42857142857142855,sequential_ollama/qwen3.5:27b_w_interests,31
6.0,degree_centrality,0.42857142857142855,sequential_ollama/qwen3.5:27b_w_interests,13
6.0,degree_centrality,0.44897959183673464,sequential_ollama/qwen3.5:27b_w_interests,7
6.0,degree_centrality,0.42857142857142855,sequential_ollama/qwen3.5:27b_w_interests,4
6.0,degree_centrality,0.36734693877551017,sequential_ollama/qwen3.5:27b_w_interests,40
6.0,degree_centrality,0.4081632653061224,sequential_ollama/qwen3.5:27b_w_interests,21
6.0,degree_centrality,0.3877551020408163,sequential_ollama/qwen3.5:27b_w_interests,17
6.0,degree_centrality,0.3877551020408163,sequential_ollama/qwen3.5:27b_w_interests,1
6.0,degree_centrality,0.4081632653061224,sequential_ollama/qwen3.5:27b_w_interests,30
6.0,degree_centrality,0.36734693877551017,sequential_ollama/qwen3.5:27b_w_interests,36
6.0,degree_centrality,0.36734693877551017,sequential_ollama/qwen3.5:27b_w_interests,16
6.0,degree_centrality,0.3877551020408163,sequential_ollama/qwen3.5:27b_w_interests,48
6.0,degree_centrality,0.4081632653061224,sequential_ollama/qwen3.5:27b_w_interests,12
6.0,degree_centrality,0.4081632653061224,sequential_ollama/qwen3.5:27b_w_interests,35
6.0,degree_centrality,0.22448979591836732,sequential_ollama/qwen3.5:27b_w_interests,6
6.0,degree_centrality,0.3469387755102041,sequential_ollama/qwen3.5:27b_w_interests,2
6.0,degree_centrality,0.42857142857142855,sequential_ollama/qwen3.5:27b_w_interests,9
6.0,degree_centrality,0.3877551020408163,sequential_ollama/qwen3.5:27b_w_interests,33
6.0,degree_centrality,0.42857142857142855,sequential_ollama/qwen3.5:27b_w_interests,45
6.0,degree_centrality,0.42857142857142855,sequential_ollama/qwen3.5:27b_w_interests,25
6.0,degree_centrality,0.36734693877551017,sequential_ollama/qwen3.5:27b_w_interests,47
6.0,degree_centrality,0.3061224489795918,sequential_ollama/qwen3.5:27b_w_interests,24
6.0,degree_centrality,0.26530612244897955,sequential_ollama/qwen3.5:27b_w_interests,29
6.0,degree_centrality,0.08163265306122448,sequential_ollama/qwen3.5:27b_w_interests,23
6.0,degree_centrality,0.04081632653061224,sequential_ollama/qwen3.5:27b_w_interests,14
6.0,degree_centrality,0.04081632653061224,sequential_ollama/qwen3.5:27b_w_interests,0
6.0,degree_centrality,0.16326530612244897,sequential_ollama/qwen3.5:27b_w_interests,18
6.0,degree_centrality,0.08163265306122448,sequential_ollama/qwen3.5:27b_w_interests,39
6.0,degree_centrality,0.3061224489795918,sequential_ollama/qwen3.5:27b_w_interests,41
6.0,degree_centrality,0.3469387755102041,sequential_ollama/qwen3.5:27b_w_interests,43
6.0,degree_centrality,0.3061224489795918,sequential_ollama/qwen3.5:27b_w_interests,19
6.0,degree_centrality,0.08163265306122448,sequential_ollama/qwen3.5:27b_w_interests,3
6.0,betweenness_centrality,0.08496344694060622,sequential_ollama/qwen3.5:27b_w_interests,49
6.0,betweenness_centrality,0.00034180338802187543,sequential_ollama/qwen3.5:27b_w_interests,46
6.0,betweenness_centrality,0.0027482583942667975,sequential_ollama/qwen3.5:27b_w_interests,34
6.0,betweenness_centrality,0.00034180338802187543,sequential_ollama/qwen3.5:27b_w_interests,8
6.0,betweenness_centrality,0.00034180338802187543,sequential_ollama/qwen3.5:27b_w_interests,11
6.0,betweenness_centrality,0.00034180338802187543,sequential_ollama/qwen3.5:27b_w_interests,28
6.0,betweenness_centrality,0.0027482583942667975,sequential_ollama/qwen3.5:27b_w_interests,5
6.0,betweenness_centrality,4.724111866969009e-05,sequential_ollama/qwen3.5:27b_w_interests,20
6.0,betweenness_centrality,0.0027482583942667975,sequential_ollama/qwen3.5:27b_w_interests,44
6.0,betweenness_centrality,0.0027482583942667975,sequential_ollama/qwen3.5:27b_w_interests,22
6.0,betweenness_centrality,0.11299929603876181,sequential_ollama/qwen3.5:27b_w_interests,10
6.0,betweenness_centrality,0.1001499298937024,sequential_ollama/qwen3.5:27b_w_interests,37
6.0,betweenness_centrality,0.03257946054551539,sequential_ollama/qwen3.5:27b_w_interests,42
6.0,betweenness_centrality,0.00034180338802187543,sequential_ollama/qwen3.5:27b_w_interests,26
6.0,betweenness_centrality,0.0023091559856265736,sequential_ollama/qwen3.5:27b_w_interests,15
6.0,betweenness_centrality,0.0018028423490608365,sequential_ollama/qwen3.5:27b_w_interests,32
6.0,betweenness_centrality,7.086167800453515e-05,sequential_ollama/qwen3.5:27b_w_interests,27
6.0,betweenness_centrality,0.029161161407678434,sequential_ollama/qwen3.5:27b_w_interests,38
6.0,betweenness_centrality,0.00034180338802187543,sequential_ollama/qwen3.5:27b_w_interests,31
6.0,betweenness_centrality,0.00034180338802187543,sequential_ollama/qwen3.5:27b_w_interests,13
6.0,betweenness_centrality,0.0027482583942667975,sequential_ollama/qwen3.5:27b_w_interests,7
6.0,betweenness_centrality,0.00034180338802187543,sequential_ollama/qwen3.5:27b_w_interests,4
6.0,betweenness_centrality,0.08783169548673117,sequential_ollama/qwen3.5:27b_w_interests,40
6.0,betweenness_centrality,0.004665931835780038,sequential_ollama/qwen3.5:27b_w_interests,21
6.0,betweenness_centrality,0.012502278469356089,sequential_ollama/qwen3.5:27b_w_interests,17
6.0,betweenness_centrality,0.001486908431429661,sequential_ollama/qwen3.5:27b_w_interests,1
6.0,betweenness_centrality,0.013639216143836412,sequential_ollama/qwen3.5:27b_w_interests,30
6.0,betweenness_centrality,0.014508671916108572,sequential_ollama/qwen3.5:27b_w_interests,36
6.0,betweenness_centrality,0.001116506913068959,sequential_ollama/qwen3.5:27b_w_interests,16
6.0,betweenness_centrality,0.0382233520054767,sequential_ollama/qwen3.5:27b_w_interests,48
6.0,betweenness_centrality,0.004665931835780038,sequential_ollama/qwen3.5:27b_w_interests,12
6.0,betweenness_centrality,0.037251441517391314,sequential_ollama/qwen3.5:27b_w_interests,35
6.0,betweenness_centrality,0.06615585117897227,sequential_ollama/qwen3.5:27b_w_interests,6
6.0,betweenness_centrality,0.09586543075803912,sequential_ollama/qwen3.5:27b_w_interests,2
6.0,betweenness_centrality,0.04288194874376714,sequential_ollama/qwen3.5:27b_w_interests,9
6.0,betweenness_centrality,0.001486908431429661,sequential_ollama/qwen3.5:27b_w_interests,33
6.0,betweenness_centrality,0.02617518462099715,sequential_ollama/qwen3.5:27b_w_interests,45
6.0,betweenness_centrality,0.01856367456429849,sequential_ollama/qwen3.5:27b_w_interests,25
6.0,betweenness_centrality,0.003980091417303143,sequential_ollama/qwen3.5:27b_w_interests,47
6.0,betweenness_centrality,0.001929780732420209,sequential_ollama/qwen3.5:27b_w_interests,24
6.0,betweenness_centrality,0.08385287894828557,sequential_ollama/qwen3.5:27b_w_interests,29
6.0,betweenness_centrality,0.026557116353034715,sequential_ollama/qwen3.5:27b_w_interests,23
6.0,betweenness_centrality,0.005593655211002149,sequential_ollama/qwen3.5:27b_w_interests,14
6.0,betweenness_centrality,0.0,sequential_ollama/qwen3.5:27b_w_interests,0
6.0,betweenness_centrality,0.14482901784546123,sequential_ollama/qwen3.5:27b_w_interests,18
6.0,betweenness_centrality,0.021412190417292462,sequential_ollama/qwen3.5:27b_w_interests,39
6.0,betweenness_centrality,0.00015146409440969368,sequential_ollama/qwen3.5:27b_w_interests,41
6.0,betweenness_centrality,0.0008297051988212661,sequential_ollama/qwen3.5:27b_w_interests,43
6.0,betweenness_centrality,0.00015985560891023076,sequential_ollama/qwen3.5:27b_w_interests,19
6.0,betweenness_centrality,0.00938269968882214,sequential_ollama/qwen3.5:27b_w_interests,3
6.0,closeness_centrality,0.5764705882352941,sequential_ollama/qwen3.5:27b_w_interests,49
6.0,closeness_centrality,0.47572815533980584,sequential_ollama/qwen3.5:27b_w_interests,46
6.0,closeness_centrality,0.494949494949495,sequential_ollama/qwen3.5:27b_w_interests,34
6.0,closeness_centrality,0.47572815533980584,sequential_ollama/qwen3.5:27b_w_interests,8
6.0,closeness_centrality,0.47572815533980584,sequential_ollama/qwen3.5:27b_w_interests,11
6.0,closeness_centrality,0.47572815533980584,sequential_ollama/qwen3.5:27b_w_interests,28
6.0,closeness_centrality,0.494949494949495,sequential_ollama/qwen3.5:27b_w_interests,5
6.0,closeness_centrality,0.45794392523364486,sequential_ollama/qwen3.5:27b_w_interests,20
6.0,closeness_centrality,0.494949494949495,sequential_ollama/qwen3.5:27b_w_interests,44
6.0,closeness_centrality,0.494949494949495,sequential_ollama/qwen3.5:27b_w_interests,22
6.0,closeness_centrality,0.550561797752809,sequential_ollama/qwen3.5:27b_w_interests,10
6.0,closeness_centrality,0.5833333333333334,sequential_ollama/qwen3.5:27b_w_interests,37
6.0,closeness_centrality,0.5268817204301075,sequential_ollama/qwen3.5:27b_w_interests,42
6.0,closeness_centrality,0.47572815533980584,sequential_ollama/qwen3.5:27b_w_interests,26
6.0,closeness_centrality,0.49,sequential_ollama/qwen3.5:27b_w_interests,15
6.0,closeness_centrality,0.48514851485148514,sequential_ollama/qwen3.5:27b_w_interests,32
6.0,closeness_centrality,0.46226415094339623,sequential_ollama/qwen3.5:27b_w_interests,27
6.0,closeness_centrality,0.5212765957446809,sequential_ollama/qwen3.5:27b_w_interests,38
6.0,closeness_centrality,0.47572815533980584,sequential_ollama/qwen3.5:27b_w_interests,31
6.0,closeness_centrality,0.47572815533980584,sequential_ollama/qwen3.5:27b_w_interests,13
6.0,closeness_centrality,0.494949494949495,sequential_ollama/qwen3.5:27b_w_interests,7
6.0,closeness_centrality,0.47572815533980584,sequential_ollama/qwen3.5:27b_w_interests,4
6.0,closeness_centrality,0.5833333333333334,sequential_ollama/qwen3.5:27b_w_interests,40
6.0,closeness_centrality,0.49,sequential_ollama/qwen3.5:27b_w_interests,21
6.0,closeness_centrality,0.48514851485148514,sequential_ollama/qwen3.5:27b_w_interests,17
6.0,closeness_centrality,0.47572815533980584,sequential_ollama/qwen3.5:27b_w_interests,1
6.0,closeness_centrality,0.5,sequential_ollama/qwen3.5:27b_w_interests,30
6.0,closeness_centrality,0.5,sequential_ollama/qwen3.5:27b_w_interests,36
6.0,closeness_centrality,0.47115384615384615,sequential_ollama/qwen3.5:27b_w_interests,16
6.0,closeness_centrality,0.5268817204301075,sequential_ollama/qwen3.5:27b_w_interests,48
6.0,closeness_centrality,0.49,sequential_ollama/qwen3.5:27b_w_interests,12
6.0,closeness_centrality,0.49,sequential_ollama/qwen3.5:27b_w_interests,35
6.0,closeness_centrality,0.5212765957446809,sequential_ollama/qwen3.5:27b_w_interests,6
6.0,closeness_centrality,0.5764705882352941,sequential_ollama/qwen3.5:27b_w_interests,2
6.0,closeness_centrality,0.5384615384615384,sequential_ollama/qwen3.5:27b_w_interests,9
6.0,closeness_centrality,0.47572815533980584,sequential_ollama/qwen3.5:27b_w_interests,33
6.0,closeness_centrality,0.5051546391752577,sequential_ollama/qwen3.5:27b_w_interests,45
6.0,closeness_centrality,0.5157894736842106,sequential_ollama/qwen3.5:27b_w_interests,25
6.0,closeness_centrality,0.47572815533980584,sequential_ollama/qwen3.5:27b_w_interests,47
6.0,closeness_centrality,0.46226415094339623,sequential_ollama/qwen3.5:27b_w_interests,24
6.0,closeness_centrality,0.5384615384615384,sequential_ollama/qwen3.5:27b_w_interests,29
6.0,closeness_centrality,0.3712121212121212,sequential_ollama/qwen3.5:27b_w_interests,23
6.0,closeness_centrality,0.35,sequential_ollama/qwen3.5:27b_w_interests,14
6.0,closeness_centrality,0.2768361581920904,sequential_ollama/qwen3.5:27b_w_interests,0
6.0,closeness_centrality,0.5444444444444444,sequential_ollama/qwen3.5:27b_w_interests,18
6.0,closeness_centrality,0.3712121212121212,sequential_ollama/qwen3.5:27b_w_interests,39
6.0,closeness_centrality,0.4537037037037037,sequential_ollama/qwen3.5:27b_w_interests,41
6.0,closeness_centrality,0.46226415094339623,sequential_ollama/qwen3.5:27b_w_interests,43
6.0,closeness_centrality,0.4117647058823529,sequential_ollama/qwen3.5:27b_w_interests,19
6.0,closeness_centrality,0.4152542372881356,sequential_ollama/qwen3.5:27b_w_interests,3
7.0,degree_centrality,0.42857142857142855,sequential_ollama/qwen3.5:27b_w_interests,13
7.0,degree_centrality,0.3061224489795918,sequential_ollama/qwen3.5:27b_w_interests,29
7.0,degree_centrality,0.4081632653061224,sequential_ollama/qwen3.5:27b_w_interests,10
7.0,degree_centrality,0.3877551020408163,sequential_ollama/qwen3.5:27b_w_interests,5
7.0,degree_centrality,0.3877551020408163,sequential_ollama/qwen3.5:27b_w_interests,38
7.0,degree_centrality,0.3877551020408163,sequential_ollama/qwen3.5:27b_w_interests,34
7.0,degree_centrality,0.3877551020408163,sequential_ollama/qwen3.5:27b_w_interests,7
7.0,degree_centrality,0.42857142857142855,sequential_ollama/qwen3.5:27b_w_interests,22
7.0,degree_centrality,0.42857142857142855,sequential_ollama/qwen3.5:27b_w_interests,8
7.0,degree_centrality,0.3877551020408163,sequential_ollama/qwen3.5:27b_w_interests,26
7.0,degree_centrality,0.3469387755102041,sequential_ollama/qwen3.5:27b_w_interests,42
7.0,degree_centrality,0.3469387755102041,sequential_ollama/qwen3.5:27b_w_interests,11
7.0,degree_centrality,0.42857142857142855,sequential_ollama/qwen3.5:27b_w_interests,4
7.0,degree_centrality,0.36734693877551017,sequential_ollama/qwen3.5:27b_w_interests,31
7.0,degree_centrality,0.3469387755102041,sequential_ollama/qwen3.5:27b_w_interests,46
7.0,degree_centrality,0.4081632653061224,sequential_ollama/qwen3.5:27b_w_interests,28
7.0,degree_centrality,0.08163265306122448,sequential_ollama/qwen3.5:27b_w_interests,20
7.0,degree_centrality,0.36734693877551017,sequential_ollama/qwen3.5:27b_w_interests,32
7.0,degree_centrality,0.4081632653061224,sequential_ollama/qwen3.5:27b_w_interests,44
7.0,degree_centrality,0.3877551020408163,sequential_ollama/qwen3.5:27b_w_interests,49
7.0,degree_centrality,0.4081632653061224,sequential_ollama/qwen3.5:27b_w_interests,15
7.0,degree_centrality,0.2040816326530612,sequential_ollama/qwen3.5:27b_w_interests,27
7.0,degree_centrality,0.14285714285714285,sequential_ollama/qwen3.5:27b_w_interests,37
7.0,degree_centrality,0.44897959183673464,sequential_ollama/qwen3.5:27b_w_interests,30
7.0,degree_centrality,0.3469387755102041,sequential_ollama/qwen3.5:27b_w_interests,17
7.0,degree_centrality,0.3061224489795918,sequential_ollama/qwen3.5:27b_w_interests,35
7.0,degree_centrality,0.3469387755102041,sequential_ollama/qwen3.5:27b_w_interests,9
7.0,degree_centrality,0.36734693877551017,sequential_ollama/qwen3.5:27b_w_interests,36
7.0,degree_centrality,0.36734693877551017,sequential_ollama/qwen3.5:27b_w_interests,24
7.0,degree_centrality,0.2040816326530612,sequential_ollama/qwen3.5:27b_w_interests,40
7.0,degree_centrality,0.3469387755102041,sequential_ollama/qwen3.5:27b_w_interests,1
7.0,degree_centrality,0.3469387755102041,sequential_ollama/qwen3.5:27b_w_interests,25
7.0,degree_centrality,0.36734693877551017,sequential_ollama/qwen3.5:27b_w_interests,12
7.0,degree_centrality,0.3877551020408163,sequential_ollama/qwen3.5:27b_w_interests,48
7.0,degree_centrality,0.36734693877551017,sequential_ollama/qwen3.5:27b_w_interests,43
7.0,degree_centrality,0.3061224489795918,sequential_ollama/qwen3.5:27b_w_interests,16
7.0,degree_centrality,0.32653061224489793,sequential_ollama/qwen3.5:27b_w_interests,33
7.0,degree_centrality,0.32653061224489793,sequential_ollama/qwen3.5:27b_w_interests,47
7.0,degree_centrality,0.32653061224489793,sequential_ollama/qwen3.5:27b_w_interests,2
7.0,degree_centrality,0.2857142857142857,sequential_ollama/qwen3.5:27b_w_interests,41
7.0,degree_centrality,0.32653061224489793,sequential_ollama/qwen3.5:27b_w_interests,21
7.0,degree_centrality,0.4081632653061224,sequential_ollama/qwen3.5:27b_w_interests,45
7.0,degree_centrality,0.18367346938775508,sequential_ollama/qwen3.5:27b_w_interests,6
7.0,degree_centrality,0.3469387755102041,sequential_ollama/qwen3.5:27b_w_interests,19
7.0,degree_centrality,0.08163265306122448,sequential_ollama/qwen3.5:27b_w_interests,14
7.0,degree_centrality,0.08163265306122448,sequential_ollama/qwen3.5:27b_w_interests,18
7.0,degree_centrality,0.04081632653061224,sequential_ollama/qwen3.5:27b_w_interests,3
7.0,degree_centrality,0.04081632653061224,sequential_ollama/qwen3.5:27b_w_interests,0
7.0,degree_centrality,0.1020408163265306,sequential_ollama/qwen3.5:27b_w_interests,39
7.0,degree_centrality,0.061224489795918366,sequential_ollama/qwen3.5:27b_w_interests,23
7.0,betweenness_centrality,0.01713542438227621,sequential_ollama/qwen3.5:27b_w_interests,13
7.0,betweenness_centrality,0.000156312525010004,sequential_ollama/qwen3.5:27b_w_interests,29
7.0,betweenness_centrality,0.09632617259410686,sequential_ollama/qwen3.5:27b_w_interests,10
7.0,betweenness_centrality,0.0007168221378905652,sequential_ollama/qwen3.5:27b_w_interests,5
7.0,betweenness_centrality,0.07103891260074041,sequential_ollama/qwen3.5:27b_w_interests,38
7.0,betweenness_centrality,0.0007168221378905652,sequential_ollama/qwen3.5:27b_w_interests,34
7.0,betweenness_centrality,0.0007168221378905652,sequential_ollama/qwen3.5:27b_w_interests,7
7.0,betweenness_centrality,0.015803978934231036,sequential_ollama/qwen3.5:27b_w_interests,22
7.0,betweenness_centrality,0.01713542438227621,sequential_ollama/qwen3.5:27b_w_interests,8
7.0,betweenness_centrality,0.008997260520369763,sequential_ollama/qwen3.5:27b_w_interests,26
7.0,betweenness_centrality,0.0004997710317338168,sequential_ollama/qwen3.5:27b_w_interests,42
7.0,betweenness_centrality,0.007936664023473747,sequential_ollama/qwen3.5:27b_w_interests,11
7.0,betweenness_centrality,0.015803978934231036,sequential_ollama/qwen3.5:27b_w_interests,4
7.0,betweenness_centrality,0.008846853135193471,sequential_ollama/qwen3.5:27b_w_interests,31
7.0,betweenness_centrality,0.0004997710317338168,sequential_ollama/qwen3.5:27b_w_interests,46
7.0,betweenness_centrality,0.0027225450619808365,sequential_ollama/qwen3.5:27b_w_interests,28
7.0,betweenness_centrality,0.0,sequential_ollama/qwen3.5:27b_w_interests,20
7.0,betweenness_centrality,0.08171407775617161,sequential_ollama/qwen3.5:27b_w_interests,32
7.0,betweenness_centrality,0.0027225450619808365,sequential_ollama/qwen3.5:27b_w_interests,44
7.0,betweenness_centrality,0.10140060505625352,sequential_ollama/qwen3.5:27b_w_interests,49
7.0,betweenness_centrality,0.0027225450619808365,sequential_ollama/qwen3.5:27b_w_interests,15
7.0,betweenness_centrality,0.11325934900593025,sequential_ollama/qwen3.5:27b_w_interests,27
7.0,betweenness_centrality,0.0,sequential_ollama/qwen3.5:27b_w_interests,37
7.0,betweenness_centrality,0.19937888125051004,sequential_ollama/qwen3.5:27b_w_interests,30
7.0,betweenness_centrality,0.003465867895040593,sequential_ollama/qwen3.5:27b_w_interests,17
7.0,betweenness_centrality,0.11157413696510857,sequential_ollama/qwen3.5:27b_w_interests,35
7.0,betweenness_centrality,0.00218577280116999,sequential_ollama/qwen3.5:27b_w_interests,9
7.0,betweenness_centrality,0.005379696833778467,sequential_ollama/qwen3.5:27b_w_interests,36
7.0,betweenness_centrality,0.0035216416753041705,sequential_ollama/qwen3.5:27b_w_interests,24
7.0,betweenness_centrality,0.0023131409451197663,sequential_ollama/qwen3.5:27b_w_interests,40
7.0,betweenness_centrality,0.005436906823987687,sequential_ollama/qwen3.5:27b_w_interests,1
7.0,betweenness_centrality,0.0015541470101054233,sequential_ollama/qwen3.5:27b_w_interests,25
7.0,betweenness_centrality,0.0042329434548822285,sequential_ollama/qwen3.5:27b_w_interests,12
7.0,betweenness_centrality,0.006238245507979433,sequential_ollama/qwen3.5:27b_w_interests,48
7.0,betweenness_centrality,0.003976889611419452,sequential_ollama/qwen3.5:27b_w_interests,43
7.0,betweenness_centrality,0.0012189596733740476,sequential_ollama/qwen3.5:27b_w_interests,16
7.0,betweenness_centrality,0.003242890758798152,sequential_ollama/qwen3.5:27b_w_interests,33
7.0,betweenness_centrality,0.07224190427304483,sequential_ollama/qwen3.5:27b_w_interests,47
7.0,betweenness_centrality,0.0922412012137004,sequential_ollama/qwen3.5:27b_w_interests,2
7.0,betweenness_centrality,0.0023245859065513007,sequential_ollama/qwen3.5:27b_w_interests,41
7.0,betweenness_centrality,0.0018332409276286825,sequential_ollama/qwen3.5:27b_w_interests,21
7.0,betweenness_centrality,0.007216136664442018,sequential_ollama/qwen3.5:27b_w_interests,45
7.0,betweenness_centrality,0.00011855703819989534,sequential_ollama/qwen3.5:27b_w_interests,6
7.0,betweenness_centrality,0.0036229918085420583,sequential_ollama/qwen3.5:27b_w_interests,19
7.0,betweenness_centrality,0.19572697079490556,sequential_ollama/qwen3.5:27b_w_interests,14
7.0,betweenness_centrality,0.0012755102040816326,sequential_ollama/qwen3.5:27b_w_interests,18
7.0,betweenness_centrality,0.0,sequential_ollama/qwen3.5:27b_w_interests,3
7.0,betweenness_centrality,0.0,sequential_ollama/qwen3.5:27b_w_interests,0
7.0,betweenness_centrality,0.09693877551020408,sequential_ollama/qwen3.5:27b_w_interests,39
7.0,betweenness_centrality,0.01913265306122449,sequential_ollama/qwen3.5:27b_w_interests,23
7.0,closeness_centrality,0.47572815533980584,sequential_ollama/qwen3.5:27b_w_interests,13
7.0,closeness_centrality,0.4224137931034483,sequential_ollama/qwen3.5:27b_w_interests,29
7.0,closeness_centrality,0.532608695652174,sequential_ollama/qwen3.5:27b_w_interests,10
7.0,closeness_centrality,0.44144144144144143,sequential_ollama/qwen3.5:27b_w_interests,5
7.0,closeness_centrality,0.5051546391752577,sequential_ollama/qwen3.5:27b_w_interests,38
7.0,closeness_centrality,0.44144144144144143,sequential_ollama/qwen3.5:27b_w_interests,34
7.0,closeness_centrality,0.44144144144144143,sequential_ollama/qwen3.5:27b_w_interests,7
7.0,closeness_centrality,0.47572815533980584,sequential_ollama/qwen3.5:27b_w_interests,22
7.0,closeness_centrality,0.47572815533980584,sequential_ollama/qwen3.5:27b_w_interests,8
7.0,closeness_centrality,0.4666666666666667,sequential_ollama/qwen3.5:27b_w_interests,26
7.0,closeness_centrality,0.4336283185840708,sequential_ollama/qwen3.5:27b_w_interests,42
7.0,closeness_centrality,0.4537037037037037,sequential_ollama/qwen3.5:27b_w_interests,11
7.0,closeness_centrality,0.47572815533980584,sequential_ollama/qwen3.5:27b_w_interests,4
7.0,closeness_centrality,0.46226415094339623,sequential_ollama/qwen3.5:27b_w_interests,31
7.0,closeness_centrality,0.4336283185840708,sequential_ollama/qwen3.5:27b_w_interests,46
7.0,closeness_centrality,0.44545454545454544,sequential_ollama/qwen3.5:27b_w_interests,28
7.0,closeness_centrality,0.3858267716535433,sequential_ollama/qwen3.5:27b_w_interests,20
7.0,closeness_centrality,0.5212765957446809,sequential_ollama/qwen3.5:27b_w_interests,32
7.0,closeness_centrality,0.44545454545454544,sequential_ollama/qwen3.5:27b_w_interests,44
7.0,closeness_centrality,0.5384615384615384,sequential_ollama/qwen3.5:27b_w_interests,49
7.0,closeness_centrality,0.44545454545454544,sequential_ollama/qwen3.5:27b_w_interests,15
7.0,closeness_centrality,0.4375,sequential_ollama/qwen3.5:27b_w_interests,27
7.0,closeness_centrality,0.3888888888888889,sequential_ollama/qwen3.5:27b_w_interests,37
7.0,closeness_centrality,0.5697674418604651,sequential_ollama/qwen3.5:27b_w_interests,30
7.0,closeness_centrality,0.4537037037037037,sequential_ollama/qwen3.5:27b_w_interests,17
7.0,closeness_centrality,0.47115384615384615,sequential_ollama/qwen3.5:27b_w_interests,35
7.0,closeness_centrality,0.4260869565217391,sequential_ollama/qwen3.5:27b_w_interests,9
7.0,closeness_centrality,0.44954128440366975,sequential_ollama/qwen3.5:27b_w_interests,36
7.0,closeness_centrality,0.4336283185840708,sequential_ollama/qwen3.5:27b_w_interests,24
7.0,closeness_centrality,0.4260869565217391,sequential_ollama/qwen3.5:27b_w_interests,40
7.0,closeness_centrality,0.4537037037037037,sequential_ollama/qwen3.5:27b_w_interests,1
7.0,closeness_centrality,0.4298245614035088,sequential_ollama/qwen3.5:27b_w_interests,25
7.0,closeness_centrality,0.44954128440366975,sequential_ollama/qwen3.5:27b_w_interests,12
7.0,closeness_centrality,0.46226415094339623,sequential_ollama/qwen3.5:27b_w_interests,48
7.0,closeness_centrality,0.45794392523364486,sequential_ollama/qwen3.5:27b_w_interests,43
7.0,closeness_centrality,0.4188034188034188,sequential_ollama/qwen3.5:27b_w_interests,16
7.0,closeness_centrality,0.44545454545454544,sequential_ollama/qwen3.5:27b_w_interests,33
7.0,closeness_centrality,0.5212765957446809,sequential_ollama/qwen3.5:27b_w_interests,47
7.0,closeness_centrality,0.532608695652174,sequential_ollama/qwen3.5:27b_w_interests,2
7.0,closeness_centrality,0.4375,sequential_ollama/qwen3.5:27b_w_interests,41
7.0,closeness_centrality,0.4152542372881356,sequential_ollama/qwen3.5:27b_w_interests,21
7.0,closeness_centrality,0.4666666666666667,sequential_ollama/qwen3.5:27b_w_interests,45
7.0,closeness_centrality,0.392,sequential_ollama/qwen3.5:27b_w_interests,6
7.0,closeness_centrality,0.4537037037037037,sequential_ollama/qwen3.5:27b_w_interests,19
7.0,closeness_centrality,0.4336283185840708,sequential_ollama/qwen3.5:27b_w_interests,14
7.0,closeness_centrality,0.24623115577889448,sequential_ollama/qwen3.5:27b_w_interests,18
7.0,closeness_centrality,0.24378109452736318,sequential_ollama/qwen3.5:27b_w_interests,3
7.0,closeness_centrality,0.24378109452736318,sequential_ollama/qwen3.5:27b_w_interests,0
7.0,closeness_centrality,0.3181818181818182,sequential_ollama/qwen3.5:27b_w_interests,39
7.0,closeness_centrality,0.3141025641025641,sequential_ollama/qwen3.5:27b_w_interests,23
8.0,degree_centrality,0.4693877551020408,sequential_ollama/qwen3.5:27b_w_interests,44
8.0,degree_centrality,0.4081632653061224,sequential_ollama/qwen3.5:27b_w_interests,4
8.0,degree_centrality,0.44897959183673464,sequential_ollama/qwen3.5:27b_w_interests,22
8.0,degree_centrality,0.42857142857142855,sequential_ollama/qwen3.5:27b_w_interests,10
8.0,degree_centrality,0.44897959183673464,sequential_ollama/qwen3.5:27b_w_interests,15
8.0,degree_centrality,0.44897959183673464,sequential_ollama/qwen3.5:27b_w_interests,38
8.0,degree_centrality,0.42857142857142855,sequential_ollama/qwen3.5:27b_w_interests,8
8.0,degree_centrality,0.42857142857142855,sequential_ollama/qwen3.5:27b_w_interests,11
8.0,degree_centrality,0.42857142857142855,sequential_ollama/qwen3.5:27b_w_interests,13
8.0,degree_centrality,0.4693877551020408,sequential_ollama/qwen3.5:27b_w_interests,27
8.0,degree_centrality,0.3061224489795918,sequential_ollama/qwen3.5:27b_w_interests,37
8.0,degree_centrality,0.3877551020408163,sequential_ollama/qwen3.5:27b_w_interests,46
8.0,degree_centrality,0.36734693877551017,sequential_ollama/qwen3.5:27b_w_interests,28
8.0,degree_centrality,0.3469387755102041,sequential_ollama/qwen3.5:27b_w_interests,20
8.0,degree_centrality,0.3469387755102041,sequential_ollama/qwen3.5:27b_w_interests,42
8.0,degree_centrality,0.36734693877551017,sequential_ollama/qwen3.5:27b_w_interests,26
8.0,degree_centrality,0.3469387755102041,sequential_ollama/qwen3.5:27b_w_interests,32
8.0,degree_centrality,0.44897959183673464,sequential_ollama/qwen3.5:27b_w_interests,5
8.0,degree_centrality,0.42857142857142855,sequential_ollama/qwen3.5:27b_w_interests,49
8.0,degree_centrality,0.4897959183673469,sequential_ollama/qwen3.5:27b_w_interests,7
8.0,degree_centrality,0.3877551020408163,sequential_ollama/qwen3.5:27b_w_interests,34
8.0,degree_centrality,0.16326530612244897,sequential_ollama/qwen3.5:27b_w_interests,29
8.0,degree_centrality,0.32653061224489793,sequential_ollama/qwen3.5:27b_w_interests,31
8.0,degree_centrality,0.16326530612244897,sequential_ollama/qwen3.5:27b_w_interests,0
8.0,degree_centrality,0.24489795918367346,sequential_ollama/qwen3.5:27b_w_interests,40
8.0,degree_centrality,0.42857142857142855,sequential_ollama/qwen3.5:27b_w_interests,12
8.0,degree_centrality,0.1020408163265306,sequential_ollama/qwen3.5:27b_w_interests,14
8.0,degree_centrality,0.2857142857142857,sequential_ollama/qwen3.5:27b_w_interests,36
8.0,degree_centrality,0.3877551020408163,sequential_ollama/qwen3.5:27b_w_interests,19
8.0,degree_centrality,0.32653061224489793,sequential_ollama/qwen3.5:27b_w_interests,21
8.0,degree_centrality,0.3877551020408163,sequential_ollama/qwen3.5:27b_w_interests,17
8.0,degree_centrality,0.36734693877551017,sequential_ollama/qwen3.5:27b_w_interests,16
8.0,degree_centrality,0.3469387755102041,sequential_ollama/qwen3.5:27b_w_interests,1
8.0,degree_centrality,0.4081632653061224,sequential_ollama/qwen3.5:27b_w_interests,24
8.0,degree_centrality,0.3469387755102041,sequential_ollama/qwen3.5:27b_w_interests,25
8.0,degree_centrality,0.5102040816326531,sequential_ollama/qwen3.5:27b_w_interests,35
8.0,degree_centrality,0.4081632653061224,sequential_ollama/qwen3.5:27b_w_interests,45
8.0,degree_centrality,0.4081632653061224,sequential_ollama/qwen3.5:27b_w_interests,41
8.0,degree_centrality,0.4081632653061224,sequential_ollama/qwen3.5:27b_w_interests,30
8.0,degree_centrality,0.36734693877551017,sequential_ollama/qwen3.5:27b_w_interests,47
8.0,degree_centrality,0.1020408163265306,sequential_ollama/qwen3.5:27b_w_interests,23
8.0,degree_centrality,0.1020408163265306,sequential_ollama/qwen3.5:27b_w_interests,39
8.0,degree_centrality,0.12244897959183673,sequential_ollama/qwen3.5:27b_w_interests,3
8.0,degree_centrality,0.3877551020408163,sequential_ollama/qwen3.5:27b_w_interests,48
8.0,degree_centrality,0.36734693877551017,sequential_ollama/qwen3.5:27b_w_interests,33
8.0,degree_centrality,0.24489795918367346,sequential_ollama/qwen3.5:27b_w_interests,9
8.0,degree_centrality,0.3061224489795918,sequential_ollama/qwen3.5:27b_w_interests,2
8.0,degree_centrality,0.36734693877551017,sequential_ollama/qwen3.5:27b_w_interests,43
8.0,degree_centrality,0.22448979591836732,sequential_ollama/qwen3.5:27b_w_interests,6
8.0,degree_centrality,0.061224489795918366,sequential_ollama/qwen3.5:27b_w_interests,18
8.0,betweenness_centrality,0.030190081740438735,sequential_ollama/qwen3.5:27b_w_interests,44
8.0,betweenness_centrality,0.0010415628400322276,sequential_ollama/qwen3.5:27b_w_interests,4
8.0,betweenness_centrality,0.0038175851645318383,sequential_ollama/qwen3.5:27b_w_interests,22
8.0,betweenness_centrality,0.0016347613248873752,sequential_ollama/qwen3.5:27b_w_interests,10
8.0,betweenness_centrality,0.0038175851645318383,sequential_ollama/qwen3.5:27b_w_interests,15
8.0,betweenness_centrality,0.0038175851645318383,sequential_ollama/qwen3.5:27b_w_interests,38
8.0,betweenness_centrality,0.0016347613248873752,sequential_ollama/qwen3.5:27b_w_interests,8
8.0,betweenness_centrality,0.0016347613248873752,sequential_ollama/qwen3.5:27b_w_interests,11
8.0,betweenness_centrality,0.0016347613248873752,sequential_ollama/qwen3.5:27b_w_interests,13
8.0,betweenness_centrality,0.0866269875323077,sequential_ollama/qwen3.5:27b_w_interests,27
8.0,betweenness_centrality,0.01050440017276752,sequential_ollama/qwen3.5:27b_w_interests,37
8.0,betweenness_centrality,0.0009727532649201315,sequential_ollama/qwen3.5:27b_w_interests,46
8.0,betweenness_centrality,0.0004871545687872218,sequential_ollama/qwen3.5:27b_w_interests,28
8.0,betweenness_centrality,0.04534562267493349,sequential_ollama/qwen3.5:27b_w_interests,20
8.0,betweenness_centrality,0.001399393821856228,sequential_ollama/qwen3.5:27b_w_interests,42
8.0,betweenness_centrality,0.00037776023107655756,sequential_ollama/qwen3.5:27b_w_interests,26
8.0,betweenness_centrality,0.012286065219738688,sequential_ollama/qwen3.5:27b_w_interests,32
8.0,betweenness_centrality,0.0038175851645318383,sequential_ollama/qwen3.5:27b_w_interests,5
8.0,betweenness_centrality,0.10976097047017022,sequential_ollama/qwen3.5:27b_w_interests,49
8.0,betweenness_centrality,0.13796337589519336,sequential_ollama/qwen3.5:27b_w_interests,7
8.0,betweenness_centrality,0.002020108377519763,sequential_ollama/qwen3.5:27b_w_interests,34
8.0,betweenness_centrality,0.0,sequential_ollama/qwen3.5:27b_w_interests,29
8.0,betweenness_centrality,0.0,sequential_ollama/qwen3.5:27b_w_interests,31
8.0,betweenness_centrality,0.06131213482436868,sequential_ollama/qwen3.5:27b_w_interests,0
8.0,betweenness_centrality,0.028035057933850478,sequential_ollama/qwen3.5:27b_w_interests,40
8.0,betweenness_centrality,0.05453780280655676,sequential_ollama/qwen3.5:27b_w_interests,12
8.0,betweenness_centrality,0.012103343321455563,sequential_ollama/qwen3.5:27b_w_interests,14
8.0,betweenness_centrality,0.0008194367212974657,sequential_ollama/qwen3.5:27b_w_interests,36
8.0,betweenness_centrality,0.0022248072019114733,sequential_ollama/qwen3.5:27b_w_interests,19
8.0,betweenness_centrality,0.0014976165161806566,sequential_ollama/qwen3.5:27b_w_interests,21
8.0,betweenness_centrality,0.0026207677700659194,sequential_ollama/qwen3.5:27b_w_interests,17
8.0,betweenness_centrality,0.013405571242108758,sequential_ollama/qwen3.5:27b_w_interests,16
8.0,betweenness_centrality,0.00086383351950922,sequential_ollama/qwen3.5:27b_w_interests,1
8.0,betweenness_centrality,0.00333920088645822,sequential_ollama/qwen3.5:27b_w_interests,24
8.0,betweenness_centrality,0.0010557862024583014,sequential_ollama/qwen3.5:27b_w_interests,25
8.0,betweenness_centrality,0.20324298636656135,sequential_ollama/qwen3.5:27b_w_interests,35
8.0,betweenness_centrality,0.018771549386408768,sequential_ollama/qwen3.5:27b_w_interests,45
8.0,betweenness_centrality,0.017975211494146975,sequential_ollama/qwen3.5:27b_w_interests,41
8.0,betweenness_centrality,0.00333920088645822,sequential_ollama/qwen3.5:27b_w_interests,30
8.0,betweenness_centrality,0.0023427719563558205,sequential_ollama/qwen3.5:27b_w_interests,47
8.0,betweenness_centrality,0.001980415181945794,sequential_ollama/qwen3.5:27b_w_interests,23
8.0,betweenness_centrality,0.001669973544973545,sequential_ollama/qwen3.5:27b_w_interests,39
8.0,betweenness_centrality,0.003727272349721329,sequential_ollama/qwen3.5:27b_w_interests,3
8.0,betweenness_centrality,0.06197877106876937,sequential_ollama/qwen3.5:27b_w_interests,48
8.0,betweenness_centrality,0.056493755535927996,sequential_ollama/qwen3.5:27b_w_interests,33
8.0,betweenness_centrality,0.00038070783869103203,sequential_ollama/qwen3.5:27b_w_interests,9
8.0,betweenness_centrality,0.001027297643444102,sequential_ollama/qwen3.5:27b_w_interests,2
8.0,betweenness_centrality,0.001871659489081458,sequential_ollama/qwen3.5:27b_w_interests,43
8.0,betweenness_centrality,0.00045458840101697247,sequential_ollama/qwen3.5:27b_w_interests,6
8.0,betweenness_centrality,0.0,sequential_ollama/qwen3.5:27b_w_interests,18
8.0,closeness_centrality,0.5444444444444444,sequential_ollama/qwen3.5:27b_w_interests,44
8.0,closeness_centrality,0.5,sequential_ollama/qwen3.5:27b_w_interests,4
8.0,closeness_centrality,0.5104166666666666,sequential_ollama/qwen3.5:27b_w_interests,22
8.0,closeness_centrality,0.5051546391752577,sequential_ollama/qwen3.5:27b_w_interests,10
8.0,closeness_centrality,0.5104166666666666,sequential_ollama/qwen3.5:27b_w_interests,15
8.0,closeness_centrality,0.5104166666666666,sequential_ollama/qwen3.5:27b_w_interests,38
8.0,closeness_centrality,0.5051546391752577,sequential_ollama/qwen3.5:27b_w_interests,8
8.0,closeness_centrality,0.5051546391752577,sequential_ollama/qwen3.5:27b_w_interests,11
8.0,closeness_centrality,0.5051546391752577,sequential_ollama/qwen3.5:27b_w_interests,13
8.0,closeness_centrality,0.6363636363636364,sequential_ollama/qwen3.5:27b_w_interests,27
8.0,closeness_centrality,0.49,sequential_ollama/qwen3.5:27b_w_interests,37
8.0,closeness_centrality,0.494949494949495,sequential_ollama/qwen3.5:27b_w_interests,46
8.0,closeness_centrality,0.4803921568627451,sequential_ollama/qwen3.5:27b_w_interests,28
8.0,closeness_centrality,0.5903614457831325,sequential_ollama/qwen3.5:27b_w_interests,20
8.0,closeness_centrality,0.48514851485148514,sequential_ollama/qwen3.5:27b_w_interests,42
8.0,closeness_centrality,0.49,sequential_ollama/qwen3.5:27b_w_interests,26
8.0,closeness_centrality,0.5,sequential_ollama/qwen3.5:27b_w_interests,32
8.0,closeness_centrality,0.5104166666666666,sequential_ollama/qwen3.5:27b_w_interests,5
8.0,closeness_centrality,0.6125,sequential_ollama/qwen3.5:27b_w_interests,49
8.0,closeness_centrality,0.620253164556962,sequential_ollama/qwen3.5:27b_w_interests,7
8.0,closeness_centrality,0.494949494949495,sequential_ollama/qwen3.5:27b_w_interests,34
8.0,closeness_centrality,0.4224137931034483,sequential_ollama/qwen3.5:27b_w_interests,29
8.0,closeness_centrality,0.4803921568627451,sequential_ollama/qwen3.5:27b_w_interests,31
8.0,closeness_centrality,0.5384615384615384,sequential_ollama/qwen3.5:27b_w_interests,0
8.0,closeness_centrality,0.5384615384615384,sequential_ollama/qwen3.5:27b_w_interests,40
8.0,closeness_centrality,0.6049382716049383,sequential_ollama/qwen3.5:27b_w_interests,12
8.0,closeness_centrality,0.5212765957446809,sequential_ollama/qwen3.5:27b_w_interests,14
8.0,closeness_centrality,0.4666666666666667,sequential_ollama/qwen3.5:27b_w_interests,36
8.0,closeness_centrality,0.5,sequential_ollama/qwen3.5:27b_w_interests,19
8.0,closeness_centrality,0.48514851485148514,sequential_ollama/qwen3.5:27b_w_interests,21
8.0,closeness_centrality,0.5,sequential_ollama/qwen3.5:27b_w_interests,17
8.0,closeness_centrality,0.5104166666666666,sequential_ollama/qwen3.5:27b_w_interests,16
8.0,closeness_centrality,0.49,sequential_ollama/qwen3.5:27b_w_interests,1
8.0,closeness_centrality,0.5051546391752577,sequential_ollama/qwen3.5:27b_w_interests,24
8.0,closeness_centrality,0.4666666666666667,sequential_ollama/qwen3.5:27b_w_interests,25
8.0,closeness_centrality,0.6621621621621622,sequential_ollama/qwen3.5:27b_w_interests,35
8.0,closeness_centrality,0.5051546391752577,sequential_ollama/qwen3.5:27b_w_interests,45
8.0,closeness_centrality,0.5212765957446809,sequential_ollama/qwen3.5:27b_w_interests,41
8.0,closeness_centrality,0.5051546391752577,sequential_ollama/qwen3.5:27b_w_interests,30
8.0,closeness_centrality,0.494949494949495,sequential_ollama/qwen3.5:27b_w_interests,47
8.0,closeness_centrality,0.4375,sequential_ollama/qwen3.5:27b_w_interests,23
8.0,closeness_centrality,0.4336283185840708,sequential_ollama/qwen3.5:27b_w_interests,39
8.0,closeness_centrality,0.44545454545454544,sequential_ollama/qwen3.5:27b_w_interests,3
8.0,closeness_centrality,0.620253164556962,sequential_ollama/qwen3.5:27b_w_interests,48
8.0,closeness_centrality,0.6125,sequential_ollama/qwen3.5:27b_w_interests,33
8.0,closeness_centrality,0.4666666666666667,sequential_ollama/qwen3.5:27b_w_interests,9
8.0,closeness_centrality,0.4803921568627451,sequential_ollama/qwen3.5:27b_w_interests,2
8.0,closeness_centrality,0.494949494949495,sequential_ollama/qwen3.5:27b_w_interests,43
8.0,closeness_centrality,0.44144144144144143,sequential_ollama/qwen3.5:27b_w_interests,6
8.0,closeness_centrality,0.4117647058823529,sequential_ollama/qwen3.5:27b_w_interests,18
9.0,degree_centrality,0.36734693877551017,sequential_ollama/qwen3.5:27b_w_interests,21
9.0,degree_centrality,0.36734693877551017,sequential_ollama/qwen3.5:27b_w_interests,19
9.0,degree_centrality,0.3877551020408163,sequential_ollama/qwen3.5:27b_w_interests,33
9.0,degree_centrality,0.4081632653061224,sequential_ollama/qwen3.5:27b_w_interests,25
9.0,degree_centrality,0.36734693877551017,sequential_ollama/qwen3.5:27b_w_interests,43
9.0,degree_centrality,0.3469387755102041,sequential_ollama/qwen3.5:27b_w_interests,24
9.0,degree_centrality,0.4897959183673469,sequential_ollama/qwen3.5:27b_w_interests,34
9.0,degree_centrality,0.3877551020408163,sequential_ollama/qwen3.5:27b_w_interests,48
9.0,degree_centrality,0.36734693877551017,sequential_ollama/qwen3.5:27b_w_interests,35
9.0,degree_centrality,0.3877551020408163,sequential_ollama/qwen3.5:27b_w_interests,1
9.0,degree_centrality,0.4081632653061224,sequential_ollama/qwen3.5:27b_w_interests,45
9.0,degree_centrality,0.32653061224489793,sequential_ollama/qwen3.5:27b_w_interests,47
9.0,degree_centrality,0.3469387755102041,sequential_ollama/qwen3.5:27b_w_interests,17
9.0,degree_centrality,0.4693877551020408,sequential_ollama/qwen3.5:27b_w_interests,12
9.0,degree_centrality,0.2857142857142857,sequential_ollama/qwen3.5:27b_w_interests,36
9.0,degree_centrality,0.18367346938775508,sequential_ollama/qwen3.5:27b_w_interests,6
9.0,degree_centrality,0.4693877551020408,sequential_ollama/qwen3.5:27b_w_interests,31
9.0,degree_centrality,0.9795918367346939,sequential_ollama/qwen3.5:27b_w_interests,20
9.0,degree_centrality,0.4081632653061224,sequential_ollama/qwen3.5:27b_w_interests,30
9.0,degree_centrality,0.4081632653061224,sequential_ollama/qwen3.5:27b_w_interests,37
9.0,degree_centrality,0.4693877551020408,sequential_ollama/qwen3.5:27b_w_interests,42
9.0,degree_centrality,0.4693877551020408,sequential_ollama/qwen3.5:27b_w_interests,13
9.0,degree_centrality,0.4693877551020408,sequential_ollama/qwen3.5:27b_w_interests,7
9.0,degree_centrality,0.44897959183673464,sequential_ollama/qwen3.5:27b_w_interests,8
9.0,degree_centrality,0.44897959183673464,sequential_ollama/qwen3.5:27b_w_interests,38
9.0,degree_centrality,0.44897959183673464,sequential_ollama/qwen3.5:27b_w_interests,15
9.0,degree_centrality,0.4693877551020408,sequential_ollama/qwen3.5:27b_w_interests,0
9.0,degree_centrality,0.44897959183673464,sequential_ollama/qwen3.5:27b_w_interests,5
9.0,degree_centrality,0.44897959183673464,sequential_ollama/qwen3.5:27b_w_interests,28
9.0,degree_centrality,0.44897959183673464,sequential_ollama/qwen3.5:27b_w_interests,4
9.0,degree_centrality,0.44897959183673464,sequential_ollama/qwen3.5:27b_w_interests,11
9.0,degree_centrality,0.42857142857142855,sequential_ollama/qwen3.5:27b_w_interests,10
9.0,degree_centrality,0.42857142857142855,sequential_ollama/qwen3.5:27b_w_interests,26
9.0,degree_centrality,0.44897959183673464,sequential_ollama/qwen3.5:27b_w_interests,46
9.0,degree_centrality,0.3877551020408163,sequential_ollama/qwen3.5:27b_w_interests,22
9.0,degree_centrality,0.36734693877551017,sequential_ollama/qwen3.5:27b_w_interests,32
9.0,degree_centrality,0.42857142857142855,sequential_ollama/qwen3.5:27b_w_interests,44
9.0,degree_centrality,0.3061224489795918,sequential_ollama/qwen3.5:27b_w_interests,2
9.0,degree_centrality,0.3061224489795918,sequential_ollama/qwen3.5:27b_w_interests,16
9.0,degree_centrality,0.3469387755102041,sequential_ollama/qwen3.5:27b_w_interests,41
9.0,degree_centrality,0.12244897959183673,sequential_ollama/qwen3.5:27b_w_interests,40
9.0,degree_centrality,0.3469387755102041,sequential_ollama/qwen3.5:27b_w_interests,9
9.0,degree_centrality,0.08163265306122448,sequential_ollama/qwen3.5:27b_w_interests,14
9.0,degree_centrality,0.42857142857142855,sequential_ollama/qwen3.5:27b_w_interests,27
9.0,degree_centrality,0.08163265306122448,sequential_ollama/qwen3.5:27b_w_interests,23
9.0,degree_centrality,0.14285714285714285,sequential_ollama/qwen3.5:27b_w_interests,29
9.0,degree_centrality,0.36734693877551017,sequential_ollama/qwen3.5:27b_w_interests,49
9.0,degree_centrality,0.061224489795918366,sequential_ollama/qwen3.5:27b_w_interests,18
9.0,degree_centrality,0.1020408163265306,sequential_ollama/qwen3.5:27b_w_interests,39
9.0,degree_centrality,0.08163265306122448,sequential_ollama/qwen3.5:27b_w_interests,3
9.0,betweenness_centrality,0.01467865916207753,sequential_ollama/qwen3.5:27b_w_interests,21
9.0,betweenness_centrality,0.0009761744774499875,sequential_ollama/qwen3.5:27b_w_interests,19
9.0,betweenness_centrality,0.0028742126637534816,sequential_ollama/qwen3.5:27b_w_interests,33
9.0,betweenness_centrality,0.004105856114784682,sequential_ollama/qwen3.5:27b_w_interests,25
9.0,betweenness_centrality,0.002514863962568045,sequential_ollama/qwen3.5:27b_w_interests,43
9.0,betweenness_centrality,0.0031086567438608267,sequential_ollama/qwen3.5:27b_w_interests,24
9.0,betweenness_centrality,0.008597704432650252,sequential_ollama/qwen3.5:27b_w_interests,34
9.0,betweenness_centrality,0.0037848371394289745,sequential_ollama/qwen3.5:27b_w_interests,48
9.0,betweenness_centrality,0.011492320038238404,sequential_ollama/qwen3.5:27b_w_interests,35
9.0,betweenness_centrality,0.0028742126637534816,sequential_ollama/qwen3.5:27b_w_interests,1
9.0,betweenness_centrality,0.004105856114784682,sequential_ollama/qwen3.5:27b_w_interests,45
9.0,betweenness_centrality,0.0028560111468274737,sequential_ollama/qwen3.5:27b_w_interests,47
9.0,betweenness_centrality,0.002340534323952691,sequential_ollama/qwen3.5:27b_w_interests,17
9.0,betweenness_centrality,0.00660018718054432,sequential_ollama/qwen3.5:27b_w_interests,12
9.0,betweenness_centrality,0.0003013957414467618,sequential_ollama/qwen3.5:27b_w_interests,36
9.0,betweenness_centrality,0.0001261493608432384,sequential_ollama/qwen3.5:27b_w_interests,6
9.0,betweenness_centrality,0.006160062709294246,sequential_ollama/qwen3.5:27b_w_interests,31
9.0,betweenness_centrality,0.5504559017436534,sequential_ollama/qwen3.5:27b_w_interests,20
9.0,betweenness_centrality,0.005085097017494974,sequential_ollama/qwen3.5:27b_w_interests,30
9.0,betweenness_centrality,0.00019238323984564586,sequential_ollama/qwen3.5:27b_w_interests,37
9.0,betweenness_centrality,0.0025036001242602296,sequential_ollama/qwen3.5:27b_w_interests,42
9.0,betweenness_centrality,0.0025036001242602296,sequential_ollama/qwen3.5:27b_w_interests,13
9.0,betweenness_centrality,0.0025036001242602296,sequential_ollama/qwen3.5:27b_w_interests,7
9.0,betweenness_centrality,0.0004911284689314322,sequential_ollama/qwen3.5:27b_w_interests,8
9.0,betweenness_centrality,0.0004911284689314322,sequential_ollama/qwen3.5:27b_w_interests,38
9.0,betweenness_centrality,0.0021295616199696246,sequential_ollama/qwen3.5:27b_w_interests,15
9.0,betweenness_centrality,0.009419699897502859,sequential_ollama/qwen3.5:27b_w_interests,0
9.0,betweenness_centrality,0.0004911284689314322,sequential_ollama/qwen3.5:27b_w_interests,5
9.0,betweenness_centrality,0.0004911284689314322,sequential_ollama/qwen3.5:27b_w_interests,28
9.0,betweenness_centrality,0.0004911284689314322,sequential_ollama/qwen3.5:27b_w_interests,4
9.0,betweenness_centrality,0.0004911284689314322,sequential_ollama/qwen3.5:27b_w_interests,11
9.0,betweenness_centrality,0.00034598634775547644,sequential_ollama/qwen3.5:27b_w_interests,10
9.0,betweenness_centrality,0.00028403174135151134,sequential_ollama/qwen3.5:27b_w_interests,26
9.0,betweenness_centrality,0.0004911284689314322,sequential_ollama/qwen3.5:27b_w_interests,46
9.0,betweenness_centrality,0.00014201587067575567,sequential_ollama/qwen3.5:27b_w_interests,22
9.0,betweenness_centrality,0.0,sequential_ollama/qwen3.5:27b_w_interests,32
9.0,betweenness_centrality,0.0018426961427845986,sequential_ollama/qwen3.5:27b_w_interests,44
9.0,betweenness_centrality,0.0019366652338591115,sequential_ollama/qwen3.5:27b_w_interests,2
9.0,betweenness_centrality,0.0016461323540405176,sequential_ollama/qwen3.5:27b_w_interests,16
9.0,betweenness_centrality,0.0021798106938413055,sequential_ollama/qwen3.5:27b_w_interests,41
9.0,betweenness_centrality,0.0016749619428190858,sequential_ollama/qwen3.5:27b_w_interests,40
9.0,betweenness_centrality,0.0029543219913117876,sequential_ollama/qwen3.5:27b_w_interests,9
9.0,betweenness_centrality,0.0013818027210884354,sequential_ollama/qwen3.5:27b_w_interests,14
9.0,betweenness_centrality,0.008267488281862452,sequential_ollama/qwen3.5:27b_w_interests,27
9.0,betweenness_centrality,0.0008503401360544217,sequential_ollama/qwen3.5:27b_w_interests,23
9.0,betweenness_centrality,0.0,sequential_ollama/qwen3.5:27b_w_interests,29
9.0,betweenness_centrality,4.47547440028643e-05,sequential_ollama/qwen3.5:27b_w_interests,49
9.0,betweenness_centrality,0.0,sequential_ollama/qwen3.5:27b_w_interests,18
9.0,betweenness_centrality,0.0015589569160997729,sequential_ollama/qwen3.5:27b_w_interests,39
9.0,betweenness_centrality,0.00028344671201814054,sequential_ollama/qwen3.5:27b_w_interests,3
9.0,closeness_centrality,0.6125,sequential_ollama/qwen3.5:27b_w_interests,21
9.0,closeness_centrality,0.6125,sequential_ollama/qwen3.5:27b_w_interests,19
9.0,closeness_centrality,0.620253164556962,sequential_ollama/qwen3.5:27b_w_interests,33
9.0,closeness_centrality,0.6282051282051282,sequential_ollama/qwen3.5:27b_w_interests,25
9.0,closeness_centrality,0.6125,sequential_ollama/qwen3.5:27b_w_interests,43
9.0,closeness_centrality,0.6049382716049383,sequential_ollama/qwen3.5:27b_w_interests,24
9.0,closeness_centrality,0.6533333333333333,sequential_ollama/qwen3.5:27b_w_interests,34
9.0,closeness_centrality,0.620253164556962,sequential_ollama/qwen3.5:27b_w_interests,48
9.0,closeness_centrality,0.6125,sequential_ollama/qwen3.5:27b_w_interests,35
9.0,closeness_centrality,0.620253164556962,sequential_ollama/qwen3.5:27b_w_interests,1
9.0,closeness_centrality,0.6282051282051282,sequential_ollama/qwen3.5:27b_w_interests,45
9.0,closeness_centrality,0.5975609756097561,sequential_ollama/qwen3.5:27b_w_interests,47
9.0,closeness_centrality,0.6049382716049383,sequential_ollama/qwen3.5:27b_w_interests,17
9.0,closeness_centrality,0.6363636363636364,sequential_ollama/qwen3.5:27b_w_interests,12
9.0,closeness_centrality,0.5833333333333334,sequential_ollama/qwen3.5:27b_w_interests,36
9.0,closeness_centrality,0.550561797752809,sequential_ollama/qwen3.5:27b_w_interests,6
9.0,closeness_centrality,0.6447368421052632,sequential_ollama/qwen3.5:27b_w_interests,31
9.0,closeness_centrality,0.98,sequential_ollama/qwen3.5:27b_w_interests,20
9.0,closeness_centrality,0.6282051282051282,sequential_ollama/qwen3.5:27b_w_interests,30
9.0,closeness_centrality,0.620253164556962,sequential_ollama/qwen3.5:27b_w_interests,37
9.0,closeness_centrality,0.6447368421052632,sequential_ollama/qwen3.5:27b_w_interests,42
9.0,closeness_centrality,0.6447368421052632,sequential_ollama/qwen3.5:27b_w_interests,13
9.0,closeness_centrality,0.6447368421052632,sequential_ollama/qwen3.5:27b_w_interests,7
9.0,closeness_centrality,0.6363636363636364,sequential_ollama/qwen3.5:27b_w_interests,8
9.0,closeness_centrality,0.6363636363636364,sequential_ollama/qwen3.5:27b_w_interests,38
9.0,closeness_centrality,0.6363636363636364,sequential_ollama/qwen3.5:27b_w_interests,15
9.0,closeness_centrality,0.6447368421052632,sequential_ollama/qwen3.5:27b_w_interests,0
9.0,closeness_centrality,0.6363636363636364,sequential_ollama/qwen3.5:27b_w_interests,5
9.0,closeness_centrality,0.6363636363636364,sequential_ollama/qwen3.5:27b_w_interests,28
9.0,closeness_centrality,0.6363636363636364,sequential_ollama/qwen3.5:27b_w_interests,4
9.0,closeness_centrality,0.6363636363636364,sequential_ollama/qwen3.5:27b_w_interests,11
9.0,closeness_centrality,0.6282051282051282,sequential_ollama/qwen3.5:27b_w_interests,10
9.0,closeness_centrality,0.6282051282051282,sequential_ollama/qwen3.5:27b_w_interests,26
9.0,closeness_centrality,0.6363636363636364,sequential_ollama/qwen3.5:27b_w_interests,46
9.0,closeness_centrality,0.6125,sequential_ollama/qwen3.5:27b_w_interests,22
9.0,closeness_centrality,0.6049382716049383,sequential_ollama/qwen3.5:27b_w_interests,32
9.0,closeness_centrality,0.6282051282051282,sequential_ollama/qwen3.5:27b_w_interests,44
9.0,closeness_centrality,0.44545454545454544,sequential_ollama/qwen3.5:27b_w_interests,2
9.0,closeness_centrality,0.5903614457831325,sequential_ollama/qwen3.5:27b_w_interests,16
9.0,closeness_centrality,0.6049382716049383,sequential_ollama/qwen3.5:27b_w_interests,41
9.0,closeness_centrality,0.532608695652174,sequential_ollama/qwen3.5:27b_w_interests,40
9.0,closeness_centrality,0.6049382716049383,sequential_ollama/qwen3.5:27b_w_interests,9
9.0,closeness_centrality,0.5212765957446809,sequential_ollama/qwen3.5:27b_w_interests,14
9.0,closeness_centrality,0.6282051282051282,sequential_ollama/qwen3.5:27b_w_interests,27
9.0,closeness_centrality,0.5157894736842106,sequential_ollama/qwen3.5:27b_w_interests,23
9.0,closeness_centrality,0.532608695652174,sequential_ollama/qwen3.5:27b_w_interests,29
9.0,closeness_centrality,0.6049382716049383,sequential_ollama/qwen3.5:27b_w_interests,49
9.0,closeness_centrality,0.5104166666666666,sequential_ollama/qwen3.5:27b_w_interests,18
9.0,closeness_centrality,0.5212765957446809,sequential_ollama/qwen3.5:27b_w_interests,39
9.0,closeness_centrality,0.5157894736842106,sequential_ollama/qwen3.5:27b_w_interests,3
