graph_nr,metric_name,_metric_value,save_name,node
0.0,density,0.10530612244897959,sequential_ollama/gemma4:e4b_ja,
0.0,avg_clustering_coef,0.45915873015873016,sequential_ollama/gemma4:e4b_ja,
0.0,prop_nodes_lcc,1.0,sequential_ollama/gemma4:e4b_ja,
0.0,radius,1.2781110931766573,sequential_ollama/gemma4:e4b_ja,
0.0,diameter,2.300599967717983,sequential_ollama/gemma4:e4b_ja,
0.0,avg_shortest_path,1.0969844925436225,sequential_ollama/gemma4:e4b_ja,
0.0,modularity,0.6294994291208461,sequential_ollama/gemma4:e4b_ja,
1.0,density,0.0963265306122449,sequential_ollama/gemma4:e4b_ja,
1.0,avg_clustering_coef,0.3947777777777777,sequential_ollama/gemma4:e4b_ja,
1.0,prop_nodes_lcc,1.0,sequential_ollama/gemma4:e4b_ja,
1.0,radius,1.2781110931766573,sequential_ollama/gemma4:e4b_ja,
1.0,diameter,2.5562221863533146,sequential_ollama/gemma4:e4b_ja,
1.0,avg_shortest_path,1.079038769439428,sequential_ollama/gemma4:e4b_ja,
1.0,modularity,0.6004380925021545,sequential_ollama/gemma4:e4b_ja,
2.0,density,0.10530612244897959,sequential_ollama/gemma4:e4b_ja,
2.0,avg_clustering_coef,0.4895079365079365,sequential_ollama/gemma4:e4b_ja,
2.0,prop_nodes_lcc,1.0,sequential_ollama/gemma4:e4b_ja,
2.0,radius,1.2781110931766573,sequential_ollama/gemma4:e4b_ja,
2.0,diameter,2.300599967717983,sequential_ollama/gemma4:e4b_ja,
2.0,avg_shortest_path,1.0596323479430312,sequential_ollama/gemma4:e4b_ja,
2.0,modularity,0.6106604170422452,sequential_ollama/gemma4:e4b_ja,
3.0,density,0.2,sequential_ollama/gemma4:e4b_ja,
3.0,avg_clustering_coef,0.6647351654193759,sequential_ollama/gemma4:e4b_ja,
3.0,prop_nodes_lcc,1.0,sequential_ollama/gemma4:e4b_ja,
3.0,radius,0.7668666559059943,sequential_ollama/gemma4:e4b_ja,
3.0,diameter,1.5337333118119887,sequential_ollama/gemma4:e4b_ja,
3.0,avg_shortest_path,0.715950883377814,sequential_ollama/gemma4:e4b_ja,
3.0,modularity,0.4938858808829654,sequential_ollama/gemma4:e4b_ja,
4.0,density,0.2506122448979592,sequential_ollama/gemma4:e4b_ja,
4.0,avg_clustering_coef,0.6876441264572911,sequential_ollama/gemma4:e4b_ja,
4.0,prop_nodes_lcc,1.0,sequential_ollama/gemma4:e4b_ja,
4.0,radius,0.7668666559059943,sequential_ollama/gemma4:e4b_ja,
4.0,diameter,1.2781110931766573,sequential_ollama/gemma4:e4b_ja,
4.0,avg_shortest_path,0.6585663036841682,sequential_ollama/gemma4:e4b_ja,
4.0,modularity,0.48347993082154717,sequential_ollama/gemma4:e4b_ja,
5.0,density,0.20408163265306123,sequential_ollama/gemma4:e4b_ja,
5.0,avg_clustering_coef,0.698591647781781,sequential_ollama/gemma4:e4b_ja,
5.0,prop_nodes_lcc,1.0,sequential_ollama/gemma4:e4b_ja,
5.0,radius,0.7668666559059943,sequential_ollama/gemma4:e4b_ja,
5.0,diameter,1.2781110931766573,sequential_ollama/gemma4:e4b_ja,
5.0,avg_shortest_path,0.6650351108496338,sequential_ollama/gemma4:e4b_ja,
5.0,modularity,0.475192,sequential_ollama/gemma4:e4b_ja,
6.0,density,0.22938775510204082,sequential_ollama/gemma4:e4b_ja,
6.0,avg_clustering_coef,0.6901407396525043,sequential_ollama/gemma4:e4b_ja,
6.0,prop_nodes_lcc,1.0,sequential_ollama/gemma4:e4b_ja,
6.0,radius,0.5112444372706629,sequential_ollama/gemma4:e4b_ja,
6.0,diameter,1.0224888745413259,sequential_ollama/gemma4:e4b_ja,
6.0,avg_shortest_path,0.5669596473732209,sequential_ollama/gemma4:e4b_ja,
6.0,modularity,0.4716062359899191,sequential_ollama/gemma4:e4b_ja,
7.0,density,0.2595918367346939,sequential_ollama/gemma4:e4b_ja,
7.0,avg_clustering_coef,0.6906992697331235,sequential_ollama/gemma4:e4b_ja,
7.0,prop_nodes_lcc,0.52,sequential_ollama/gemma4:e4b_ja,
7.0,radius,0.6138553528602697,sequential_ollama/gemma4:e4b_ja,
7.0,diameter,0.6138553528602697,sequential_ollama/gemma4:e4b_ja,
7.0,avg_shortest_path,0.4202548184966462,sequential_ollama/gemma4:e4b_ja,
7.0,modularity,0.4581503896206637,sequential_ollama/gemma4:e4b_ja,
8.0,density,0.25551020408163266,sequential_ollama/gemma4:e4b_ja,
8.0,avg_clustering_coef,0.7042374857460334,sequential_ollama/gemma4:e4b_ja,
8.0,prop_nodes_lcc,1.0,sequential_ollama/gemma4:e4b_ja,
8.0,radius,0.7668666559059943,sequential_ollama/gemma4:e4b_ja,
8.0,diameter,1.2781110931766573,sequential_ollama/gemma4:e4b_ja,
8.0,avg_shortest_path,0.5938782320295128,sequential_ollama/gemma4:e4b_ja,
8.0,modularity,0.4508926293011055,sequential_ollama/gemma4:e4b_ja,
9.0,density,0.2383673469387755,sequential_ollama/gemma4:e4b_ja,
9.0,avg_clustering_coef,0.7349625212884063,sequential_ollama/gemma4:e4b_ja,
9.0,prop_nodes_lcc,0.54,sequential_ollama/gemma4:e4b_ja,
9.0,radius,0.6068261510845583,sequential_ollama/gemma4:e4b_ja,
9.0,diameter,0.9102392266268374,sequential_ollama/gemma4:e4b_ja,
9.0,avg_shortest_path,0.45209412680516237,sequential_ollama/gemma4:e4b_ja,
9.0,modularity,0.4591093544755113,sequential_ollama/gemma4:e4b_ja,
0.0,degree_centrality,0.08163265306122448,sequential_ollama/gemma4:e4b_ja,28
0.0,degree_centrality,0.1020408163265306,sequential_ollama/gemma4:e4b_ja,34
0.0,degree_centrality,0.12244897959183673,sequential_ollama/gemma4:e4b_ja,11
0.0,degree_centrality,0.08163265306122448,sequential_ollama/gemma4:e4b_ja,10
0.0,degree_centrality,0.14285714285714285,sequential_ollama/gemma4:e4b_ja,22
0.0,degree_centrality,0.1020408163265306,sequential_ollama/gemma4:e4b_ja,49
0.0,degree_centrality,0.14285714285714285,sequential_ollama/gemma4:e4b_ja,26
0.0,degree_centrality,0.08163265306122448,sequential_ollama/gemma4:e4b_ja,27
0.0,degree_centrality,0.14285714285714285,sequential_ollama/gemma4:e4b_ja,32
0.0,degree_centrality,0.1020408163265306,sequential_ollama/gemma4:e4b_ja,4
0.0,degree_centrality,0.08163265306122448,sequential_ollama/gemma4:e4b_ja,30
0.0,degree_centrality,0.12244897959183673,sequential_ollama/gemma4:e4b_ja,41
0.0,degree_centrality,0.12244897959183673,sequential_ollama/gemma4:e4b_ja,16
0.0,degree_centrality,0.14285714285714285,sequential_ollama/gemma4:e4b_ja,33
0.0,degree_centrality,0.14285714285714285,sequential_ollama/gemma4:e4b_ja,2
0.0,degree_centrality,0.14285714285714285,sequential_ollama/gemma4:e4b_ja,9
0.0,degree_centrality,0.12244897959183673,sequential_ollama/gemma4:e4b_ja,40
0.0,degree_centrality,0.08163265306122448,sequential_ollama/gemma4:e4b_ja,6
0.0,degree_centrality,0.1020408163265306,sequential_ollama/gemma4:e4b_ja,14
0.0,degree_centrality,0.1020408163265306,sequential_ollama/gemma4:e4b_ja,23
0.0,degree_centrality,0.18367346938775508,sequential_ollama/gemma4:e4b_ja,43
0.0,degree_centrality,0.1020408163265306,sequential_ollama/gemma4:e4b_ja,20
0.0,degree_centrality,0.1020408163265306,sequential_ollama/gemma4:e4b_ja,38
0.0,degree_centrality,0.08163265306122448,sequential_ollama/gemma4:e4b_ja,31
0.0,degree_centrality,0.14285714285714285,sequential_ollama/gemma4:e4b_ja,42
0.0,degree_centrality,0.12244897959183673,sequential_ollama/gemma4:e4b_ja,29
0.0,degree_centrality,0.12244897959183673,sequential_ollama/gemma4:e4b_ja,7
0.0,degree_centrality,0.1020408163265306,sequential_ollama/gemma4:e4b_ja,8
0.0,degree_centrality,0.1020408163265306,sequential_ollama/gemma4:e4b_ja,13
0.0,degree_centrality,0.08163265306122448,sequential_ollama/gemma4:e4b_ja,5
0.0,degree_centrality,0.1020408163265306,sequential_ollama/gemma4:e4b_ja,3
0.0,degree_centrality,0.16326530612244897,sequential_ollama/gemma4:e4b_ja,48
0.0,degree_centrality,0.16326530612244897,sequential_ollama/gemma4:e4b_ja,47
0.0,degree_centrality,0.08163265306122448,sequential_ollama/gemma4:e4b_ja,35
0.0,degree_centrality,0.16326530612244897,sequential_ollama/gemma4:e4b_ja,12
0.0,degree_centrality,0.16326530612244897,sequential_ollama/gemma4:e4b_ja,17
0.0,degree_centrality,0.16326530612244897,sequential_ollama/gemma4:e4b_ja,1
0.0,degree_centrality,0.1020408163265306,sequential_ollama/gemma4:e4b_ja,45
0.0,degree_centrality,0.061224489795918366,sequential_ollama/gemma4:e4b_ja,18
0.0,degree_centrality,0.061224489795918366,sequential_ollama/gemma4:e4b_ja,36
0.0,degree_centrality,0.08163265306122448,sequential_ollama/gemma4:e4b_ja,15
0.0,degree_centrality,0.04081632653061224,sequential_ollama/gemma4:e4b_ja,39
0.0,degree_centrality,0.12244897959183673,sequential_ollama/gemma4:e4b_ja,19
0.0,degree_centrality,0.061224489795918366,sequential_ollama/gemma4:e4b_ja,24
0.0,degree_centrality,0.02040816326530612,sequential_ollama/gemma4:e4b_ja,46
0.0,degree_centrality,0.061224489795918366,sequential_ollama/gemma4:e4b_ja,44
0.0,degree_centrality,0.061224489795918366,sequential_ollama/gemma4:e4b_ja,25
0.0,degree_centrality,0.061224489795918366,sequential_ollama/gemma4:e4b_ja,37
0.0,degree_centrality,0.061224489795918366,sequential_ollama/gemma4:e4b_ja,0
0.0,degree_centrality,0.061224489795918366,sequential_ollama/gemma4:e4b_ja,21
0.0,betweenness_centrality,0.14052579365079365,sequential_ollama/gemma4:e4b_ja,28
0.0,betweenness_centrality,0.02469411375661374,sequential_ollama/gemma4:e4b_ja,34
0.0,betweenness_centrality,0.01926374716553287,sequential_ollama/gemma4:e4b_ja,11
0.0,betweenness_centrality,0.5175855064247921,sequential_ollama/gemma4:e4b_ja,10
0.0,betweenness_centrality,0.05599236718496924,sequential_ollama/gemma4:e4b_ja,22
0.0,betweenness_centrality,0.003505291005291005,sequential_ollama/gemma4:e4b_ja,49
0.0,betweenness_centrality,0.02228802235179786,sequential_ollama/gemma4:e4b_ja,26
0.0,betweenness_centrality,0.0027187263794406654,sequential_ollama/gemma4:e4b_ja,27
0.0,betweenness_centrality,0.22411709723571974,sequential_ollama/gemma4:e4b_ja,32
0.0,betweenness_centrality,0.14204206484180965,sequential_ollama/gemma4:e4b_ja,4
0.0,betweenness_centrality,0.5134515711046325,sequential_ollama/gemma4:e4b_ja,30
0.0,betweenness_centrality,0.019889860706187257,sequential_ollama/gemma4:e4b_ja,41
0.0,betweenness_centrality,0.011807580174927109,sequential_ollama/gemma4:e4b_ja,16
0.0,betweenness_centrality,0.022755073557894693,sequential_ollama/gemma4:e4b_ja,33
0.0,betweenness_centrality,0.08093255145325973,sequential_ollama/gemma4:e4b_ja,2
0.0,betweenness_centrality,0.2877854988149105,sequential_ollama/gemma4:e4b_ja,9
0.0,betweenness_centrality,0.002765630061548429,sequential_ollama/gemma4:e4b_ja,40
0.0,betweenness_centrality,0.0019948730407914083,sequential_ollama/gemma4:e4b_ja,6
0.0,betweenness_centrality,0.02424886621315192,sequential_ollama/gemma4:e4b_ja,14
0.0,betweenness_centrality,0.01743399740848721,sequential_ollama/gemma4:e4b_ja,23
0.0,betweenness_centrality,0.07440155688204905,sequential_ollama/gemma4:e4b_ja,43
0.0,betweenness_centrality,0.0552270610625202,sequential_ollama/gemma4:e4b_ja,20
0.0,betweenness_centrality,0.003809321347586654,sequential_ollama/gemma4:e4b_ja,38
0.0,betweenness_centrality,0.005860260770975057,sequential_ollama/gemma4:e4b_ja,31
0.0,betweenness_centrality,0.014649639617751859,sequential_ollama/gemma4:e4b_ja,42
0.0,betweenness_centrality,0.0162587058632977,sequential_ollama/gemma4:e4b_ja,29
0.0,betweenness_centrality,0.023108499352121798,sequential_ollama/gemma4:e4b_ja,7
0.0,betweenness_centrality,0.06304765954000649,sequential_ollama/gemma4:e4b_ja,8
0.0,betweenness_centrality,0.05485250647878198,sequential_ollama/gemma4:e4b_ja,13
0.0,betweenness_centrality,0.017106009070294786,sequential_ollama/gemma4:e4b_ja,5
0.0,betweenness_centrality,0.009022004295113538,sequential_ollama/gemma4:e4b_ja,3
0.0,betweenness_centrality,0.04659663593487125,sequential_ollama/gemma4:e4b_ja,48
0.0,betweenness_centrality,0.061171510451222315,sequential_ollama/gemma4:e4b_ja,47
0.0,betweenness_centrality,0.0,sequential_ollama/gemma4:e4b_ja,35
0.0,betweenness_centrality,0.019102568322256198,sequential_ollama/gemma4:e4b_ja,12
0.0,betweenness_centrality,0.20379022182743664,sequential_ollama/gemma4:e4b_ja,17
0.0,betweenness_centrality,0.019102568322256198,sequential_ollama/gemma4:e4b_ja,1
0.0,betweenness_centrality,0.0005291005291005291,sequential_ollama/gemma4:e4b_ja,45
0.0,betweenness_centrality,0.2014779721412374,sequential_ollama/gemma4:e4b_ja,18
0.0,betweenness_centrality,0.0032474894719792674,sequential_ollama/gemma4:e4b_ja,36
0.0,betweenness_centrality,0.05347424684159378,sequential_ollama/gemma4:e4b_ja,15
0.0,betweenness_centrality,0.0,sequential_ollama/gemma4:e4b_ja,39
0.0,betweenness_centrality,0.01310171282410178,sequential_ollama/gemma4:e4b_ja,19
0.0,betweenness_centrality,0.005952380952380952,sequential_ollama/gemma4:e4b_ja,24
0.0,betweenness_centrality,0.0,sequential_ollama/gemma4:e4b_ja,46
0.0,betweenness_centrality,0.001445578231292517,sequential_ollama/gemma4:e4b_ja,44
0.0,betweenness_centrality,0.2905612244897958,sequential_ollama/gemma4:e4b_ja,25
0.0,betweenness_centrality,0.027899254940071266,sequential_ollama/gemma4:e4b_ja,37
0.0,betweenness_centrality,0.007977506478781989,sequential_ollama/gemma4:e4b_ja,0
0.0,betweenness_centrality,0.0,sequential_ollama/gemma4:e4b_ja,21
0.0,closeness_centrality,0.2692307692307692,sequential_ollama/gemma4:e4b_ja,28
0.0,closeness_centrality,0.23902439024390243,sequential_ollama/gemma4:e4b_ja,34
0.0,closeness_centrality,0.23333333333333334,sequential_ollama/gemma4:e4b_ja,11
0.0,closeness_centrality,0.3161290322580645,sequential_ollama/gemma4:e4b_ja,10
0.0,closeness_centrality,0.2413793103448276,sequential_ollama/gemma4:e4b_ja,22
0.0,closeness_centrality,0.21120689655172414,sequential_ollama/gemma4:e4b_ja,49
0.0,closeness_centrality,0.21585903083700442,sequential_ollama/gemma4:e4b_ja,26
0.0,closeness_centrality,0.20675105485232068,sequential_ollama/gemma4:e4b_ja,27
0.0,closeness_centrality,0.28488372093023256,sequential_ollama/gemma4:e4b_ja,32
0.0,closeness_centrality,0.28160919540229884,sequential_ollama/gemma4:e4b_ja,4
0.0,closeness_centrality,0.3202614379084967,sequential_ollama/gemma4:e4b_ja,30
0.0,closeness_centrality,0.23444976076555024,sequential_ollama/gemma4:e4b_ja,41
0.0,closeness_centrality,0.23444976076555024,sequential_ollama/gemma4:e4b_ja,16
0.0,closeness_centrality,0.2168141592920354,sequential_ollama/gemma4:e4b_ja,33
0.0,closeness_centrality,0.24623115577889448,sequential_ollama/gemma4:e4b_ja,2
0.0,closeness_centrality,0.2737430167597765,sequential_ollama/gemma4:e4b_ja,9
0.0,closeness_centrality,0.20675105485232068,sequential_ollama/gemma4:e4b_ja,40
0.0,closeness_centrality,0.20675105485232068,sequential_ollama/gemma4:e4b_ja,6
0.0,closeness_centrality,0.20588235294117646,sequential_ollama/gemma4:e4b_ja,14
0.0,closeness_centrality,0.20588235294117646,sequential_ollama/gemma4:e4b_ja,23
0.0,closeness_centrality,0.2512820512820513,sequential_ollama/gemma4:e4b_ja,43
0.0,closeness_centrality,0.24257425742574257,sequential_ollama/gemma4:e4b_ja,20
0.0,closeness_centrality,0.21212121212121213,sequential_ollama/gemma4:e4b_ja,38
0.0,closeness_centrality,0.21120689655172414,sequential_ollama/gemma4:e4b_ja,31
0.0,closeness_centrality,0.2149122807017544,sequential_ollama/gemma4:e4b_ja,42
0.0,closeness_centrality,0.21585903083700442,sequential_ollama/gemma4:e4b_ja,29
0.0,closeness_centrality,0.21585903083700442,sequential_ollama/gemma4:e4b_ja,7
0.0,closeness_centrality,0.2413793103448276,sequential_ollama/gemma4:e4b_ja,8
0.0,closeness_centrality,0.24378109452736318,sequential_ollama/gemma4:e4b_ja,13
0.0,closeness_centrality,0.2149122807017544,sequential_ollama/gemma4:e4b_ja,5
0.0,closeness_centrality,0.2149122807017544,sequential_ollama/gemma4:e4b_ja,3
0.0,closeness_centrality,0.2474747474747475,sequential_ollama/gemma4:e4b_ja,48
0.0,closeness_centrality,0.2474747474747475,sequential_ollama/gemma4:e4b_ja,47
0.0,closeness_centrality,0.21973094170403587,sequential_ollama/gemma4:e4b_ja,35
0.0,closeness_centrality,0.23786407766990292,sequential_ollama/gemma4:e4b_ja,12
0.0,closeness_centrality,0.2737430167597765,sequential_ollama/gemma4:e4b_ja,17
0.0,closeness_centrality,0.23786407766990292,sequential_ollama/gemma4:e4b_ja,1
0.0,closeness_centrality,0.22477064220183487,sequential_ollama/gemma4:e4b_ja,45
0.0,closeness_centrality,0.28488372093023256,sequential_ollama/gemma4:e4b_ja,18
0.0,closeness_centrality,0.2768361581920904,sequential_ollama/gemma4:e4b_ja,36
0.0,closeness_centrality,0.23786407766990292,sequential_ollama/gemma4:e4b_ja,15
0.0,closeness_centrality,0.17314487632508835,sequential_ollama/gemma4:e4b_ja,39
0.0,closeness_centrality,0.24019607843137256,sequential_ollama/gemma4:e4b_ja,19
0.0,closeness_centrality,0.22897196261682243,sequential_ollama/gemma4:e4b_ja,24
0.0,closeness_centrality,0.19291338582677164,sequential_ollama/gemma4:e4b_ja,46
0.0,closeness_centrality,0.2300469483568075,sequential_ollama/gemma4:e4b_ja,44
0.0,closeness_centrality,0.28823529411764703,sequential_ollama/gemma4:e4b_ja,25
0.0,closeness_centrality,0.23222748815165878,sequential_ollama/gemma4:e4b_ja,37
0.0,closeness_centrality,0.2094017094017094,sequential_ollama/gemma4:e4b_ja,0
0.0,closeness_centrality,0.21875,sequential_ollama/gemma4:e4b_ja,21
1.0,degree_centrality,0.061224489795918366,sequential_ollama/gemma4:e4b_ja,27
1.0,degree_centrality,0.18367346938775508,sequential_ollama/gemma4:e4b_ja,38
1.0,degree_centrality,0.12244897959183673,sequential_ollama/gemma4:e4b_ja,26
1.0,degree_centrality,0.08163265306122448,sequential_ollama/gemma4:e4b_ja,49
1.0,degree_centrality,0.12244897959183673,sequential_ollama/gemma4:e4b_ja,35
1.0,degree_centrality,0.18367346938775508,sequential_ollama/gemma4:e4b_ja,33
1.0,degree_centrality,0.1020408163265306,sequential_ollama/gemma4:e4b_ja,12
1.0,degree_centrality,0.14285714285714285,sequential_ollama/gemma4:e4b_ja,43
1.0,degree_centrality,0.1020408163265306,sequential_ollama/gemma4:e4b_ja,23
1.0,degree_centrality,0.16326530612244897,sequential_ollama/gemma4:e4b_ja,17
1.0,degree_centrality,0.08163265306122448,sequential_ollama/gemma4:e4b_ja,14
1.0,degree_centrality,0.061224489795918366,sequential_ollama/gemma4:e4b_ja,40
1.0,degree_centrality,0.1020408163265306,sequential_ollama/gemma4:e4b_ja,39
1.0,degree_centrality,0.08163265306122448,sequential_ollama/gemma4:e4b_ja,2
1.0,degree_centrality,0.061224489795918366,sequential_ollama/gemma4:e4b_ja,8
1.0,degree_centrality,0.1020408163265306,sequential_ollama/gemma4:e4b_ja,7
1.0,degree_centrality,0.08163265306122448,sequential_ollama/gemma4:e4b_ja,13
1.0,degree_centrality,0.12244897959183673,sequential_ollama/gemma4:e4b_ja,31
1.0,degree_centrality,0.061224489795918366,sequential_ollama/gemma4:e4b_ja,0
1.0,degree_centrality,0.061224489795918366,sequential_ollama/gemma4:e4b_ja,37
1.0,degree_centrality,0.08163265306122448,sequential_ollama/gemma4:e4b_ja,42
1.0,degree_centrality,0.08163265306122448,sequential_ollama/gemma4:e4b_ja,29
1.0,degree_centrality,0.061224489795918366,sequential_ollama/gemma4:e4b_ja,41
1.0,degree_centrality,0.08163265306122448,sequential_ollama/gemma4:e4b_ja,16
1.0,degree_centrality,0.12244897959183673,sequential_ollama/gemma4:e4b_ja,9
1.0,degree_centrality,0.08163265306122448,sequential_ollama/gemma4:e4b_ja,3
1.0,degree_centrality,0.18367346938775508,sequential_ollama/gemma4:e4b_ja,48
1.0,degree_centrality,0.1020408163265306,sequential_ollama/gemma4:e4b_ja,47
1.0,degree_centrality,0.1020408163265306,sequential_ollama/gemma4:e4b_ja,6
1.0,degree_centrality,0.061224489795918366,sequential_ollama/gemma4:e4b_ja,24
1.0,degree_centrality,0.12244897959183673,sequential_ollama/gemma4:e4b_ja,19
1.0,degree_centrality,0.1020408163265306,sequential_ollama/gemma4:e4b_ja,5
1.0,degree_centrality,0.061224489795918366,sequential_ollama/gemma4:e4b_ja,46
1.0,degree_centrality,0.061224489795918366,sequential_ollama/gemma4:e4b_ja,15
1.0,degree_centrality,0.1020408163265306,sequential_ollama/gemma4:e4b_ja,44
1.0,degree_centrality,0.1020408163265306,sequential_ollama/gemma4:e4b_ja,34
1.0,degree_centrality,0.1020408163265306,sequential_ollama/gemma4:e4b_ja,4
1.0,degree_centrality,0.1020408163265306,sequential_ollama/gemma4:e4b_ja,32
1.0,degree_centrality,0.14285714285714285,sequential_ollama/gemma4:e4b_ja,10
1.0,degree_centrality,0.1020408163265306,sequential_ollama/gemma4:e4b_ja,20
1.0,degree_centrality,0.08163265306122448,sequential_ollama/gemma4:e4b_ja,28
1.0,degree_centrality,0.08163265306122448,sequential_ollama/gemma4:e4b_ja,25
1.0,degree_centrality,0.08163265306122448,sequential_ollama/gemma4:e4b_ja,21
1.0,degree_centrality,0.08163265306122448,sequential_ollama/gemma4:e4b_ja,18
1.0,degree_centrality,0.1020408163265306,sequential_ollama/gemma4:e4b_ja,1
1.0,degree_centrality,0.08163265306122448,sequential_ollama/gemma4:e4b_ja,36
1.0,degree_centrality,0.08163265306122448,sequential_ollama/gemma4:e4b_ja,30
1.0,degree_centrality,0.061224489795918366,sequential_ollama/gemma4:e4b_ja,11
1.0,degree_centrality,0.061224489795918366,sequential_ollama/gemma4:e4b_ja,22
1.0,degree_centrality,0.061224489795918366,sequential_ollama/gemma4:e4b_ja,45
1.0,betweenness_centrality,0.010261030541642787,sequential_ollama/gemma4:e4b_ja,27
1.0,betweenness_centrality,0.14611475542597985,sequential_ollama/gemma4:e4b_ja,38
1.0,betweenness_centrality,0.028182844413711765,sequential_ollama/gemma4:e4b_ja,26
1.0,betweenness_centrality,0.09181905820936435,sequential_ollama/gemma4:e4b_ja,49
1.0,betweenness_centrality,0.06386820143197694,sequential_ollama/gemma4:e4b_ja,35
1.0,betweenness_centrality,0.0943456014884586,sequential_ollama/gemma4:e4b_ja,33
1.0,betweenness_centrality,0.0042729591836734694,sequential_ollama/gemma4:e4b_ja,12
1.0,betweenness_centrality,0.01601237717309146,sequential_ollama/gemma4:e4b_ja,43
1.0,betweenness_centrality,0.01260730482669258,sequential_ollama/gemma4:e4b_ja,23
1.0,betweenness_centrality,0.25456310271361304,sequential_ollama/gemma4:e4b_ja,17
1.0,betweenness_centrality,0.002118764172335601,sequential_ollama/gemma4:e4b_ja,14
1.0,betweenness_centrality,0.0037367724867724862,sequential_ollama/gemma4:e4b_ja,40
1.0,betweenness_centrality,0.024906530072346403,sequential_ollama/gemma4:e4b_ja,39
1.0,betweenness_centrality,0.014339029262498651,sequential_ollama/gemma4:e4b_ja,2
1.0,betweenness_centrality,0.11340521251235533,sequential_ollama/gemma4:e4b_ja,8
1.0,betweenness_centrality,0.02919916440324603,sequential_ollama/gemma4:e4b_ja,7
1.0,betweenness_centrality,0.012403415273313234,sequential_ollama/gemma4:e4b_ja,13
1.0,betweenness_centrality,0.06218192710539648,sequential_ollama/gemma4:e4b_ja,31
1.0,betweenness_centrality,0.01627607086790761,sequential_ollama/gemma4:e4b_ja,0
1.0,betweenness_centrality,0.11340521251235533,sequential_ollama/gemma4:e4b_ja,37
1.0,betweenness_centrality,0.002919449220469629,sequential_ollama/gemma4:e4b_ja,42
1.0,betweenness_centrality,0.008911543860523456,sequential_ollama/gemma4:e4b_ja,29
1.0,betweenness_centrality,0.003245464852607709,sequential_ollama/gemma4:e4b_ja,41
1.0,betweenness_centrality,0.0061389833711262285,sequential_ollama/gemma4:e4b_ja,16
1.0,betweenness_centrality,0.0594735314760825,sequential_ollama/gemma4:e4b_ja,9
1.0,betweenness_centrality,0.005403034229564841,sequential_ollama/gemma4:e4b_ja,3
1.0,betweenness_centrality,0.07389756879552797,sequential_ollama/gemma4:e4b_ja,48
1.0,betweenness_centrality,0.03874197420115788,sequential_ollama/gemma4:e4b_ja,47
1.0,betweenness_centrality,0.18900208587708592,sequential_ollama/gemma4:e4b_ja,6
1.0,betweenness_centrality,0.0,sequential_ollama/gemma4:e4b_ja,24
1.0,betweenness_centrality,0.02316626589585773,sequential_ollama/gemma4:e4b_ja,19
1.0,betweenness_centrality,0.020236070618723682,sequential_ollama/gemma4:e4b_ja,5
1.0,betweenness_centrality,0.00516745159602302,sequential_ollama/gemma4:e4b_ja,46
1.0,betweenness_centrality,0.00516745159602302,sequential_ollama/gemma4:e4b_ja,15
1.0,betweenness_centrality,0.08770028157783259,sequential_ollama/gemma4:e4b_ja,44
1.0,betweenness_centrality,0.025571539665927418,sequential_ollama/gemma4:e4b_ja,34
1.0,betweenness_centrality,0.10442013343799057,sequential_ollama/gemma4:e4b_ja,4
1.0,betweenness_centrality,0.06678158977266122,sequential_ollama/gemma4:e4b_ja,32
1.0,betweenness_centrality,0.3302929650187303,sequential_ollama/gemma4:e4b_ja,10
1.0,betweenness_centrality,0.12384822518751092,sequential_ollama/gemma4:e4b_ja,20
1.0,betweenness_centrality,0.21188028477569293,sequential_ollama/gemma4:e4b_ja,28
1.0,betweenness_centrality,0.27706529345559944,sequential_ollama/gemma4:e4b_ja,25
1.0,betweenness_centrality,0.04322619462925586,sequential_ollama/gemma4:e4b_ja,21
1.0,betweenness_centrality,0.05863860959524226,sequential_ollama/gemma4:e4b_ja,18
1.0,betweenness_centrality,0.0020833333333333333,sequential_ollama/gemma4:e4b_ja,1
1.0,betweenness_centrality,0.22345199679383354,sequential_ollama/gemma4:e4b_ja,36
1.0,betweenness_centrality,0.23126378298572184,sequential_ollama/gemma4:e4b_ja,30
1.0,betweenness_centrality,0.013231705227878691,sequential_ollama/gemma4:e4b_ja,11
1.0,betweenness_centrality,0.000496031746031746,sequential_ollama/gemma4:e4b_ja,22
1.0,betweenness_centrality,0.0,sequential_ollama/gemma4:e4b_ja,45
1.0,closeness_centrality,0.22171945701357465,sequential_ollama/gemma4:e4b_ja,27
1.0,closeness_centrality,0.2474747474747475,sequential_ollama/gemma4:e4b_ja,38
1.0,closeness_centrality,0.22072072072072071,sequential_ollama/gemma4:e4b_ja,26
1.0,closeness_centrality,0.245,sequential_ollama/gemma4:e4b_ja,49
1.0,closeness_centrality,0.24623115577889448,sequential_ollama/gemma4:e4b_ja,35
1.0,closeness_centrality,0.2552083333333333,sequential_ollama/gemma4:e4b_ja,33
1.0,closeness_centrality,0.23671497584541062,sequential_ollama/gemma4:e4b_ja,12
1.0,closeness_centrality,0.22790697674418606,sequential_ollama/gemma4:e4b_ja,43
1.0,closeness_centrality,0.21120689655172414,sequential_ollama/gemma4:e4b_ja,23
1.0,closeness_centrality,0.2916666666666667,sequential_ollama/gemma4:e4b_ja,17
1.0,closeness_centrality,0.20851063829787234,sequential_ollama/gemma4:e4b_ja,14
1.0,closeness_centrality,0.1891891891891892,sequential_ollama/gemma4:e4b_ja,40
1.0,closeness_centrality,0.22171945701357465,sequential_ollama/gemma4:e4b_ja,39
1.0,closeness_centrality,0.21030042918454936,sequential_ollama/gemma4:e4b_ja,2
1.0,closeness_centrality,0.2737430167597765,sequential_ollama/gemma4:e4b_ja,8
1.0,closeness_centrality,0.21212121212121213,sequential_ollama/gemma4:e4b_ja,7
1.0,closeness_centrality,0.24019607843137256,sequential_ollama/gemma4:e4b_ja,13
1.0,closeness_centrality,0.24378109452736318,sequential_ollama/gemma4:e4b_ja,31
1.0,closeness_centrality,0.20588235294117646,sequential_ollama/gemma4:e4b_ja,0
1.0,closeness_centrality,0.2737430167597765,sequential_ollama/gemma4:e4b_ja,37
1.0,closeness_centrality,0.21030042918454936,sequential_ollama/gemma4:e4b_ja,42
1.0,closeness_centrality,0.20851063829787234,sequential_ollama/gemma4:e4b_ja,29
1.0,closeness_centrality,0.20851063829787234,sequential_ollama/gemma4:e4b_ja,41
1.0,closeness_centrality,0.21973094170403587,sequential_ollama/gemma4:e4b_ja,16
1.0,closeness_centrality,0.25,sequential_ollama/gemma4:e4b_ja,9
1.0,closeness_centrality,0.21973094170403587,sequential_ollama/gemma4:e4b_ja,3
1.0,closeness_centrality,0.2648648648648649,sequential_ollama/gemma4:e4b_ja,48
1.0,closeness_centrality,0.2512820512820513,sequential_ollama/gemma4:e4b_ja,47
1.0,closeness_centrality,0.28488372093023256,sequential_ollama/gemma4:e4b_ja,6
1.0,closeness_centrality,0.24257425742574257,sequential_ollama/gemma4:e4b_ja,24
1.0,closeness_centrality,0.2474747474747475,sequential_ollama/gemma4:e4b_ja,19
1.0,closeness_centrality,0.1814814814814815,sequential_ollama/gemma4:e4b_ja,5
1.0,closeness_centrality,0.196,sequential_ollama/gemma4:e4b_ja,46
1.0,closeness_centrality,0.196,sequential_ollama/gemma4:e4b_ja,15
1.0,closeness_centrality,0.22580645161290322,sequential_ollama/gemma4:e4b_ja,44
1.0,closeness_centrality,0.21030042918454936,sequential_ollama/gemma4:e4b_ja,34
1.0,closeness_centrality,0.2692307692307692,sequential_ollama/gemma4:e4b_ja,4
1.0,closeness_centrality,0.29518072289156627,sequential_ollama/gemma4:e4b_ja,32
1.0,closeness_centrality,0.3141025641025641,sequential_ollama/gemma4:e4b_ja,10
1.0,closeness_centrality,0.28,sequential_ollama/gemma4:e4b_ja,20
1.0,closeness_centrality,0.30625,sequential_ollama/gemma4:e4b_ja,28
1.0,closeness_centrality,0.3081761006289308,sequential_ollama/gemma4:e4b_ja,25
1.0,closeness_centrality,0.266304347826087,sequential_ollama/gemma4:e4b_ja,21
1.0,closeness_centrality,0.28488372093023256,sequential_ollama/gemma4:e4b_ja,18
1.0,closeness_centrality,0.23444976076555024,sequential_ollama/gemma4:e4b_ja,1
1.0,closeness_centrality,0.3081761006289308,sequential_ollama/gemma4:e4b_ja,36
1.0,closeness_centrality,0.30434782608695654,sequential_ollama/gemma4:e4b_ja,30
1.0,closeness_centrality,0.21030042918454936,sequential_ollama/gemma4:e4b_ja,11
1.0,closeness_centrality,0.18702290076335878,sequential_ollama/gemma4:e4b_ja,22
1.0,closeness_centrality,0.2300469483568075,sequential_ollama/gemma4:e4b_ja,45
2.0,degree_centrality,0.1020408163265306,sequential_ollama/gemma4:e4b_ja,36
2.0,degree_centrality,0.08163265306122448,sequential_ollama/gemma4:e4b_ja,6
2.0,degree_centrality,0.1020408163265306,sequential_ollama/gemma4:e4b_ja,30
2.0,degree_centrality,0.14285714285714285,sequential_ollama/gemma4:e4b_ja,1
2.0,degree_centrality,0.061224489795918366,sequential_ollama/gemma4:e4b_ja,18
2.0,degree_centrality,0.08163265306122448,sequential_ollama/gemma4:e4b_ja,25
2.0,degree_centrality,0.18367346938775508,sequential_ollama/gemma4:e4b_ja,47
2.0,degree_centrality,0.14285714285714285,sequential_ollama/gemma4:e4b_ja,43
2.0,degree_centrality,0.08163265306122448,sequential_ollama/gemma4:e4b_ja,41
2.0,degree_centrality,0.12244897959183673,sequential_ollama/gemma4:e4b_ja,48
2.0,degree_centrality,0.14285714285714285,sequential_ollama/gemma4:e4b_ja,9
2.0,degree_centrality,0.061224489795918366,sequential_ollama/gemma4:e4b_ja,14
2.0,degree_centrality,0.14285714285714285,sequential_ollama/gemma4:e4b_ja,40
2.0,degree_centrality,0.14285714285714285,sequential_ollama/gemma4:e4b_ja,23
2.0,degree_centrality,0.061224489795918366,sequential_ollama/gemma4:e4b_ja,39
2.0,degree_centrality,0.12244897959183673,sequential_ollama/gemma4:e4b_ja,28
2.0,degree_centrality,0.12244897959183673,sequential_ollama/gemma4:e4b_ja,11
2.0,degree_centrality,0.12244897959183673,sequential_ollama/gemma4:e4b_ja,10
2.0,degree_centrality,0.1020408163265306,sequential_ollama/gemma4:e4b_ja,32
2.0,degree_centrality,0.1020408163265306,sequential_ollama/gemma4:e4b_ja,20
2.0,degree_centrality,0.061224489795918366,sequential_ollama/gemma4:e4b_ja,46
2.0,degree_centrality,0.1020408163265306,sequential_ollama/gemma4:e4b_ja,4
2.0,degree_centrality,0.12244897959183673,sequential_ollama/gemma4:e4b_ja,16
2.0,degree_centrality,0.061224489795918366,sequential_ollama/gemma4:e4b_ja,24
2.0,degree_centrality,0.1020408163265306,sequential_ollama/gemma4:e4b_ja,2
2.0,degree_centrality,0.14285714285714285,sequential_ollama/gemma4:e4b_ja,13
2.0,degree_centrality,0.1020408163265306,sequential_ollama/gemma4:e4b_ja,31
2.0,degree_centrality,0.1020408163265306,sequential_ollama/gemma4:e4b_ja,42
2.0,degree_centrality,0.12244897959183673,sequential_ollama/gemma4:e4b_ja,38
2.0,degree_centrality,0.08163265306122448,sequential_ollama/gemma4:e4b_ja,34
2.0,degree_centrality,0.14285714285714285,sequential_ollama/gemma4:e4b_ja,7
2.0,degree_centrality,0.12244897959183673,sequential_ollama/gemma4:e4b_ja,26
2.0,degree_centrality,0.061224489795918366,sequential_ollama/gemma4:e4b_ja,0
2.0,degree_centrality,0.08163265306122448,sequential_ollama/gemma4:e4b_ja,37
2.0,degree_centrality,0.08163265306122448,sequential_ollama/gemma4:e4b_ja,44
2.0,degree_centrality,0.061224489795918366,sequential_ollama/gemma4:e4b_ja,15
2.0,degree_centrality,0.12244897959183673,sequential_ollama/gemma4:e4b_ja,33
2.0,degree_centrality,0.2040816326530612,sequential_ollama/gemma4:e4b_ja,19
2.0,degree_centrality,0.12244897959183673,sequential_ollama/gemma4:e4b_ja,17
2.0,degree_centrality,0.1020408163265306,sequential_ollama/gemma4:e4b_ja,35
2.0,degree_centrality,0.14285714285714285,sequential_ollama/gemma4:e4b_ja,12
2.0,degree_centrality,0.1020408163265306,sequential_ollama/gemma4:e4b_ja,45
2.0,degree_centrality,0.1020408163265306,sequential_ollama/gemma4:e4b_ja,3
2.0,degree_centrality,0.08163265306122448,sequential_ollama/gemma4:e4b_ja,21
2.0,degree_centrality,0.061224489795918366,sequential_ollama/gemma4:e4b_ja,27
2.0,degree_centrality,0.1020408163265306,sequential_ollama/gemma4:e4b_ja,49
2.0,degree_centrality,0.08163265306122448,sequential_ollama/gemma4:e4b_ja,5
2.0,degree_centrality,0.1020408163265306,sequential_ollama/gemma4:e4b_ja,22
2.0,degree_centrality,0.061224489795918366,sequential_ollama/gemma4:e4b_ja,29
2.0,degree_centrality,0.1020408163265306,sequential_ollama/gemma4:e4b_ja,8
2.0,betweenness_centrality,0.30181338408379227,sequential_ollama/gemma4:e4b_ja,36
2.0,betweenness_centrality,0.09870424360220277,sequential_ollama/gemma4:e4b_ja,6
2.0,betweenness_centrality,0.20201787064031976,sequential_ollama/gemma4:e4b_ja,30
2.0,betweenness_centrality,0.17413886189396388,sequential_ollama/gemma4:e4b_ja,1
2.0,betweenness_centrality,0.0,sequential_ollama/gemma4:e4b_ja,18
2.0,betweenness_centrality,0.5102040816326531,sequential_ollama/gemma4:e4b_ja,25
2.0,betweenness_centrality,0.04425008098477482,sequential_ollama/gemma4:e4b_ja,47
2.0,betweenness_centrality,0.023723477486232592,sequential_ollama/gemma4:e4b_ja,43
2.0,betweenness_centrality,0.0009313249109167477,sequential_ollama/gemma4:e4b_ja,41
2.0,betweenness_centrality,0.012358951517114783,sequential_ollama/gemma4:e4b_ja,48
2.0,betweenness_centrality,0.02828190800129574,sequential_ollama/gemma4:e4b_ja,9
2.0,betweenness_centrality,0.0,sequential_ollama/gemma4:e4b_ja,14
2.0,betweenness_centrality,0.047895408163265304,sequential_ollama/gemma4:e4b_ja,40
2.0,betweenness_centrality,0.027158244250080957,sequential_ollama/gemma4:e4b_ja,23
2.0,betweenness_centrality,0.0,sequential_ollama/gemma4:e4b_ja,39
2.0,betweenness_centrality,0.14156037414965988,sequential_ollama/gemma4:e4b_ja,28
2.0,betweenness_centrality,0.06517148526077095,sequential_ollama/gemma4:e4b_ja,11
2.0,betweenness_centrality,0.14528769841269834,sequential_ollama/gemma4:e4b_ja,10
2.0,betweenness_centrality,0.5095521541950113,sequential_ollama/gemma4:e4b_ja,32
2.0,betweenness_centrality,0.07983276643990932,sequential_ollama/gemma4:e4b_ja,20
2.0,betweenness_centrality,0.03309240362811791,sequential_ollama/gemma4:e4b_ja,46
2.0,betweenness_centrality,0.14384920634920637,sequential_ollama/gemma4:e4b_ja,4
2.0,betweenness_centrality,0.11470649767843652,sequential_ollama/gemma4:e4b_ja,16
2.0,betweenness_centrality,0.005917962423064457,sequential_ollama/gemma4:e4b_ja,24
2.0,betweenness_centrality,0.05877672497570454,sequential_ollama/gemma4:e4b_ja,2
2.0,betweenness_centrality,0.08596938775510203,sequential_ollama/gemma4:e4b_ja,13
2.0,betweenness_centrality,0.03421910430839003,sequential_ollama/gemma4:e4b_ja,31
2.0,betweenness_centrality,0.016269841269841264,sequential_ollama/gemma4:e4b_ja,42
2.0,betweenness_centrality,0.017169784580498858,sequential_ollama/gemma4:e4b_ja,38
2.0,betweenness_centrality,0.0024659863945578234,sequential_ollama/gemma4:e4b_ja,34
2.0,betweenness_centrality,0.041709183673469395,sequential_ollama/gemma4:e4b_ja,7
2.0,betweenness_centrality,0.01526360544217687,sequential_ollama/gemma4:e4b_ja,26
2.0,betweenness_centrality,0.009176587301587302,sequential_ollama/gemma4:e4b_ja,0
2.0,betweenness_centrality,0.041383219954648526,sequential_ollama/gemma4:e4b_ja,37
2.0,betweenness_centrality,0.004251700680272108,sequential_ollama/gemma4:e4b_ja,44
2.0,betweenness_centrality,0.0036848072562358273,sequential_ollama/gemma4:e4b_ja,15
2.0,betweenness_centrality,0.029860098801425327,sequential_ollama/gemma4:e4b_ja,33
2.0,betweenness_centrality,0.056346844293272885,sequential_ollama/gemma4:e4b_ja,19
2.0,betweenness_centrality,0.006660997732426304,sequential_ollama/gemma4:e4b_ja,17
2.0,betweenness_centrality,0.0,sequential_ollama/gemma4:e4b_ja,35
2.0,betweenness_centrality,0.010011742792355038,sequential_ollama/gemma4:e4b_ja,12
2.0,betweenness_centrality,0.0,sequential_ollama/gemma4:e4b_ja,45
2.0,betweenness_centrality,0.006101190476190475,sequential_ollama/gemma4:e4b_ja,3
2.0,betweenness_centrality,0.015650307742144477,sequential_ollama/gemma4:e4b_ja,21
2.0,betweenness_centrality,0.005746882086167799,sequential_ollama/gemma4:e4b_ja,27
2.0,betweenness_centrality,0.02194586167800453,sequential_ollama/gemma4:e4b_ja,49
2.0,betweenness_centrality,0.013137755102040816,sequential_ollama/gemma4:e4b_ja,5
2.0,betweenness_centrality,0.004166666666666667,sequential_ollama/gemma4:e4b_ja,22
2.0,betweenness_centrality,0.0,sequential_ollama/gemma4:e4b_ja,29
2.0,betweenness_centrality,0.06594387755102044,sequential_ollama/gemma4:e4b_ja,8
2.0,closeness_centrality,0.3141025641025641,sequential_ollama/gemma4:e4b_ja,36
2.0,closeness_centrality,0.2722222222222222,sequential_ollama/gemma4:e4b_ja,6
2.0,closeness_centrality,0.30625,sequential_ollama/gemma4:e4b_ja,30
2.0,closeness_centrality,0.2737430167597765,sequential_ollama/gemma4:e4b_ja,1
2.0,closeness_centrality,0.28488372093023256,sequential_ollama/gemma4:e4b_ja,18
2.0,closeness_centrality,0.3310810810810811,sequential_ollama/gemma4:e4b_ja,25
2.0,closeness_centrality,0.24623115577889448,sequential_ollama/gemma4:e4b_ja,47
2.0,closeness_centrality,0.21973094170403587,sequential_ollama/gemma4:e4b_ja,43
2.0,closeness_centrality,0.23113207547169812,sequential_ollama/gemma4:e4b_ja,41
2.0,closeness_centrality,0.21875,sequential_ollama/gemma4:e4b_ja,48
2.0,closeness_centrality,0.24257425742574257,sequential_ollama/gemma4:e4b_ja,9
2.0,closeness_centrality,0.20588235294117646,sequential_ollama/gemma4:e4b_ja,14
2.0,closeness_centrality,0.24623115577889448,sequential_ollama/gemma4:e4b_ja,40
2.0,closeness_centrality,0.24257425742574257,sequential_ollama/gemma4:e4b_ja,23
2.0,closeness_centrality,0.20588235294117646,sequential_ollama/gemma4:e4b_ja,39
2.0,closeness_centrality,0.2916666666666667,sequential_ollama/gemma4:e4b_ja,28
2.0,closeness_centrality,0.2512820512820513,sequential_ollama/gemma4:e4b_ja,11
2.0,closeness_centrality,0.2916666666666667,sequential_ollama/gemma4:e4b_ja,10
2.0,closeness_centrality,0.32666666666666666,sequential_ollama/gemma4:e4b_ja,32
2.0,closeness_centrality,0.2784090909090909,sequential_ollama/gemma4:e4b_ja,20
2.0,closeness_centrality,0.23902439024390243,sequential_ollama/gemma4:e4b_ja,46
2.0,closeness_centrality,0.28654970760233917,sequential_ollama/gemma4:e4b_ja,4
2.0,closeness_centrality,0.2768361581920904,sequential_ollama/gemma4:e4b_ja,16
2.0,closeness_centrality,0.23444976076555024,sequential_ollama/gemma4:e4b_ja,24
2.0,closeness_centrality,0.27071823204419887,sequential_ollama/gemma4:e4b_ja,2
2.0,closeness_centrality,0.2552083333333333,sequential_ollama/gemma4:e4b_ja,13
2.0,closeness_centrality,0.2474747474747475,sequential_ollama/gemma4:e4b_ja,31
2.0,closeness_centrality,0.21875,sequential_ollama/gemma4:e4b_ja,42
2.0,closeness_centrality,0.2168141592920354,sequential_ollama/gemma4:e4b_ja,38
2.0,closeness_centrality,0.21304347826086956,sequential_ollama/gemma4:e4b_ja,34
2.0,closeness_centrality,0.2237442922374429,sequential_ollama/gemma4:e4b_ja,7
2.0,closeness_centrality,0.2168141592920354,sequential_ollama/gemma4:e4b_ja,26
2.0,closeness_centrality,0.21304347826086956,sequential_ollama/gemma4:e4b_ja,0
2.0,closeness_centrality,0.24019607843137256,sequential_ollama/gemma4:e4b_ja,37
2.0,closeness_centrality,0.20675105485232068,sequential_ollama/gemma4:e4b_ja,44
2.0,closeness_centrality,0.20675105485232068,sequential_ollama/gemma4:e4b_ja,15
2.0,closeness_centrality,0.2474747474747475,sequential_ollama/gemma4:e4b_ja,33
2.0,closeness_centrality,0.2474747474747475,sequential_ollama/gemma4:e4b_ja,19
2.0,closeness_centrality,0.23113207547169812,sequential_ollama/gemma4:e4b_ja,17
2.0,closeness_centrality,0.2300469483568075,sequential_ollama/gemma4:e4b_ja,35
2.0,closeness_centrality,0.23671497584541062,sequential_ollama/gemma4:e4b_ja,12
2.0,closeness_centrality,0.2300469483568075,sequential_ollama/gemma4:e4b_ja,45
2.0,closeness_centrality,0.21212121212121213,sequential_ollama/gemma4:e4b_ja,3
2.0,closeness_centrality,0.2413793103448276,sequential_ollama/gemma4:e4b_ja,21
2.0,closeness_centrality,0.23557692307692307,sequential_ollama/gemma4:e4b_ja,27
2.0,closeness_centrality,0.24019607843137256,sequential_ollama/gemma4:e4b_ja,49
2.0,closeness_centrality,0.21777777777777776,sequential_ollama/gemma4:e4b_ja,5
2.0,closeness_centrality,0.21397379912663755,sequential_ollama/gemma4:e4b_ja,22
2.0,closeness_centrality,0.1856060606060606,sequential_ollama/gemma4:e4b_ja,29
2.0,closeness_centrality,0.25,sequential_ollama/gemma4:e4b_ja,8
3.0,degree_centrality,0.2040816326530612,sequential_ollama/gemma4:e4b_ja,12
3.0,degree_centrality,0.26530612244897955,sequential_ollama/gemma4:e4b_ja,21
3.0,degree_centrality,0.22448979591836732,sequential_ollama/gemma4:e4b_ja,35
3.0,degree_centrality,0.2857142857142857,sequential_ollama/gemma4:e4b_ja,40
3.0,degree_centrality,0.26530612244897955,sequential_ollama/gemma4:e4b_ja,17
3.0,degree_centrality,0.18367346938775508,sequential_ollama/gemma4:e4b_ja,1
3.0,degree_centrality,0.4081632653061224,sequential_ollama/gemma4:e4b_ja,43
3.0,degree_centrality,0.44897959183673464,sequential_ollama/gemma4:e4b_ja,33
3.0,degree_centrality,0.3061224489795918,sequential_ollama/gemma4:e4b_ja,19
3.0,degree_centrality,0.2040816326530612,sequential_ollama/gemma4:e4b_ja,45
3.0,degree_centrality,0.08163265306122448,sequential_ollama/gemma4:e4b_ja,36
3.0,degree_centrality,0.1020408163265306,sequential_ollama/gemma4:e4b_ja,39
3.0,degree_centrality,0.24489795918367346,sequential_ollama/gemma4:e4b_ja,23
3.0,degree_centrality,0.3061224489795918,sequential_ollama/gemma4:e4b_ja,14
3.0,degree_centrality,0.061224489795918366,sequential_ollama/gemma4:e4b_ja,9
3.0,degree_centrality,0.32653061224489793,sequential_ollama/gemma4:e4b_ja,16
3.0,degree_centrality,0.26530612244897955,sequential_ollama/gemma4:e4b_ja,48
3.0,degree_centrality,0.3061224489795918,sequential_ollama/gemma4:e4b_ja,41
3.0,degree_centrality,0.12244897959183673,sequential_ollama/gemma4:e4b_ja,47
3.0,degree_centrality,0.26530612244897955,sequential_ollama/gemma4:e4b_ja,31
3.0,degree_centrality,0.32653061224489793,sequential_ollama/gemma4:e4b_ja,13
3.0,degree_centrality,0.16326530612244897,sequential_ollama/gemma4:e4b_ja,4
3.0,degree_centrality,0.32653061224489793,sequential_ollama/gemma4:e4b_ja,42
3.0,degree_centrality,0.3061224489795918,sequential_ollama/gemma4:e4b_ja,28
3.0,degree_centrality,0.2040816326530612,sequential_ollama/gemma4:e4b_ja,34
3.0,degree_centrality,0.2857142857142857,sequential_ollama/gemma4:e4b_ja,22
3.0,degree_centrality,0.24489795918367346,sequential_ollama/gemma4:e4b_ja,26
3.0,degree_centrality,0.18367346938775508,sequential_ollama/gemma4:e4b_ja,38
3.0,degree_centrality,0.18367346938775508,sequential_ollama/gemma4:e4b_ja,49
3.0,degree_centrality,0.26530612244897955,sequential_ollama/gemma4:e4b_ja,7
3.0,degree_centrality,0.2857142857142857,sequential_ollama/gemma4:e4b_ja,11
3.0,degree_centrality,0.24489795918367346,sequential_ollama/gemma4:e4b_ja,15
3.0,degree_centrality,0.18367346938775508,sequential_ollama/gemma4:e4b_ja,8
3.0,degree_centrality,0.1020408163265306,sequential_ollama/gemma4:e4b_ja,10
3.0,degree_centrality,0.16326530612244897,sequential_ollama/gemma4:e4b_ja,20
3.0,degree_centrality,0.14285714285714285,sequential_ollama/gemma4:e4b_ja,32
3.0,degree_centrality,0.1020408163265306,sequential_ollama/gemma4:e4b_ja,6
3.0,degree_centrality,0.12244897959183673,sequential_ollama/gemma4:e4b_ja,24
3.0,degree_centrality,0.12244897959183673,sequential_ollama/gemma4:e4b_ja,30
3.0,degree_centrality,0.061224489795918366,sequential_ollama/gemma4:e4b_ja,18
3.0,degree_centrality,0.16326530612244897,sequential_ollama/gemma4:e4b_ja,2
3.0,degree_centrality,0.12244897959183673,sequential_ollama/gemma4:e4b_ja,37
3.0,degree_centrality,0.16326530612244897,sequential_ollama/gemma4:e4b_ja,5
3.0,degree_centrality,0.08163265306122448,sequential_ollama/gemma4:e4b_ja,44
3.0,degree_centrality,0.08163265306122448,sequential_ollama/gemma4:e4b_ja,25
3.0,degree_centrality,0.12244897959183673,sequential_ollama/gemma4:e4b_ja,0
3.0,degree_centrality,0.061224489795918366,sequential_ollama/gemma4:e4b_ja,46
3.0,degree_centrality,0.1020408163265306,sequential_ollama/gemma4:e4b_ja,29
3.0,degree_centrality,0.08163265306122448,sequential_ollama/gemma4:e4b_ja,27
3.0,degree_centrality,0.12244897959183673,sequential_ollama/gemma4:e4b_ja,3
3.0,betweenness_centrality,0.014312739185385606,sequential_ollama/gemma4:e4b_ja,12
3.0,betweenness_centrality,0.005030746875576914,sequential_ollama/gemma4:e4b_ja,21
3.0,betweenness_centrality,0.004407020342999997,sequential_ollama/gemma4:e4b_ja,35
3.0,betweenness_centrality,0.007477929077292505,sequential_ollama/gemma4:e4b_ja,40
3.0,betweenness_centrality,0.00709533250997205,sequential_ollama/gemma4:e4b_ja,17
3.0,betweenness_centrality,0.0018398180074034624,sequential_ollama/gemma4:e4b_ja,1
3.0,betweenness_centrality,0.048114004154512446,sequential_ollama/gemma4:e4b_ja,43
3.0,betweenness_centrality,0.19759340454815438,sequential_ollama/gemma4:e4b_ja,33
3.0,betweenness_centrality,0.023426963587369853,sequential_ollama/gemma4:e4b_ja,19
3.0,betweenness_centrality,0.014927022476621254,sequential_ollama/gemma4:e4b_ja,45
3.0,betweenness_centrality,0.002822319403952057,sequential_ollama/gemma4:e4b_ja,36
3.0,betweenness_centrality,0.0,sequential_ollama/gemma4:e4b_ja,39
3.0,betweenness_centrality,0.00417736081001387,sequential_ollama/gemma4:e4b_ja,23
3.0,betweenness_centrality,0.15307355111508755,sequential_ollama/gemma4:e4b_ja,14
3.0,betweenness_centrality,8.503401360544218e-05,sequential_ollama/gemma4:e4b_ja,9
3.0,betweenness_centrality,0.10793386399835785,sequential_ollama/gemma4:e4b_ja,16
3.0,betweenness_centrality,0.010727526101373008,sequential_ollama/gemma4:e4b_ja,48
3.0,betweenness_centrality,0.062041958958088096,sequential_ollama/gemma4:e4b_ja,41
3.0,betweenness_centrality,0.00019132653061224486,sequential_ollama/gemma4:e4b_ja,47
3.0,betweenness_centrality,0.005335846433008984,sequential_ollama/gemma4:e4b_ja,31
3.0,betweenness_centrality,0.03450650813983732,sequential_ollama/gemma4:e4b_ja,13
3.0,betweenness_centrality,0.016803413982557386,sequential_ollama/gemma4:e4b_ja,4
3.0,betweenness_centrality,0.4001549637680835,sequential_ollama/gemma4:e4b_ja,42
3.0,betweenness_centrality,0.03133464937962481,sequential_ollama/gemma4:e4b_ja,28
3.0,betweenness_centrality,0.0032052050304087957,sequential_ollama/gemma4:e4b_ja,34
3.0,betweenness_centrality,0.024500240235876602,sequential_ollama/gemma4:e4b_ja,22
3.0,betweenness_centrality,0.012802737182489081,sequential_ollama/gemma4:e4b_ja,26
3.0,betweenness_centrality,0.0021545631239508795,sequential_ollama/gemma4:e4b_ja,38
3.0,betweenness_centrality,0.011532099057109061,sequential_ollama/gemma4:e4b_ja,49
3.0,betweenness_centrality,0.016584985569553082,sequential_ollama/gemma4:e4b_ja,7
3.0,betweenness_centrality,0.025121008743479473,sequential_ollama/gemma4:e4b_ja,11
3.0,betweenness_centrality,0.044735550734683806,sequential_ollama/gemma4:e4b_ja,15
3.0,betweenness_centrality,0.008100382122880136,sequential_ollama/gemma4:e4b_ja,8
3.0,betweenness_centrality,0.0,sequential_ollama/gemma4:e4b_ja,10
3.0,betweenness_centrality,0.002338469849092519,sequential_ollama/gemma4:e4b_ja,20
3.0,betweenness_centrality,0.001103006137519943,sequential_ollama/gemma4:e4b_ja,32
3.0,betweenness_centrality,0.0,sequential_ollama/gemma4:e4b_ja,6
3.0,betweenness_centrality,0.0002976190476190476,sequential_ollama/gemma4:e4b_ja,24
3.0,betweenness_centrality,0.04603731525822732,sequential_ollama/gemma4:e4b_ja,30
3.0,betweenness_centrality,0.00042517006802721087,sequential_ollama/gemma4:e4b_ja,18
3.0,betweenness_centrality,0.00987560153617881,sequential_ollama/gemma4:e4b_ja,2
3.0,betweenness_centrality,0.012862383085472322,sequential_ollama/gemma4:e4b_ja,37
3.0,betweenness_centrality,0.0016380263627846872,sequential_ollama/gemma4:e4b_ja,5
3.0,betweenness_centrality,0.09345406370007969,sequential_ollama/gemma4:e4b_ja,44
3.0,betweenness_centrality,0.008519598315516682,sequential_ollama/gemma4:e4b_ja,25
3.0,betweenness_centrality,0.3936491109030949,sequential_ollama/gemma4:e4b_ja,0
3.0,betweenness_centrality,0.0020039838279634196,sequential_ollama/gemma4:e4b_ja,46
3.0,betweenness_centrality,0.0005160010687221571,sequential_ollama/gemma4:e4b_ja,29
3.0,betweenness_centrality,0.0,sequential_ollama/gemma4:e4b_ja,27
3.0,betweenness_centrality,0.000979915775834143,sequential_ollama/gemma4:e4b_ja,3
3.0,closeness_centrality,0.35766423357664234,sequential_ollama/gemma4:e4b_ja,12
3.0,closeness_centrality,0.3769230769230769,sequential_ollama/gemma4:e4b_ja,21
3.0,closeness_centrality,0.3712121212121212,sequential_ollama/gemma4:e4b_ja,35
3.0,closeness_centrality,0.3798449612403101,sequential_ollama/gemma4:e4b_ja,40
3.0,closeness_centrality,0.3769230769230769,sequential_ollama/gemma4:e4b_ja,17
3.0,closeness_centrality,0.35507246376811596,sequential_ollama/gemma4:e4b_ja,1
3.0,closeness_centrality,0.4016393442622951,sequential_ollama/gemma4:e4b_ja,43
3.0,closeness_centrality,0.48514851485148514,sequential_ollama/gemma4:e4b_ja,33
3.0,closeness_centrality,0.3858267716535433,sequential_ollama/gemma4:e4b_ja,19
3.0,closeness_centrality,0.35766423357664234,sequential_ollama/gemma4:e4b_ja,45
3.0,closeness_centrality,0.2768361581920904,sequential_ollama/gemma4:e4b_ja,36
3.0,closeness_centrality,0.35,sequential_ollama/gemma4:e4b_ja,39
3.0,closeness_centrality,0.3712121212121212,sequential_ollama/gemma4:e4b_ja,23
3.0,closeness_centrality,0.45794392523364486,sequential_ollama/gemma4:e4b_ja,14
3.0,closeness_centrality,0.3288590604026846,sequential_ollama/gemma4:e4b_ja,9
3.0,closeness_centrality,0.45794392523364486,sequential_ollama/gemma4:e4b_ja,16
3.0,closeness_centrality,0.362962962962963,sequential_ollama/gemma4:e4b_ja,48
3.0,closeness_centrality,0.44545454545454544,sequential_ollama/gemma4:e4b_ja,41
3.0,closeness_centrality,0.34507042253521125,sequential_ollama/gemma4:e4b_ja,47
3.0,closeness_centrality,0.362962962962963,sequential_ollama/gemma4:e4b_ja,31
3.0,closeness_centrality,0.3712121212121212,sequential_ollama/gemma4:e4b_ja,13
3.0,closeness_centrality,0.3402777777777778,sequential_ollama/gemma4:e4b_ja,4
3.0,closeness_centrality,0.46226415094339623,sequential_ollama/gemma4:e4b_ja,42
3.0,closeness_centrality,0.3684210526315789,sequential_ollama/gemma4:e4b_ja,28
3.0,closeness_centrality,0.35507246376811596,sequential_ollama/gemma4:e4b_ja,34
3.0,closeness_centrality,0.3656716417910448,sequential_ollama/gemma4:e4b_ja,22
3.0,closeness_centrality,0.35766423357664234,sequential_ollama/gemma4:e4b_ja,26
3.0,closeness_centrality,0.35,sequential_ollama/gemma4:e4b_ja,38
3.0,closeness_centrality,0.3475177304964539,sequential_ollama/gemma4:e4b_ja,49
3.0,closeness_centrality,0.362962962962963,sequential_ollama/gemma4:e4b_ja,7
3.0,closeness_centrality,0.362962962962963,sequential_ollama/gemma4:e4b_ja,11
3.0,closeness_centrality,0.3888888888888889,sequential_ollama/gemma4:e4b_ja,15
3.0,closeness_centrality,0.35,sequential_ollama/gemma4:e4b_ja,8
3.0,closeness_centrality,0.2784090909090909,sequential_ollama/gemma4:e4b_ja,10
3.0,closeness_centrality,0.28823529411764703,sequential_ollama/gemma4:e4b_ja,20
3.0,closeness_centrality,0.28488372093023256,sequential_ollama/gemma4:e4b_ja,32
3.0,closeness_centrality,0.34265734265734266,sequential_ollama/gemma4:e4b_ja,6
3.0,closeness_centrality,0.34507042253521125,sequential_ollama/gemma4:e4b_ja,24
3.0,closeness_centrality,0.35,sequential_ollama/gemma4:e4b_ja,30
3.0,closeness_centrality,0.2677595628415301,sequential_ollama/gemma4:e4b_ja,18
3.0,closeness_centrality,0.4152542372881356,sequential_ollama/gemma4:e4b_ja,2
3.0,closeness_centrality,0.362962962962963,sequential_ollama/gemma4:e4b_ja,37
3.0,closeness_centrality,0.3475177304964539,sequential_ollama/gemma4:e4b_ja,5
3.0,closeness_centrality,0.4188034188034188,sequential_ollama/gemma4:e4b_ja,44
3.0,closeness_centrality,0.29878048780487804,sequential_ollama/gemma4:e4b_ja,25
3.0,closeness_centrality,0.48514851485148514,sequential_ollama/gemma4:e4b_ja,0
3.0,closeness_centrality,0.3475177304964539,sequential_ollama/gemma4:e4b_ja,46
3.0,closeness_centrality,0.3356164383561644,sequential_ollama/gemma4:e4b_ja,29
3.0,closeness_centrality,0.2768361581920904,sequential_ollama/gemma4:e4b_ja,27
3.0,closeness_centrality,0.35507246376811596,sequential_ollama/gemma4:e4b_ja,3
4.0,degree_centrality,0.36734693877551017,sequential_ollama/gemma4:e4b_ja,6
4.0,degree_centrality,0.3469387755102041,sequential_ollama/gemma4:e4b_ja,48
4.0,degree_centrality,0.22448979591836732,sequential_ollama/gemma4:e4b_ja,17
4.0,degree_centrality,0.2857142857142857,sequential_ollama/gemma4:e4b_ja,3
4.0,degree_centrality,0.26530612244897955,sequential_ollama/gemma4:e4b_ja,40
4.0,degree_centrality,0.2857142857142857,sequential_ollama/gemma4:e4b_ja,2
4.0,degree_centrality,0.3469387755102041,sequential_ollama/gemma4:e4b_ja,19
4.0,degree_centrality,0.4897959183673469,sequential_ollama/gemma4:e4b_ja,43
4.0,degree_centrality,0.36734693877551017,sequential_ollama/gemma4:e4b_ja,33
4.0,degree_centrality,0.4081632653061224,sequential_ollama/gemma4:e4b_ja,16
4.0,degree_centrality,0.42857142857142855,sequential_ollama/gemma4:e4b_ja,12
4.0,degree_centrality,0.32653061224489793,sequential_ollama/gemma4:e4b_ja,24
4.0,degree_centrality,0.24489795918367346,sequential_ollama/gemma4:e4b_ja,47
4.0,degree_centrality,0.2040816326530612,sequential_ollama/gemma4:e4b_ja,9
4.0,degree_centrality,0.12244897959183673,sequential_ollama/gemma4:e4b_ja,23
4.0,degree_centrality,0.26530612244897955,sequential_ollama/gemma4:e4b_ja,30
4.0,degree_centrality,0.42857142857142855,sequential_ollama/gemma4:e4b_ja,21
4.0,degree_centrality,0.14285714285714285,sequential_ollama/gemma4:e4b_ja,36
4.0,degree_centrality,0.3061224489795918,sequential_ollama/gemma4:e4b_ja,13
4.0,degree_centrality,0.36734693877551017,sequential_ollama/gemma4:e4b_ja,14
4.0,degree_centrality,0.22448979591836732,sequential_ollama/gemma4:e4b_ja,1
4.0,degree_centrality,0.3061224489795918,sequential_ollama/gemma4:e4b_ja,35
4.0,degree_centrality,0.1020408163265306,sequential_ollama/gemma4:e4b_ja,25
4.0,degree_centrality,0.2857142857142857,sequential_ollama/gemma4:e4b_ja,11
4.0,degree_centrality,0.3061224489795918,sequential_ollama/gemma4:e4b_ja,37
4.0,degree_centrality,0.2857142857142857,sequential_ollama/gemma4:e4b_ja,22
4.0,degree_centrality,0.18367346938775508,sequential_ollama/gemma4:e4b_ja,34
4.0,degree_centrality,0.2857142857142857,sequential_ollama/gemma4:e4b_ja,7
4.0,degree_centrality,0.3877551020408163,sequential_ollama/gemma4:e4b_ja,28
4.0,degree_centrality,0.26530612244897955,sequential_ollama/gemma4:e4b_ja,31
4.0,degree_centrality,0.2040816326530612,sequential_ollama/gemma4:e4b_ja,5
4.0,degree_centrality,0.32653061224489793,sequential_ollama/gemma4:e4b_ja,49
4.0,degree_centrality,0.14285714285714285,sequential_ollama/gemma4:e4b_ja,26
4.0,degree_centrality,0.14285714285714285,sequential_ollama/gemma4:e4b_ja,20
4.0,degree_centrality,0.26530612244897955,sequential_ollama/gemma4:e4b_ja,46
4.0,degree_centrality,0.16326530612244897,sequential_ollama/gemma4:e4b_ja,32
4.0,degree_centrality,0.14285714285714285,sequential_ollama/gemma4:e4b_ja,10
4.0,degree_centrality,0.2040816326530612,sequential_ollama/gemma4:e4b_ja,4
4.0,degree_centrality,0.26530612244897955,sequential_ollama/gemma4:e4b_ja,45
4.0,degree_centrality,0.1020408163265306,sequential_ollama/gemma4:e4b_ja,18
4.0,degree_centrality,0.18367346938775508,sequential_ollama/gemma4:e4b_ja,42
4.0,degree_centrality,0.08163265306122448,sequential_ollama/gemma4:e4b_ja,27
4.0,degree_centrality,0.3061224489795918,sequential_ollama/gemma4:e4b_ja,15
4.0,degree_centrality,0.14285714285714285,sequential_ollama/gemma4:e4b_ja,38
4.0,degree_centrality,0.1020408163265306,sequential_ollama/gemma4:e4b_ja,0
4.0,degree_centrality,0.12244897959183673,sequential_ollama/gemma4:e4b_ja,29
4.0,degree_centrality,0.2040816326530612,sequential_ollama/gemma4:e4b_ja,41
4.0,degree_centrality,0.16326530612244897,sequential_ollama/gemma4:e4b_ja,8
4.0,degree_centrality,0.24489795918367346,sequential_ollama/gemma4:e4b_ja,44
4.0,degree_centrality,0.16326530612244897,sequential_ollama/gemma4:e4b_ja,39
4.0,betweenness_centrality,0.5175201939195037,sequential_ollama/gemma4:e4b_ja,6
4.0,betweenness_centrality,0.014981627988080566,sequential_ollama/gemma4:e4b_ja,48
4.0,betweenness_centrality,0.012565910202464815,sequential_ollama/gemma4:e4b_ja,17
4.0,betweenness_centrality,0.007730566974264452,sequential_ollama/gemma4:e4b_ja,3
4.0,betweenness_centrality,0.012773749887345321,sequential_ollama/gemma4:e4b_ja,40
4.0,betweenness_centrality,0.01472506612812735,sequential_ollama/gemma4:e4b_ja,2
4.0,betweenness_centrality,0.010695232694032211,sequential_ollama/gemma4:e4b_ja,19
4.0,betweenness_centrality,0.03841402042557507,sequential_ollama/gemma4:e4b_ja,43
4.0,betweenness_centrality,0.017314308895941554,sequential_ollama/gemma4:e4b_ja,33
4.0,betweenness_centrality,0.02406660716234545,sequential_ollama/gemma4:e4b_ja,16
4.0,betweenness_centrality,0.030504814174532054,sequential_ollama/gemma4:e4b_ja,12
4.0,betweenness_centrality,0.009092991869852607,sequential_ollama/gemma4:e4b_ja,24
4.0,betweenness_centrality,0.007727048667174719,sequential_ollama/gemma4:e4b_ja,47
4.0,betweenness_centrality,0.004437370186169703,sequential_ollama/gemma4:e4b_ja,9
4.0,betweenness_centrality,0.0015653988868274602,sequential_ollama/gemma4:e4b_ja,23
4.0,betweenness_centrality,0.022483766233766238,sequential_ollama/gemma4:e4b_ja,30
4.0,betweenness_centrality,0.03358387408132307,sequential_ollama/gemma4:e4b_ja,21
4.0,betweenness_centrality,0.004790249433106574,sequential_ollama/gemma4:e4b_ja,36
4.0,betweenness_centrality,0.5186660464738,sequential_ollama/gemma4:e4b_ja,13
4.0,betweenness_centrality,0.006989166934395026,sequential_ollama/gemma4:e4b_ja,14
4.0,betweenness_centrality,0.0006962417001432608,sequential_ollama/gemma4:e4b_ja,1
4.0,betweenness_centrality,0.00247727198882661,sequential_ollama/gemma4:e4b_ja,35
4.0,betweenness_centrality,8.503401360544218e-05,sequential_ollama/gemma4:e4b_ja,25
4.0,betweenness_centrality,0.007423029598312754,sequential_ollama/gemma4:e4b_ja,11
4.0,betweenness_centrality,0.03400306932605722,sequential_ollama/gemma4:e4b_ja,37
4.0,betweenness_centrality,0.03037847799937419,sequential_ollama/gemma4:e4b_ja,22
4.0,betweenness_centrality,0.00823090599876314,sequential_ollama/gemma4:e4b_ja,34
4.0,betweenness_centrality,0.035186503066481134,sequential_ollama/gemma4:e4b_ja,7
4.0,betweenness_centrality,0.043074485093086014,sequential_ollama/gemma4:e4b_ja,28
4.0,betweenness_centrality,0.023229556026805365,sequential_ollama/gemma4:e4b_ja,31
4.0,betweenness_centrality,0.0013922632545081525,sequential_ollama/gemma4:e4b_ja,5
4.0,betweenness_centrality,0.014641323894318572,sequential_ollama/gemma4:e4b_ja,49
4.0,betweenness_centrality,0.004383116883116885,sequential_ollama/gemma4:e4b_ja,26
4.0,betweenness_centrality,0.0013828150307742145,sequential_ollama/gemma4:e4b_ja,20
4.0,betweenness_centrality,0.009167432567336006,sequential_ollama/gemma4:e4b_ja,46
4.0,betweenness_centrality,0.004909517919722003,sequential_ollama/gemma4:e4b_ja,32
4.0,betweenness_centrality,0.0075685553724595435,sequential_ollama/gemma4:e4b_ja,10
4.0,betweenness_centrality,0.00607664367271471,sequential_ollama/gemma4:e4b_ja,4
4.0,betweenness_centrality,0.0021827111075310352,sequential_ollama/gemma4:e4b_ja,45
4.0,betweenness_centrality,0.00036240686750890836,sequential_ollama/gemma4:e4b_ja,18
4.0,betweenness_centrality,0.015322997228204963,sequential_ollama/gemma4:e4b_ja,42
4.0,betweenness_centrality,0.0,sequential_ollama/gemma4:e4b_ja,27
4.0,betweenness_centrality,0.03395582249825034,sequential_ollama/gemma4:e4b_ja,15
4.0,betweenness_centrality,0.0005499542812293999,sequential_ollama/gemma4:e4b_ja,38
4.0,betweenness_centrality,0.00017951625094482236,sequential_ollama/gemma4:e4b_ja,0
4.0,betweenness_centrality,0.00032123960695389265,sequential_ollama/gemma4:e4b_ja,29
4.0,betweenness_centrality,0.0012294221440379903,sequential_ollama/gemma4:e4b_ja,41
4.0,betweenness_centrality,0.012609417472993333,sequential_ollama/gemma4:e4b_ja,8
4.0,betweenness_centrality,0.030034385313725317,sequential_ollama/gemma4:e4b_ja,44
4.0,betweenness_centrality,0.0003246753246753247,sequential_ollama/gemma4:e4b_ja,39
4.0,closeness_centrality,0.550561797752809,sequential_ollama/gemma4:e4b_ja,6
4.0,closeness_centrality,0.4336283185840708,sequential_ollama/gemma4:e4b_ja,48
4.0,closeness_centrality,0.4117647058823529,sequential_ollama/gemma4:e4b_ja,17
4.0,closeness_centrality,0.4224137931034483,sequential_ollama/gemma4:e4b_ja,3
4.0,closeness_centrality,0.4188034188034188,sequential_ollama/gemma4:e4b_ja,40
4.0,closeness_centrality,0.4224137931034483,sequential_ollama/gemma4:e4b_ja,2
4.0,closeness_centrality,0.4336283185840708,sequential_ollama/gemma4:e4b_ja,19
4.0,closeness_centrality,0.46226415094339623,sequential_ollama/gemma4:e4b_ja,43
4.0,closeness_centrality,0.4375,sequential_ollama/gemma4:e4b_ja,33
4.0,closeness_centrality,0.44545454545454544,sequential_ollama/gemma4:e4b_ja,16
4.0,closeness_centrality,0.44954128440366975,sequential_ollama/gemma4:e4b_ja,12
4.0,closeness_centrality,0.4298245614035088,sequential_ollama/gemma4:e4b_ja,24
4.0,closeness_centrality,0.4152542372881356,sequential_ollama/gemma4:e4b_ja,47
4.0,closeness_centrality,0.4083333333333333,sequential_ollama/gemma4:e4b_ja,9
4.0,closeness_centrality,0.392,sequential_ollama/gemma4:e4b_ja,23
4.0,closeness_centrality,0.4188034188034188,sequential_ollama/gemma4:e4b_ja,30
4.0,closeness_centrality,0.44954128440366975,sequential_ollama/gemma4:e4b_ja,21
4.0,closeness_centrality,0.3983739837398374,sequential_ollama/gemma4:e4b_ja,36
4.0,closeness_centrality,0.5384615384615384,sequential_ollama/gemma4:e4b_ja,13
4.0,closeness_centrality,0.3602941176470588,sequential_ollama/gemma4:e4b_ja,14
4.0,closeness_centrality,0.34265734265734266,sequential_ollama/gemma4:e4b_ja,1
4.0,closeness_centrality,0.35251798561151076,sequential_ollama/gemma4:e4b_ja,35
4.0,closeness_centrality,0.3288590604026846,sequential_ollama/gemma4:e4b_ja,25
4.0,closeness_centrality,0.34265734265734266,sequential_ollama/gemma4:e4b_ja,11
4.0,closeness_centrality,0.4224137931034483,sequential_ollama/gemma4:e4b_ja,37
4.0,closeness_centrality,0.4188034188034188,sequential_ollama/gemma4:e4b_ja,22
4.0,closeness_centrality,0.4016393442622951,sequential_ollama/gemma4:e4b_ja,34
4.0,closeness_centrality,0.4188034188034188,sequential_ollama/gemma4:e4b_ja,7
4.0,closeness_centrality,0.4375,sequential_ollama/gemma4:e4b_ja,28
4.0,closeness_centrality,0.4152542372881356,sequential_ollama/gemma4:e4b_ja,31
4.0,closeness_centrality,0.3333333333333333,sequential_ollama/gemma4:e4b_ja,5
4.0,closeness_centrality,0.3475177304964539,sequential_ollama/gemma4:e4b_ja,49
4.0,closeness_centrality,0.3858267716535433,sequential_ollama/gemma4:e4b_ja,26
4.0,closeness_centrality,0.3202614379084967,sequential_ollama/gemma4:e4b_ja,20
4.0,closeness_centrality,0.3402777777777778,sequential_ollama/gemma4:e4b_ja,46
4.0,closeness_centrality,0.3951612903225806,sequential_ollama/gemma4:e4b_ja,32
4.0,closeness_centrality,0.392,sequential_ollama/gemma4:e4b_ja,10
4.0,closeness_centrality,0.4049586776859504,sequential_ollama/gemma4:e4b_ja,4
4.0,closeness_centrality,0.3475177304964539,sequential_ollama/gemma4:e4b_ja,45
4.0,closeness_centrality,0.32666666666666666,sequential_ollama/gemma4:e4b_ja,18
4.0,closeness_centrality,0.4016393442622951,sequential_ollama/gemma4:e4b_ja,42
4.0,closeness_centrality,0.3141025641025641,sequential_ollama/gemma4:e4b_ja,27
4.0,closeness_centrality,0.4224137931034483,sequential_ollama/gemma4:e4b_ja,15
4.0,closeness_centrality,0.3202614379084967,sequential_ollama/gemma4:e4b_ja,38
4.0,closeness_centrality,0.3161290322580645,sequential_ollama/gemma4:e4b_ja,0
4.0,closeness_centrality,0.3141025641025641,sequential_ollama/gemma4:e4b_ja,29
4.0,closeness_centrality,0.3402777777777778,sequential_ollama/gemma4:e4b_ja,41
4.0,closeness_centrality,0.3983739837398374,sequential_ollama/gemma4:e4b_ja,8
4.0,closeness_centrality,0.4117647058823529,sequential_ollama/gemma4:e4b_ja,44
4.0,closeness_centrality,0.3356164383561644,sequential_ollama/gemma4:e4b_ja,39
5.0,degree_centrality,0.08163265306122448,sequential_ollama/gemma4:e4b_ja,42
5.0,degree_centrality,0.24489795918367346,sequential_ollama/gemma4:e4b_ja,31
5.0,degree_centrality,0.26530612244897955,sequential_ollama/gemma4:e4b_ja,4
5.0,degree_centrality,0.3061224489795918,sequential_ollama/gemma4:e4b_ja,32
5.0,degree_centrality,0.32653061224489793,sequential_ollama/gemma4:e4b_ja,38
5.0,degree_centrality,0.061224489795918366,sequential_ollama/gemma4:e4b_ja,29
5.0,degree_centrality,0.2040816326530612,sequential_ollama/gemma4:e4b_ja,7
5.0,degree_centrality,0.14285714285714285,sequential_ollama/gemma4:e4b_ja,13
5.0,degree_centrality,0.12244897959183673,sequential_ollama/gemma4:e4b_ja,6
5.0,degree_centrality,0.36734693877551017,sequential_ollama/gemma4:e4b_ja,24
5.0,degree_centrality,0.4081632653061224,sequential_ollama/gemma4:e4b_ja,17
5.0,degree_centrality,0.3061224489795918,sequential_ollama/gemma4:e4b_ja,19
5.0,degree_centrality,0.4897959183673469,sequential_ollama/gemma4:e4b_ja,43
5.0,degree_centrality,0.3469387755102041,sequential_ollama/gemma4:e4b_ja,2
5.0,degree_centrality,0.32653061224489793,sequential_ollama/gemma4:e4b_ja,21
5.0,degree_centrality,0.4897959183673469,sequential_ollama/gemma4:e4b_ja,14
5.0,degree_centrality,0.1020408163265306,sequential_ollama/gemma4:e4b_ja,18
5.0,degree_centrality,0.1020408163265306,sequential_ollama/gemma4:e4b_ja,45
5.0,degree_centrality,0.2040816326530612,sequential_ollama/gemma4:e4b_ja,25
5.0,degree_centrality,0.18367346938775508,sequential_ollama/gemma4:e4b_ja,36
5.0,degree_centrality,0.2857142857142857,sequential_ollama/gemma4:e4b_ja,40
5.0,degree_centrality,0.22448979591836732,sequential_ollama/gemma4:e4b_ja,1
5.0,degree_centrality,0.3469387755102041,sequential_ollama/gemma4:e4b_ja,33
5.0,degree_centrality,0.22448979591836732,sequential_ollama/gemma4:e4b_ja,12
5.0,degree_centrality,0.32653061224489793,sequential_ollama/gemma4:e4b_ja,41
5.0,degree_centrality,0.2040816326530612,sequential_ollama/gemma4:e4b_ja,28
5.0,degree_centrality,0.1020408163265306,sequential_ollama/gemma4:e4b_ja,27
5.0,degree_centrality,0.12244897959183673,sequential_ollama/gemma4:e4b_ja,22
5.0,degree_centrality,0.22448979591836732,sequential_ollama/gemma4:e4b_ja,10
5.0,degree_centrality,0.1020408163265306,sequential_ollama/gemma4:e4b_ja,20
5.0,degree_centrality,0.18367346938775508,sequential_ollama/gemma4:e4b_ja,34
5.0,degree_centrality,0.22448979591836732,sequential_ollama/gemma4:e4b_ja,11
5.0,degree_centrality,0.12244897959183673,sequential_ollama/gemma4:e4b_ja,49
5.0,degree_centrality,0.2040816326530612,sequential_ollama/gemma4:e4b_ja,39
5.0,degree_centrality,0.12244897959183673,sequential_ollama/gemma4:e4b_ja,3
5.0,degree_centrality,0.1020408163265306,sequential_ollama/gemma4:e4b_ja,35
5.0,degree_centrality,0.1020408163265306,sequential_ollama/gemma4:e4b_ja,30
5.0,degree_centrality,0.26530612244897955,sequential_ollama/gemma4:e4b_ja,16
5.0,degree_centrality,0.08163265306122448,sequential_ollama/gemma4:e4b_ja,23
5.0,degree_centrality,0.2040816326530612,sequential_ollama/gemma4:e4b_ja,9
5.0,degree_centrality,0.14285714285714285,sequential_ollama/gemma4:e4b_ja,47
5.0,degree_centrality,0.061224489795918366,sequential_ollama/gemma4:e4b_ja,48
5.0,degree_centrality,0.26530612244897955,sequential_ollama/gemma4:e4b_ja,26
5.0,degree_centrality,0.16326530612244897,sequential_ollama/gemma4:e4b_ja,15
5.0,degree_centrality,0.12244897959183673,sequential_ollama/gemma4:e4b_ja,5
5.0,degree_centrality,0.2040816326530612,sequential_ollama/gemma4:e4b_ja,0
5.0,degree_centrality,0.08163265306122448,sequential_ollama/gemma4:e4b_ja,8
5.0,degree_centrality,0.1020408163265306,sequential_ollama/gemma4:e4b_ja,37
5.0,degree_centrality,0.14285714285714285,sequential_ollama/gemma4:e4b_ja,44
5.0,degree_centrality,0.061224489795918366,sequential_ollama/gemma4:e4b_ja,46
5.0,betweenness_centrality,0.0,sequential_ollama/gemma4:e4b_ja,42
5.0,betweenness_centrality,0.04497083368256837,sequential_ollama/gemma4:e4b_ja,31
5.0,betweenness_centrality,0.01369457498284029,sequential_ollama/gemma4:e4b_ja,4
5.0,betweenness_centrality,0.025791378406174324,sequential_ollama/gemma4:e4b_ja,32
5.0,betweenness_centrality,0.15336620578967514,sequential_ollama/gemma4:e4b_ja,38
5.0,betweenness_centrality,0.00047578555231616454,sequential_ollama/gemma4:e4b_ja,29
5.0,betweenness_centrality,0.05912575708494077,sequential_ollama/gemma4:e4b_ja,7
5.0,betweenness_centrality,0.004202557646435198,sequential_ollama/gemma4:e4b_ja,13
5.0,betweenness_centrality,0.00013505402160864343,sequential_ollama/gemma4:e4b_ja,6
5.0,betweenness_centrality,0.022119383467672782,sequential_ollama/gemma4:e4b_ja,24
5.0,betweenness_centrality,0.02033530445145091,sequential_ollama/gemma4:e4b_ja,17
5.0,betweenness_centrality,0.00926730582342828,sequential_ollama/gemma4:e4b_ja,19
5.0,betweenness_centrality,0.04885907507080976,sequential_ollama/gemma4:e4b_ja,43
5.0,betweenness_centrality,0.01608015000872143,sequential_ollama/gemma4:e4b_ja,2
5.0,betweenness_centrality,0.011713125421108622,sequential_ollama/gemma4:e4b_ja,21
5.0,betweenness_centrality,0.5367138002942323,sequential_ollama/gemma4:e4b_ja,14
5.0,betweenness_centrality,0.0,sequential_ollama/gemma4:e4b_ja,18
5.0,betweenness_centrality,0.0,sequential_ollama/gemma4:e4b_ja,45
5.0,betweenness_centrality,0.00045561875543868337,sequential_ollama/gemma4:e4b_ja,25
5.0,betweenness_centrality,0.00013160025915127956,sequential_ollama/gemma4:e4b_ja,36
5.0,betweenness_centrality,0.005034970337341286,sequential_ollama/gemma4:e4b_ja,40
5.0,betweenness_centrality,0.0005891123238062014,sequential_ollama/gemma4:e4b_ja,1
5.0,betweenness_centrality,0.017417827937035626,sequential_ollama/gemma4:e4b_ja,33
5.0,betweenness_centrality,0.0009347786733741114,sequential_ollama/gemma4:e4b_ja,12
5.0,betweenness_centrality,0.006203123801413117,sequential_ollama/gemma4:e4b_ja,41
5.0,betweenness_centrality,0.03501607519464663,sequential_ollama/gemma4:e4b_ja,28
5.0,betweenness_centrality,0.012296188316596481,sequential_ollama/gemma4:e4b_ja,27
5.0,betweenness_centrality,0.0010874542124542127,sequential_ollama/gemma4:e4b_ja,22
5.0,betweenness_centrality,0.010912913145056003,sequential_ollama/gemma4:e4b_ja,10
5.0,betweenness_centrality,0.002724021537797048,sequential_ollama/gemma4:e4b_ja,20
5.0,betweenness_centrality,0.022345353531578002,sequential_ollama/gemma4:e4b_ja,34
5.0,betweenness_centrality,0.521943159825813,sequential_ollama/gemma4:e4b_ja,11
5.0,betweenness_centrality,0.006767922648024685,sequential_ollama/gemma4:e4b_ja,49
5.0,betweenness_centrality,0.0007234914722909922,sequential_ollama/gemma4:e4b_ja,39
5.0,betweenness_centrality,0.00012088168600773641,sequential_ollama/gemma4:e4b_ja,3
5.0,betweenness_centrality,5.002000800320128e-05,sequential_ollama/gemma4:e4b_ja,35
5.0,betweenness_centrality,0.00011075858914994568,sequential_ollama/gemma4:e4b_ja,30
5.0,betweenness_centrality,0.002009799646354268,sequential_ollama/gemma4:e4b_ja,16
5.0,betweenness_centrality,5.002000800320128e-05,sequential_ollama/gemma4:e4b_ja,23
5.0,betweenness_centrality,0.000709319136690085,sequential_ollama/gemma4:e4b_ja,9
5.0,betweenness_centrality,6.541077969649399e-05,sequential_ollama/gemma4:e4b_ja,47
5.0,betweenness_centrality,0.0,sequential_ollama/gemma4:e4b_ja,48
5.0,betweenness_centrality,0.04423636643024394,sequential_ollama/gemma4:e4b_ja,26
5.0,betweenness_centrality,0.0037327232480293708,sequential_ollama/gemma4:e4b_ja,15
5.0,betweenness_centrality,0.000496031746031746,sequential_ollama/gemma4:e4b_ja,5
5.0,betweenness_centrality,0.004237221584160359,sequential_ollama/gemma4:e4b_ja,0
5.0,betweenness_centrality,0.0,sequential_ollama/gemma4:e4b_ja,8
5.0,betweenness_centrality,0.0,sequential_ollama/gemma4:e4b_ja,37
5.0,betweenness_centrality,0.001114890400604686,sequential_ollama/gemma4:e4b_ja,44
5.0,betweenness_centrality,0.0,sequential_ollama/gemma4:e4b_ja,46
5.0,closeness_centrality,0.3288590604026846,sequential_ollama/gemma4:e4b_ja,42
5.0,closeness_centrality,0.4336283185840708,sequential_ollama/gemma4:e4b_ja,31
5.0,closeness_centrality,0.35507246376811596,sequential_ollama/gemma4:e4b_ja,4
5.0,closeness_centrality,0.3602941176470588,sequential_ollama/gemma4:e4b_ja,32
5.0,closeness_centrality,0.44954128440366975,sequential_ollama/gemma4:e4b_ja,38
5.0,closeness_centrality,0.3202614379084967,sequential_ollama/gemma4:e4b_ja,29
5.0,closeness_centrality,0.4224137931034483,sequential_ollama/gemma4:e4b_ja,7
5.0,closeness_centrality,0.3356164383561644,sequential_ollama/gemma4:e4b_ja,13
5.0,closeness_centrality,0.3223684210526316,sequential_ollama/gemma4:e4b_ja,6
5.0,closeness_centrality,0.4224137931034483,sequential_ollama/gemma4:e4b_ja,24
5.0,closeness_centrality,0.4298245614035088,sequential_ollama/gemma4:e4b_ja,17
5.0,closeness_centrality,0.4117647058823529,sequential_ollama/gemma4:e4b_ja,19
5.0,closeness_centrality,0.44545454545454544,sequential_ollama/gemma4:e4b_ja,43
5.0,closeness_centrality,0.4188034188034188,sequential_ollama/gemma4:e4b_ja,2
5.0,closeness_centrality,0.4152542372881356,sequential_ollama/gemma4:e4b_ja,21
5.0,closeness_centrality,0.5632183908045977,sequential_ollama/gemma4:e4b_ja,14
5.0,closeness_centrality,0.3798449612403101,sequential_ollama/gemma4:e4b_ja,18
5.0,closeness_centrality,0.3798449612403101,sequential_ollama/gemma4:e4b_ja,45
5.0,closeness_centrality,0.3951612903225806,sequential_ollama/gemma4:e4b_ja,25
5.0,closeness_centrality,0.392,sequential_ollama/gemma4:e4b_ja,36
5.0,closeness_centrality,0.4083333333333333,sequential_ollama/gemma4:e4b_ja,40
5.0,closeness_centrality,0.3983739837398374,sequential_ollama/gemma4:e4b_ja,1
5.0,closeness_centrality,0.4188034188034188,sequential_ollama/gemma4:e4b_ja,33
5.0,closeness_centrality,0.3983739837398374,sequential_ollama/gemma4:e4b_ja,12
5.0,closeness_centrality,0.4152542372881356,sequential_ollama/gemma4:e4b_ja,41
5.0,closeness_centrality,0.4188034188034188,sequential_ollama/gemma4:e4b_ja,28
5.0,closeness_centrality,0.3798449612403101,sequential_ollama/gemma4:e4b_ja,27
5.0,closeness_centrality,0.3888888888888889,sequential_ollama/gemma4:e4b_ja,22
5.0,closeness_centrality,0.35,sequential_ollama/gemma4:e4b_ja,10
5.0,closeness_centrality,0.32666666666666666,sequential_ollama/gemma4:e4b_ja,20
5.0,closeness_centrality,0.4188034188034188,sequential_ollama/gemma4:e4b_ja,34
5.0,closeness_centrality,0.550561797752809,sequential_ollama/gemma4:e4b_ja,11
5.0,closeness_centrality,0.4049586776859504,sequential_ollama/gemma4:e4b_ja,49
5.0,closeness_centrality,0.3951612903225806,sequential_ollama/gemma4:e4b_ja,39
5.0,closeness_centrality,0.3828125,sequential_ollama/gemma4:e4b_ja,3
5.0,closeness_centrality,0.3798449612403101,sequential_ollama/gemma4:e4b_ja,35
5.0,closeness_centrality,0.3798449612403101,sequential_ollama/gemma4:e4b_ja,30
5.0,closeness_centrality,0.4049586776859504,sequential_ollama/gemma4:e4b_ja,16
5.0,closeness_centrality,0.3769230769230769,sequential_ollama/gemma4:e4b_ja,23
5.0,closeness_centrality,0.3951612903225806,sequential_ollama/gemma4:e4b_ja,9
5.0,closeness_centrality,0.3858267716535433,sequential_ollama/gemma4:e4b_ja,47
5.0,closeness_centrality,0.3161290322580645,sequential_ollama/gemma4:e4b_ja,48
5.0,closeness_centrality,0.4375,sequential_ollama/gemma4:e4b_ja,26
5.0,closeness_centrality,0.33793103448275863,sequential_ollama/gemma4:e4b_ja,15
5.0,closeness_centrality,0.4083333333333333,sequential_ollama/gemma4:e4b_ja,5
5.0,closeness_centrality,0.34507042253521125,sequential_ollama/gemma4:e4b_ja,0
5.0,closeness_centrality,0.3288590604026846,sequential_ollama/gemma4:e4b_ja,8
5.0,closeness_centrality,0.3310810810810811,sequential_ollama/gemma4:e4b_ja,37
5.0,closeness_centrality,0.3356164383561644,sequential_ollama/gemma4:e4b_ja,44
5.0,closeness_centrality,0.3161290322580645,sequential_ollama/gemma4:e4b_ja,46
6.0,degree_centrality,0.3061224489795918,sequential_ollama/gemma4:e4b_ja,49
6.0,degree_centrality,0.24489795918367346,sequential_ollama/gemma4:e4b_ja,26
6.0,degree_centrality,0.32653061224489793,sequential_ollama/gemma4:e4b_ja,28
6.0,degree_centrality,0.32653061224489793,sequential_ollama/gemma4:e4b_ja,22
6.0,degree_centrality,0.5102040816326531,sequential_ollama/gemma4:e4b_ja,10
6.0,degree_centrality,0.18367346938775508,sequential_ollama/gemma4:e4b_ja,4
6.0,degree_centrality,0.16326530612244897,sequential_ollama/gemma4:e4b_ja,46
6.0,degree_centrality,0.36734693877551017,sequential_ollama/gemma4:e4b_ja,8
6.0,degree_centrality,0.3061224489795918,sequential_ollama/gemma4:e4b_ja,32
6.0,degree_centrality,0.3061224489795918,sequential_ollama/gemma4:e4b_ja,42
6.0,degree_centrality,0.44897959183673464,sequential_ollama/gemma4:e4b_ja,11
6.0,degree_centrality,0.3061224489795918,sequential_ollama/gemma4:e4b_ja,31
6.0,degree_centrality,0.36734693877551017,sequential_ollama/gemma4:e4b_ja,15
6.0,degree_centrality,0.42857142857142855,sequential_ollama/gemma4:e4b_ja,5
6.0,degree_centrality,0.2857142857142857,sequential_ollama/gemma4:e4b_ja,13
6.0,degree_centrality,0.1020408163265306,sequential_ollama/gemma4:e4b_ja,27
6.0,degree_centrality,0.18367346938775508,sequential_ollama/gemma4:e4b_ja,40
6.0,degree_centrality,0.36734693877551017,sequential_ollama/gemma4:e4b_ja,41
6.0,degree_centrality,0.26530612244897955,sequential_ollama/gemma4:e4b_ja,14
6.0,degree_centrality,0.1020408163265306,sequential_ollama/gemma4:e4b_ja,6
6.0,degree_centrality,0.3061224489795918,sequential_ollama/gemma4:e4b_ja,23
6.0,degree_centrality,0.14285714285714285,sequential_ollama/gemma4:e4b_ja,39
6.0,degree_centrality,0.26530612244897955,sequential_ollama/gemma4:e4b_ja,47
6.0,degree_centrality,0.2857142857142857,sequential_ollama/gemma4:e4b_ja,43
6.0,degree_centrality,0.16326530612244897,sequential_ollama/gemma4:e4b_ja,24
6.0,degree_centrality,0.2040816326530612,sequential_ollama/gemma4:e4b_ja,48
6.0,degree_centrality,0.3469387755102041,sequential_ollama/gemma4:e4b_ja,38
6.0,degree_centrality,0.26530612244897955,sequential_ollama/gemma4:e4b_ja,34
6.0,degree_centrality,0.14285714285714285,sequential_ollama/gemma4:e4b_ja,37
6.0,degree_centrality,0.22448979591836732,sequential_ollama/gemma4:e4b_ja,29
6.0,degree_centrality,0.22448979591836732,sequential_ollama/gemma4:e4b_ja,44
6.0,degree_centrality,0.26530612244897955,sequential_ollama/gemma4:e4b_ja,7
6.0,degree_centrality,0.24489795918367346,sequential_ollama/gemma4:e4b_ja,33
6.0,degree_centrality,0.2040816326530612,sequential_ollama/gemma4:e4b_ja,16
6.0,degree_centrality,0.32653061224489793,sequential_ollama/gemma4:e4b_ja,12
6.0,degree_centrality,0.12244897959183673,sequential_ollama/gemma4:e4b_ja,2
6.0,degree_centrality,0.12244897959183673,sequential_ollama/gemma4:e4b_ja,9
6.0,degree_centrality,0.24489795918367346,sequential_ollama/gemma4:e4b_ja,17
6.0,degree_centrality,0.1020408163265306,sequential_ollama/gemma4:e4b_ja,0
6.0,degree_centrality,0.12244897959183673,sequential_ollama/gemma4:e4b_ja,45
6.0,degree_centrality,0.14285714285714285,sequential_ollama/gemma4:e4b_ja,35
6.0,degree_centrality,0.16326530612244897,sequential_ollama/gemma4:e4b_ja,1
6.0,degree_centrality,0.08163265306122448,sequential_ollama/gemma4:e4b_ja,3
6.0,degree_centrality,0.22448979591836732,sequential_ollama/gemma4:e4b_ja,19
6.0,degree_centrality,0.18367346938775508,sequential_ollama/gemma4:e4b_ja,21
6.0,degree_centrality,0.12244897959183673,sequential_ollama/gemma4:e4b_ja,30
6.0,degree_centrality,0.1020408163265306,sequential_ollama/gemma4:e4b_ja,20
6.0,degree_centrality,0.08163265306122448,sequential_ollama/gemma4:e4b_ja,18
6.0,degree_centrality,0.061224489795918366,sequential_ollama/gemma4:e4b_ja,36
6.0,degree_centrality,0.08163265306122448,sequential_ollama/gemma4:e4b_ja,25
6.0,betweenness_centrality,0.0070334040209490386,sequential_ollama/gemma4:e4b_ja,49
6.0,betweenness_centrality,0.002716935369996595,sequential_ollama/gemma4:e4b_ja,26
6.0,betweenness_centrality,0.00781826022672361,sequential_ollama/gemma4:e4b_ja,28
6.0,betweenness_centrality,0.007672539545288646,sequential_ollama/gemma4:e4b_ja,22
6.0,betweenness_centrality,0.30336477095555714,sequential_ollama/gemma4:e4b_ja,10
6.0,betweenness_centrality,0.00033712980141551574,sequential_ollama/gemma4:e4b_ja,4
6.0,betweenness_centrality,0.0014698736637512146,sequential_ollama/gemma4:e4b_ja,46
6.0,betweenness_centrality,0.006677439124167814,sequential_ollama/gemma4:e4b_ja,8
6.0,betweenness_centrality,0.020044168461035208,sequential_ollama/gemma4:e4b_ja,32
6.0,betweenness_centrality,0.002183764364886814,sequential_ollama/gemma4:e4b_ja,42
6.0,betweenness_centrality,0.2308747035000036,sequential_ollama/gemma4:e4b_ja,11
6.0,betweenness_centrality,0.002383706840489553,sequential_ollama/gemma4:e4b_ja,31
6.0,betweenness_centrality,0.009385367533626836,sequential_ollama/gemma4:e4b_ja,15
6.0,betweenness_centrality,0.015960941902568554,sequential_ollama/gemma4:e4b_ja,5
6.0,betweenness_centrality,0.0015551412872841445,sequential_ollama/gemma4:e4b_ja,13
6.0,betweenness_centrality,0.0,sequential_ollama/gemma4:e4b_ja,27
6.0,betweenness_centrality,0.0023053665910808766,sequential_ollama/gemma4:e4b_ja,40
6.0,betweenness_centrality,0.05447477220436403,sequential_ollama/gemma4:e4b_ja,41
6.0,betweenness_centrality,0.011571997541385297,sequential_ollama/gemma4:e4b_ja,14
6.0,betweenness_centrality,0.00043461829176114883,sequential_ollama/gemma4:e4b_ja,6
6.0,betweenness_centrality,0.2057411716212737,sequential_ollama/gemma4:e4b_ja,23
6.0,betweenness_centrality,0.00035768275564193933,sequential_ollama/gemma4:e4b_ja,39
6.0,betweenness_centrality,0.007629103228593024,sequential_ollama/gemma4:e4b_ja,47
6.0,betweenness_centrality,0.01910934398179296,sequential_ollama/gemma4:e4b_ja,43
6.0,betweenness_centrality,0.0013558201058201057,sequential_ollama/gemma4:e4b_ja,24
6.0,betweenness_centrality,0.011181998745774252,sequential_ollama/gemma4:e4b_ja,48
6.0,betweenness_centrality,0.006582378067222005,sequential_ollama/gemma4:e4b_ja,38
6.0,betweenness_centrality,0.0012381097127495686,sequential_ollama/gemma4:e4b_ja,34
6.0,betweenness_centrality,0.002288188002473716,sequential_ollama/gemma4:e4b_ja,37
6.0,betweenness_centrality,0.00013082155939298797,sequential_ollama/gemma4:e4b_ja,29
6.0,betweenness_centrality,0.00398988058426834,sequential_ollama/gemma4:e4b_ja,44
6.0,betweenness_centrality,0.0010462350385819774,sequential_ollama/gemma4:e4b_ja,7
6.0,betweenness_centrality,0.005910331165433206,sequential_ollama/gemma4:e4b_ja,33
6.0,betweenness_centrality,0.0031171870457584743,sequential_ollama/gemma4:e4b_ja,16
6.0,betweenness_centrality,0.2425453774305814,sequential_ollama/gemma4:e4b_ja,12
6.0,betweenness_centrality,0.0008479780801209372,sequential_ollama/gemma4:e4b_ja,2
6.0,betweenness_centrality,0.00037792894935752074,sequential_ollama/gemma4:e4b_ja,9
6.0,betweenness_centrality,0.01790121726346216,sequential_ollama/gemma4:e4b_ja,17
6.0,betweenness_centrality,0.0004123474786740092,sequential_ollama/gemma4:e4b_ja,0
6.0,betweenness_centrality,0.00026455026455026457,sequential_ollama/gemma4:e4b_ja,45
6.0,betweenness_centrality,0.0006472033257747542,sequential_ollama/gemma4:e4b_ja,35
6.0,betweenness_centrality,0.0015198142749163156,sequential_ollama/gemma4:e4b_ja,1
6.0,betweenness_centrality,0.00010629251700680272,sequential_ollama/gemma4:e4b_ja,3
6.0,betweenness_centrality,0.01158736388328225,sequential_ollama/gemma4:e4b_ja,19
6.0,betweenness_centrality,0.002902525479056091,sequential_ollama/gemma4:e4b_ja,21
6.0,betweenness_centrality,0.03108483778126636,sequential_ollama/gemma4:e4b_ja,30
6.0,betweenness_centrality,0.0,sequential_ollama/gemma4:e4b_ja,20
6.0,betweenness_centrality,0.00028344671201814054,sequential_ollama/gemma4:e4b_ja,18
6.0,betweenness_centrality,0.0,sequential_ollama/gemma4:e4b_ja,36
6.0,betweenness_centrality,0.00028344671201814054,sequential_ollama/gemma4:e4b_ja,25
6.0,closeness_centrality,0.47115384615384615,sequential_ollama/gemma4:e4b_ja,49
6.0,closeness_centrality,0.44144144144144143,sequential_ollama/gemma4:e4b_ja,26
6.0,closeness_centrality,0.47572815533980584,sequential_ollama/gemma4:e4b_ja,28
6.0,closeness_centrality,0.47572815533980584,sequential_ollama/gemma4:e4b_ja,22
6.0,closeness_centrality,0.6621621621621622,sequential_ollama/gemma4:e4b_ja,10
6.0,closeness_centrality,0.44545454545454544,sequential_ollama/gemma4:e4b_ja,4
6.0,closeness_centrality,0.4260869565217391,sequential_ollama/gemma4:e4b_ja,46
6.0,closeness_centrality,0.48514851485148514,sequential_ollama/gemma4:e4b_ja,8
6.0,closeness_centrality,0.47572815533980584,sequential_ollama/gemma4:e4b_ja,32
6.0,closeness_centrality,0.47115384615384615,sequential_ollama/gemma4:e4b_ja,42
6.0,closeness_centrality,0.6363636363636364,sequential_ollama/gemma4:e4b_ja,11
6.0,closeness_centrality,0.47115384615384615,sequential_ollama/gemma4:e4b_ja,31
6.0,closeness_centrality,0.48514851485148514,sequential_ollama/gemma4:e4b_ja,15
6.0,closeness_centrality,0.5,sequential_ollama/gemma4:e4b_ja,5
6.0,closeness_centrality,0.4666666666666667,sequential_ollama/gemma4:e4b_ja,13
6.0,closeness_centrality,0.4083333333333333,sequential_ollama/gemma4:e4b_ja,27
6.0,closeness_centrality,0.4298245614035088,sequential_ollama/gemma4:e4b_ja,40
6.0,closeness_centrality,0.48514851485148514,sequential_ollama/gemma4:e4b_ja,41
6.0,closeness_centrality,0.44545454545454544,sequential_ollama/gemma4:e4b_ja,14
6.0,closeness_centrality,0.4117647058823529,sequential_ollama/gemma4:e4b_ja,6
6.0,closeness_centrality,0.5903614457831325,sequential_ollama/gemma4:e4b_ja,23
6.0,closeness_centrality,0.4188034188034188,sequential_ollama/gemma4:e4b_ja,39
6.0,closeness_centrality,0.44545454545454544,sequential_ollama/gemma4:e4b_ja,47
6.0,closeness_centrality,0.44954128440366975,sequential_ollama/gemma4:e4b_ja,43
6.0,closeness_centrality,0.4260869565217391,sequential_ollama/gemma4:e4b_ja,24
6.0,closeness_centrality,0.4336283185840708,sequential_ollama/gemma4:e4b_ja,48
6.0,closeness_centrality,0.4803921568627451,sequential_ollama/gemma4:e4b_ja,38
6.0,closeness_centrality,0.46226415094339623,sequential_ollama/gemma4:e4b_ja,34
6.0,closeness_centrality,0.4336283185840708,sequential_ollama/gemma4:e4b_ja,37
6.0,closeness_centrality,0.4537037037037037,sequential_ollama/gemma4:e4b_ja,29
6.0,closeness_centrality,0.44954128440366975,sequential_ollama/gemma4:e4b_ja,44
6.0,closeness_centrality,0.46226415094339623,sequential_ollama/gemma4:e4b_ja,7
6.0,closeness_centrality,0.44144144144144143,sequential_ollama/gemma4:e4b_ja,33
6.0,closeness_centrality,0.4336283185840708,sequential_ollama/gemma4:e4b_ja,16
6.0,closeness_centrality,0.5975609756097561,sequential_ollama/gemma4:e4b_ja,12
6.0,closeness_centrality,0.4188034188034188,sequential_ollama/gemma4:e4b_ja,2
6.0,closeness_centrality,0.4152542372881356,sequential_ollama/gemma4:e4b_ja,9
6.0,closeness_centrality,0.44144144144144143,sequential_ollama/gemma4:e4b_ja,17
6.0,closeness_centrality,0.4152542372881356,sequential_ollama/gemma4:e4b_ja,0
6.0,closeness_centrality,0.4152542372881356,sequential_ollama/gemma4:e4b_ja,45
6.0,closeness_centrality,0.4188034188034188,sequential_ollama/gemma4:e4b_ja,35
6.0,closeness_centrality,0.4260869565217391,sequential_ollama/gemma4:e4b_ja,1
6.0,closeness_centrality,0.32666666666666666,sequential_ollama/gemma4:e4b_ja,3
6.0,closeness_centrality,0.4336283185840708,sequential_ollama/gemma4:e4b_ja,19
6.0,closeness_centrality,0.4298245614035088,sequential_ollama/gemma4:e4b_ja,21
6.0,closeness_centrality,0.49,sequential_ollama/gemma4:e4b_ja,30
6.0,closeness_centrality,0.4298245614035088,sequential_ollama/gemma4:e4b_ja,20
6.0,closeness_centrality,0.4152542372881356,sequential_ollama/gemma4:e4b_ja,18
6.0,closeness_centrality,0.4117647058823529,sequential_ollama/gemma4:e4b_ja,36
6.0,closeness_centrality,0.4152542372881356,sequential_ollama/gemma4:e4b_ja,25
7.0,degree_centrality,0.2040816326530612,sequential_ollama/gemma4:e4b_ja,13
7.0,degree_centrality,0.3061224489795918,sequential_ollama/gemma4:e4b_ja,26
7.0,degree_centrality,0.32653061224489793,sequential_ollama/gemma4:e4b_ja,28
7.0,degree_centrality,0.14285714285714285,sequential_ollama/gemma4:e4b_ja,42
7.0,degree_centrality,0.22448979591836732,sequential_ollama/gemma4:e4b_ja,29
7.0,degree_centrality,0.2040816326530612,sequential_ollama/gemma4:e4b_ja,8
7.0,degree_centrality,0.24489795918367346,sequential_ollama/gemma4:e4b_ja,38
7.0,degree_centrality,0.26530612244897955,sequential_ollama/gemma4:e4b_ja,49
7.0,degree_centrality,0.2857142857142857,sequential_ollama/gemma4:e4b_ja,7
7.0,degree_centrality,0.2857142857142857,sequential_ollama/gemma4:e4b_ja,11
7.0,degree_centrality,0.16326530612244897,sequential_ollama/gemma4:e4b_ja,31
7.0,degree_centrality,0.16326530612244897,sequential_ollama/gemma4:e4b_ja,15
7.0,degree_centrality,0.12244897959183673,sequential_ollama/gemma4:e4b_ja,44
7.0,degree_centrality,0.3469387755102041,sequential_ollama/gemma4:e4b_ja,5
7.0,degree_centrality,0.18367346938775508,sequential_ollama/gemma4:e4b_ja,46
7.0,degree_centrality,0.14285714285714285,sequential_ollama/gemma4:e4b_ja,34
7.0,degree_centrality,0.24489795918367346,sequential_ollama/gemma4:e4b_ja,0
7.0,degree_centrality,0.12244897959183673,sequential_ollama/gemma4:e4b_ja,22
7.0,degree_centrality,0.32653061224489793,sequential_ollama/gemma4:e4b_ja,30
7.0,degree_centrality,0.16326530612244897,sequential_ollama/gemma4:e4b_ja,18
7.0,degree_centrality,0.16326530612244897,sequential_ollama/gemma4:e4b_ja,36
7.0,degree_centrality,0.3469387755102041,sequential_ollama/gemma4:e4b_ja,2
7.0,degree_centrality,0.36734693877551017,sequential_ollama/gemma4:e4b_ja,47
7.0,degree_centrality,0.42857142857142855,sequential_ollama/gemma4:e4b_ja,9
7.0,degree_centrality,0.1020408163265306,sequential_ollama/gemma4:e4b_ja,25
7.0,degree_centrality,0.4897959183673469,sequential_ollama/gemma4:e4b_ja,17
7.0,degree_centrality,0.3469387755102041,sequential_ollama/gemma4:e4b_ja,1
7.0,degree_centrality,0.3469387755102041,sequential_ollama/gemma4:e4b_ja,45
7.0,degree_centrality,0.36734693877551017,sequential_ollama/gemma4:e4b_ja,35
7.0,degree_centrality,0.4081632653061224,sequential_ollama/gemma4:e4b_ja,33
7.0,degree_centrality,0.36734693877551017,sequential_ollama/gemma4:e4b_ja,16
7.0,degree_centrality,0.4081632653061224,sequential_ollama/gemma4:e4b_ja,12
7.0,degree_centrality,0.3877551020408163,sequential_ollama/gemma4:e4b_ja,41
7.0,degree_centrality,0.12244897959183673,sequential_ollama/gemma4:e4b_ja,23
7.0,degree_centrality,0.42857142857142855,sequential_ollama/gemma4:e4b_ja,14
7.0,degree_centrality,0.1020408163265306,sequential_ollama/gemma4:e4b_ja,27
7.0,degree_centrality,0.1020408163265306,sequential_ollama/gemma4:e4b_ja,20
7.0,degree_centrality,0.3469387755102041,sequential_ollama/gemma4:e4b_ja,21
7.0,degree_centrality,0.3061224489795918,sequential_ollama/gemma4:e4b_ja,43
7.0,degree_centrality,0.4081632653061224,sequential_ollama/gemma4:e4b_ja,3
7.0,degree_centrality,0.22448979591836732,sequential_ollama/gemma4:e4b_ja,19
7.0,degree_centrality,0.36734693877551017,sequential_ollama/gemma4:e4b_ja,39
7.0,degree_centrality,0.22448979591836732,sequential_ollama/gemma4:e4b_ja,6
7.0,degree_centrality,0.36734693877551017,sequential_ollama/gemma4:e4b_ja,40
7.0,degree_centrality,0.2857142857142857,sequential_ollama/gemma4:e4b_ja,48
7.0,degree_centrality,0.1020408163265306,sequential_ollama/gemma4:e4b_ja,10
7.0,degree_centrality,0.12244897959183673,sequential_ollama/gemma4:e4b_ja,32
7.0,degree_centrality,0.1020408163265306,sequential_ollama/gemma4:e4b_ja,4
7.0,degree_centrality,0.1020408163265306,sequential_ollama/gemma4:e4b_ja,37
7.0,degree_centrality,0.26530612244897955,sequential_ollama/gemma4:e4b_ja,24
7.0,betweenness_centrality,0.0025294421520411915,sequential_ollama/gemma4:e4b_ja,13
7.0,betweenness_centrality,0.012826647842246186,sequential_ollama/gemma4:e4b_ja,26
7.0,betweenness_centrality,0.028755597705019585,sequential_ollama/gemma4:e4b_ja,28
7.0,betweenness_centrality,0.00022675736961451246,sequential_ollama/gemma4:e4b_ja,42
7.0,betweenness_centrality,0.0033572321614907066,sequential_ollama/gemma4:e4b_ja,29
7.0,betweenness_centrality,0.011756042794576628,sequential_ollama/gemma4:e4b_ja,8
7.0,betweenness_centrality,0.0045699791650540365,sequential_ollama/gemma4:e4b_ja,38
7.0,betweenness_centrality,0.011728707204002585,sequential_ollama/gemma4:e4b_ja,49
7.0,betweenness_centrality,0.006876035767842489,sequential_ollama/gemma4:e4b_ja,7
7.0,betweenness_centrality,0.013280768884602523,sequential_ollama/gemma4:e4b_ja,11
7.0,betweenness_centrality,0.0008818318092027577,sequential_ollama/gemma4:e4b_ja,31
7.0,betweenness_centrality,0.0021760609005506966,sequential_ollama/gemma4:e4b_ja,15
7.0,betweenness_centrality,0.001488058426833937,sequential_ollama/gemma4:e4b_ja,44
7.0,betweenness_centrality,0.023122022656560152,sequential_ollama/gemma4:e4b_ja,5
7.0,betweenness_centrality,0.005133468269209408,sequential_ollama/gemma4:e4b_ja,46
7.0,betweenness_centrality,0.001616866842430752,sequential_ollama/gemma4:e4b_ja,34
7.0,betweenness_centrality,0.00806632072210672,sequential_ollama/gemma4:e4b_ja,0
7.0,betweenness_centrality,0.00014172335600907027,sequential_ollama/gemma4:e4b_ja,22
7.0,betweenness_centrality,0.008972840509830306,sequential_ollama/gemma4:e4b_ja,30
7.0,betweenness_centrality,0.001835551070244948,sequential_ollama/gemma4:e4b_ja,18
7.0,betweenness_centrality,0.002099530288305798,sequential_ollama/gemma4:e4b_ja,36
7.0,betweenness_centrality,0.0018016150988089759,sequential_ollama/gemma4:e4b_ja,2
7.0,betweenness_centrality,0.0029553932934034974,sequential_ollama/gemma4:e4b_ja,47
7.0,betweenness_centrality,0.009610888214204541,sequential_ollama/gemma4:e4b_ja,9
7.0,betweenness_centrality,0.0005547457078069322,sequential_ollama/gemma4:e4b_ja,25
7.0,betweenness_centrality,0.015419975432730533,sequential_ollama/gemma4:e4b_ja,17
7.0,betweenness_centrality,0.0049714941615451825,sequential_ollama/gemma4:e4b_ja,1
7.0,betweenness_centrality,0.004322268576095106,sequential_ollama/gemma4:e4b_ja,45
7.0,betweenness_centrality,0.005823552156460319,sequential_ollama/gemma4:e4b_ja,35
7.0,betweenness_centrality,0.00282917432152126,sequential_ollama/gemma4:e4b_ja,33
7.0,betweenness_centrality,0.002263851275330867,sequential_ollama/gemma4:e4b_ja,16
7.0,betweenness_centrality,0.003132244267448349,sequential_ollama/gemma4:e4b_ja,12
7.0,betweenness_centrality,0.007209996400047421,sequential_ollama/gemma4:e4b_ja,41
7.0,betweenness_centrality,0.0005513194288704492,sequential_ollama/gemma4:e4b_ja,23
7.0,betweenness_centrality,0.006264892042953269,sequential_ollama/gemma4:e4b_ja,14
7.0,betweenness_centrality,0.0009538088418324722,sequential_ollama/gemma4:e4b_ja,27
7.0,betweenness_centrality,0.0004028624436787702,sequential_ollama/gemma4:e4b_ja,20
7.0,betweenness_centrality,0.001535640757579533,sequential_ollama/gemma4:e4b_ja,21
7.0,betweenness_centrality,0.0008910142200958525,sequential_ollama/gemma4:e4b_ja,43
7.0,betweenness_centrality,0.008282013479717562,sequential_ollama/gemma4:e4b_ja,3
7.0,betweenness_centrality,0.0002283926391069248,sequential_ollama/gemma4:e4b_ja,19
7.0,betweenness_centrality,0.0034612472750227856,sequential_ollama/gemma4:e4b_ja,39
7.0,betweenness_centrality,0.00047084080885101295,sequential_ollama/gemma4:e4b_ja,6
7.0,betweenness_centrality,0.005526410947329315,sequential_ollama/gemma4:e4b_ja,40
7.0,betweenness_centrality,0.000614420065950678,sequential_ollama/gemma4:e4b_ja,48
7.0,betweenness_centrality,0.0007794784580498864,sequential_ollama/gemma4:e4b_ja,10
7.0,betweenness_centrality,0.0024727964778985187,sequential_ollama/gemma4:e4b_ja,32
7.0,betweenness_centrality,0.0013240642577377268,sequential_ollama/gemma4:e4b_ja,4
7.0,betweenness_centrality,0.0017919288927692285,sequential_ollama/gemma4:e4b_ja,37
7.0,betweenness_centrality,0.00041150388726919336,sequential_ollama/gemma4:e4b_ja,24
7.0,closeness_centrality,0.2998866213151927,sequential_ollama/gemma4:e4b_ja,13
7.0,closeness_centrality,0.34825543120474,sequential_ollama/gemma4:e4b_ja,26
7.0,closeness_centrality,0.3598639455782313,sequential_ollama/gemma4:e4b_ja,28
7.0,closeness_centrality,0.25704567541302237,sequential_ollama/gemma4:e4b_ja,42
7.0,closeness_centrality,0.30845481049562684,sequential_ollama/gemma4:e4b_ja,29
7.0,closeness_centrality,0.2917815774958632,sequential_ollama/gemma4:e4b_ja,8
7.0,closeness_centrality,0.3175270108043218,sequential_ollama/gemma4:e4b_ja,38
7.0,closeness_centrality,0.32714904143475576,sequential_ollama/gemma4:e4b_ja,49
7.0,closeness_centrality,0.33737244897959184,sequential_ollama/gemma4:e4b_ja,7
7.0,closeness_centrality,0.33737244897959184,sequential_ollama/gemma4:e4b_ja,11
7.0,closeness_centrality,0.2841031149301826,sequential_ollama/gemma4:e4b_ja,31
7.0,closeness_centrality,0.27681841967556253,sequential_ollama/gemma4:e4b_ja,15
7.0,closeness_centrality,0.26331508213041316,sequential_ollama/gemma4:e4b_ja,44
7.0,closeness_centrality,0.37227304714989445,sequential_ollama/gemma4:e4b_ja,5
7.0,closeness_centrality,0.2917815774958632,sequential_ollama/gemma4:e4b_ja,46
7.0,closeness_centrality,0.27681841967556253,sequential_ollama/gemma4:e4b_ja,34
7.0,closeness_centrality,0.3175270108043218,sequential_ollama/gemma4:e4b_ja,0
7.0,closeness_centrality,0.26331508213041316,sequential_ollama/gemma4:e4b_ja,22
7.0,closeness_centrality,0.37515006002400964,sequential_ollama/gemma4:e4b_ja,30
7.0,closeness_centrality,0.30369290573372204,sequential_ollama/gemma4:e4b_ja,18
7.0,closeness_centrality,0.30369290573372204,sequential_ollama/gemma4:e4b_ja,36
7.0,closeness_centrality,0.3865182436611008,sequential_ollama/gemma4:e4b_ja,2
7.0,closeness_centrality,0.3985969387755102,sequential_ollama/gemma4:e4b_ja,47
7.0,closeness_centrality,0.4398311048557354,sequential_ollama/gemma4:e4b_ja,9
7.0,closeness_centrality,0.2834467120181406,sequential_ollama/gemma4:e4b_ja,25
7.0,closeness_centrality,0.4905808477237049,sequential_ollama/gemma4:e4b_ja,17
7.0,closeness_centrality,0.3865182436611008,sequential_ollama/gemma4:e4b_ja,1
7.0,closeness_centrality,0.3865182436611008,sequential_ollama/gemma4:e4b_ja,45
7.0,closeness_centrality,0.3985969387755102,sequential_ollama/gemma4:e4b_ja,35
7.0,closeness_centrality,0.4251700680272109,sequential_ollama/gemma4:e4b_ja,33
7.0,closeness_centrality,0.3985969387755102,sequential_ollama/gemma4:e4b_ja,16
7.0,closeness_centrality,0.4251700680272109,sequential_ollama/gemma4:e4b_ja,12
7.0,closeness_centrality,0.41145490454246214,sequential_ollama/gemma4:e4b_ja,41
7.0,closeness_centrality,0.28988868274582563,sequential_ollama/gemma4:e4b_ja,23
7.0,closeness_centrality,0.4398311048557354,sequential_ollama/gemma4:e4b_ja,14
7.0,closeness_centrality,0.2453617810760668,sequential_ollama/gemma4:e4b_ja,27
7.0,closeness_centrality,0.2510678690080683,sequential_ollama/gemma4:e4b_ja,20
7.0,closeness_centrality,0.3865182436611008,sequential_ollama/gemma4:e4b_ja,21
7.0,closeness_centrality,0.3644314868804665,sequential_ollama/gemma4:e4b_ja,43
7.0,closeness_centrality,0.4251700680272109,sequential_ollama/gemma4:e4b_ja,3
7.0,closeness_centrality,0.32705389848246996,sequential_ollama/gemma4:e4b_ja,19
7.0,closeness_centrality,0.3985969387755102,sequential_ollama/gemma4:e4b_ja,39
7.0,closeness_centrality,0.32705389848246996,sequential_ollama/gemma4:e4b_ja,6
7.0,closeness_centrality,0.3985969387755102,sequential_ollama/gemma4:e4b_ja,40
7.0,closeness_centrality,0.3543083900226757,sequential_ollama/gemma4:e4b_ja,48
7.0,closeness_centrality,0.2453617810760668,sequential_ollama/gemma4:e4b_ja,10
7.0,closeness_centrality,0.26331508213041316,sequential_ollama/gemma4:e4b_ja,32
7.0,closeness_centrality,0.25704567541302237,sequential_ollama/gemma4:e4b_ja,4
7.0,closeness_centrality,0.25704567541302237,sequential_ollama/gemma4:e4b_ja,37
7.0,closeness_centrality,0.34473248758963043,sequential_ollama/gemma4:e4b_ja,24
8.0,degree_centrality,0.14285714285714285,sequential_ollama/gemma4:e4b_ja,44
8.0,degree_centrality,0.24489795918367346,sequential_ollama/gemma4:e4b_ja,8
8.0,degree_centrality,0.2040816326530612,sequential_ollama/gemma4:e4b_ja,15
8.0,degree_centrality,0.18367346938775508,sequential_ollama/gemma4:e4b_ja,46
8.0,degree_centrality,0.16326530612244897,sequential_ollama/gemma4:e4b_ja,37
8.0,degree_centrality,0.3877551020408163,sequential_ollama/gemma4:e4b_ja,11
8.0,degree_centrality,0.14285714285714285,sequential_ollama/gemma4:e4b_ja,31
8.0,degree_centrality,0.18367346938775508,sequential_ollama/gemma4:e4b_ja,13
8.0,degree_centrality,0.16326530612244897,sequential_ollama/gemma4:e4b_ja,49
8.0,degree_centrality,0.2857142857142857,sequential_ollama/gemma4:e4b_ja,28
8.0,degree_centrality,0.24489795918367346,sequential_ollama/gemma4:e4b_ja,22
8.0,degree_centrality,0.22448979591836732,sequential_ollama/gemma4:e4b_ja,32
8.0,degree_centrality,0.12244897959183673,sequential_ollama/gemma4:e4b_ja,27
8.0,degree_centrality,0.24489795918367346,sequential_ollama/gemma4:e4b_ja,26
8.0,degree_centrality,0.26530612244897955,sequential_ollama/gemma4:e4b_ja,20
8.0,degree_centrality,0.1020408163265306,sequential_ollama/gemma4:e4b_ja,36
8.0,degree_centrality,0.18367346938775508,sequential_ollama/gemma4:e4b_ja,18
8.0,degree_centrality,0.2040816326530612,sequential_ollama/gemma4:e4b_ja,45
8.0,degree_centrality,0.14285714285714285,sequential_ollama/gemma4:e4b_ja,30
8.0,degree_centrality,0.44897959183673464,sequential_ollama/gemma4:e4b_ja,12
8.0,degree_centrality,0.3877551020408163,sequential_ollama/gemma4:e4b_ja,17
8.0,degree_centrality,0.26530612244897955,sequential_ollama/gemma4:e4b_ja,23
8.0,degree_centrality,0.3877551020408163,sequential_ollama/gemma4:e4b_ja,33
8.0,degree_centrality,0.42857142857142855,sequential_ollama/gemma4:e4b_ja,16
8.0,degree_centrality,0.3061224489795918,sequential_ollama/gemma4:e4b_ja,24
8.0,degree_centrality,0.4897959183673469,sequential_ollama/gemma4:e4b_ja,19
8.0,degree_centrality,0.36734693877551017,sequential_ollama/gemma4:e4b_ja,2
8.0,degree_centrality,0.42857142857142855,sequential_ollama/gemma4:e4b_ja,14
8.0,degree_centrality,0.42857142857142855,sequential_ollama/gemma4:e4b_ja,6
8.0,degree_centrality,0.44897959183673464,sequential_ollama/gemma4:e4b_ja,40
8.0,degree_centrality,0.4081632653061224,sequential_ollama/gemma4:e4b_ja,21
8.0,degree_centrality,0.26530612244897955,sequential_ollama/gemma4:e4b_ja,48
8.0,degree_centrality,0.3877551020408163,sequential_ollama/gemma4:e4b_ja,3
8.0,degree_centrality,0.32653061224489793,sequential_ollama/gemma4:e4b_ja,43
8.0,degree_centrality,0.32653061224489793,sequential_ollama/gemma4:e4b_ja,39
8.0,degree_centrality,0.36734693877551017,sequential_ollama/gemma4:e4b_ja,1
8.0,degree_centrality,0.12244897959183673,sequential_ollama/gemma4:e4b_ja,34
8.0,degree_centrality,0.12244897959183673,sequential_ollama/gemma4:e4b_ja,5
8.0,degree_centrality,0.26530612244897955,sequential_ollama/gemma4:e4b_ja,41
8.0,degree_centrality,0.2857142857142857,sequential_ollama/gemma4:e4b_ja,9
8.0,degree_centrality,0.26530612244897955,sequential_ollama/gemma4:e4b_ja,47
8.0,degree_centrality,0.061224489795918366,sequential_ollama/gemma4:e4b_ja,0
8.0,degree_centrality,0.18367346938775508,sequential_ollama/gemma4:e4b_ja,38
8.0,degree_centrality,0.36734693877551017,sequential_ollama/gemma4:e4b_ja,42
8.0,degree_centrality,0.12244897959183673,sequential_ollama/gemma4:e4b_ja,35
8.0,degree_centrality,0.16326530612244897,sequential_ollama/gemma4:e4b_ja,7
8.0,degree_centrality,0.08163265306122448,sequential_ollama/gemma4:e4b_ja,29
8.0,degree_centrality,0.14285714285714285,sequential_ollama/gemma4:e4b_ja,25
8.0,degree_centrality,0.14285714285714285,sequential_ollama/gemma4:e4b_ja,10
8.0,degree_centrality,0.14285714285714285,sequential_ollama/gemma4:e4b_ja,4
8.0,betweenness_centrality,0.00953504412703582,sequential_ollama/gemma4:e4b_ja,44
8.0,betweenness_centrality,0.013529318816191818,sequential_ollama/gemma4:e4b_ja,8
8.0,betweenness_centrality,0.006486386594417574,sequential_ollama/gemma4:e4b_ja,15
8.0,betweenness_centrality,0.003861028538399487,sequential_ollama/gemma4:e4b_ja,46
8.0,betweenness_centrality,0.0024647160451482177,sequential_ollama/gemma4:e4b_ja,37
8.0,betweenness_centrality,0.3408642807152693,sequential_ollama/gemma4:e4b_ja,11
8.0,betweenness_centrality,0.09471465341662987,sequential_ollama/gemma4:e4b_ja,31
8.0,betweenness_centrality,0.005994381879736022,sequential_ollama/gemma4:e4b_ja,13
8.0,betweenness_centrality,0.0009037345096768866,sequential_ollama/gemma4:e4b_ja,49
8.0,betweenness_centrality,0.015725593669364907,sequential_ollama/gemma4:e4b_ja,28
8.0,betweenness_centrality,0.018517280146312196,sequential_ollama/gemma4:e4b_ja,22
8.0,betweenness_centrality,0.01075589125729958,sequential_ollama/gemma4:e4b_ja,32
8.0,betweenness_centrality,0.0,sequential_ollama/gemma4:e4b_ja,27
8.0,betweenness_centrality,0.010952343887026015,sequential_ollama/gemma4:e4b_ja,26
8.0,betweenness_centrality,0.01878085134809426,sequential_ollama/gemma4:e4b_ja,20
8.0,betweenness_centrality,0.000496031746031746,sequential_ollama/gemma4:e4b_ja,36
8.0,betweenness_centrality,0.0094828861342269,sequential_ollama/gemma4:e4b_ja,18
8.0,betweenness_centrality,0.008747473402573206,sequential_ollama/gemma4:e4b_ja,45
8.0,betweenness_centrality,0.0023408945742239523,sequential_ollama/gemma4:e4b_ja,30
8.0,betweenness_centrality,0.03192521343938547,sequential_ollama/gemma4:e4b_ja,12
8.0,betweenness_centrality,0.02081149741495515,sequential_ollama/gemma4:e4b_ja,17
8.0,betweenness_centrality,0.0007994631461246368,sequential_ollama/gemma4:e4b_ja,23
8.0,betweenness_centrality,0.0027517175218484,sequential_ollama/gemma4:e4b_ja,33
8.0,betweenness_centrality,0.08845510415926044,sequential_ollama/gemma4:e4b_ja,16
8.0,betweenness_centrality,0.0034585359840461887,sequential_ollama/gemma4:e4b_ja,24
8.0,betweenness_centrality,0.024720173446614084,sequential_ollama/gemma4:e4b_ja,19
8.0,betweenness_centrality,0.0021994896099266107,sequential_ollama/gemma4:e4b_ja,2
8.0,betweenness_centrality,0.011550149689855644,sequential_ollama/gemma4:e4b_ja,14
8.0,betweenness_centrality,0.30882265026332906,sequential_ollama/gemma4:e4b_ja,6
8.0,betweenness_centrality,0.10676193604136631,sequential_ollama/gemma4:e4b_ja,40
8.0,betweenness_centrality,0.010494430745504001,sequential_ollama/gemma4:e4b_ja,21
8.0,betweenness_centrality,0.0010618588166835725,sequential_ollama/gemma4:e4b_ja,48
8.0,betweenness_centrality,0.0027517175218484,sequential_ollama/gemma4:e4b_ja,3
8.0,betweenness_centrality,0.0024315835502810293,sequential_ollama/gemma4:e4b_ja,43
8.0,betweenness_centrality,0.001318829736919799,sequential_ollama/gemma4:e4b_ja,39
8.0,betweenness_centrality,0.00825591374255847,sequential_ollama/gemma4:e4b_ja,1
8.0,betweenness_centrality,0.001982252913375362,sequential_ollama/gemma4:e4b_ja,34
8.0,betweenness_centrality,0.07281609485606265,sequential_ollama/gemma4:e4b_ja,5
8.0,betweenness_centrality,0.0003384795476632211,sequential_ollama/gemma4:e4b_ja,41
8.0,betweenness_centrality,0.00047571820531004205,sequential_ollama/gemma4:e4b_ja,9
8.0,betweenness_centrality,0.0008475443166547869,sequential_ollama/gemma4:e4b_ja,47
8.0,betweenness_centrality,0.0,sequential_ollama/gemma4:e4b_ja,0
8.0,betweenness_centrality,0.015722918177149863,sequential_ollama/gemma4:e4b_ja,38
8.0,betweenness_centrality,0.0704851465812588,sequential_ollama/gemma4:e4b_ja,42
8.0,betweenness_centrality,0.0,sequential_ollama/gemma4:e4b_ja,35
8.0,betweenness_centrality,0.006946244281928553,sequential_ollama/gemma4:e4b_ja,7
8.0,betweenness_centrality,0.0,sequential_ollama/gemma4:e4b_ja,29
8.0,betweenness_centrality,0.0012225382761097046,sequential_ollama/gemma4:e4b_ja,25
8.0,betweenness_centrality,0.0043688771670046716,sequential_ollama/gemma4:e4b_ja,10
8.0,betweenness_centrality,0.0004724905835350013,sequential_ollama/gemma4:e4b_ja,4
8.0,closeness_centrality,0.4152542372881356,sequential_ollama/gemma4:e4b_ja,44
8.0,closeness_centrality,0.4224137931034483,sequential_ollama/gemma4:e4b_ja,8
8.0,closeness_centrality,0.4152542372881356,sequential_ollama/gemma4:e4b_ja,15
8.0,closeness_centrality,0.4117647058823529,sequential_ollama/gemma4:e4b_ja,46
8.0,closeness_centrality,0.3475177304964539,sequential_ollama/gemma4:e4b_ja,37
8.0,closeness_centrality,0.5833333333333334,sequential_ollama/gemma4:e4b_ja,11
8.0,closeness_centrality,0.5157894736842106,sequential_ollama/gemma4:e4b_ja,31
8.0,closeness_centrality,0.35,sequential_ollama/gemma4:e4b_ja,13
8.0,closeness_centrality,0.4049586776859504,sequential_ollama/gemma4:e4b_ja,49
8.0,closeness_centrality,0.44545454545454544,sequential_ollama/gemma4:e4b_ja,28
8.0,closeness_centrality,0.44144144144144143,sequential_ollama/gemma4:e4b_ja,22
8.0,closeness_centrality,0.4224137931034483,sequential_ollama/gemma4:e4b_ja,32
8.0,closeness_centrality,0.3983739837398374,sequential_ollama/gemma4:e4b_ja,27
8.0,closeness_centrality,0.4224137931034483,sequential_ollama/gemma4:e4b_ja,26
8.0,closeness_centrality,0.4375,sequential_ollama/gemma4:e4b_ja,20
8.0,closeness_centrality,0.33793103448275863,sequential_ollama/gemma4:e4b_ja,36
8.0,closeness_centrality,0.4260869565217391,sequential_ollama/gemma4:e4b_ja,18
8.0,closeness_centrality,0.4224137931034483,sequential_ollama/gemma4:e4b_ja,45
8.0,closeness_centrality,0.37404580152671757,sequential_ollama/gemma4:e4b_ja,30
8.0,closeness_centrality,0.48514851485148514,sequential_ollama/gemma4:e4b_ja,12
8.0,closeness_centrality,0.47115384615384615,sequential_ollama/gemma4:e4b_ja,17
8.0,closeness_centrality,0.44144144144144143,sequential_ollama/gemma4:e4b_ja,23
8.0,closeness_centrality,0.47115384615384615,sequential_ollama/gemma4:e4b_ja,33
8.0,closeness_centrality,0.5212765957446809,sequential_ollama/gemma4:e4b_ja,16
8.0,closeness_centrality,0.44954128440366975,sequential_ollama/gemma4:e4b_ja,24
8.0,closeness_centrality,0.494949494949495,sequential_ollama/gemma4:e4b_ja,19
8.0,closeness_centrality,0.4666666666666667,sequential_ollama/gemma4:e4b_ja,2
8.0,closeness_centrality,0.4803921568627451,sequential_ollama/gemma4:e4b_ja,14
8.0,closeness_centrality,0.5975609756097561,sequential_ollama/gemma4:e4b_ja,6
8.0,closeness_centrality,0.532608695652174,sequential_ollama/gemma4:e4b_ja,40
8.0,closeness_centrality,0.47572815533980584,sequential_ollama/gemma4:e4b_ja,21
8.0,closeness_centrality,0.44144144144144143,sequential_ollama/gemma4:e4b_ja,48
8.0,closeness_centrality,0.47115384615384615,sequential_ollama/gemma4:e4b_ja,3
8.0,closeness_centrality,0.4152542372881356,sequential_ollama/gemma4:e4b_ja,43
8.0,closeness_centrality,0.45794392523364486,sequential_ollama/gemma4:e4b_ja,39
8.0,closeness_centrality,0.4666666666666667,sequential_ollama/gemma4:e4b_ja,1
8.0,closeness_centrality,0.4016393442622951,sequential_ollama/gemma4:e4b_ja,34
8.0,closeness_centrality,0.5051546391752577,sequential_ollama/gemma4:e4b_ja,5
8.0,closeness_centrality,0.44545454545454544,sequential_ollama/gemma4:e4b_ja,41
8.0,closeness_centrality,0.44954128440366975,sequential_ollama/gemma4:e4b_ja,9
8.0,closeness_centrality,0.44144144144144143,sequential_ollama/gemma4:e4b_ja,47
8.0,closeness_centrality,0.392,sequential_ollama/gemma4:e4b_ja,0
8.0,closeness_centrality,0.4224137931034483,sequential_ollama/gemma4:e4b_ja,38
8.0,closeness_centrality,0.4666666666666667,sequential_ollama/gemma4:e4b_ja,42
8.0,closeness_centrality,0.3475177304964539,sequential_ollama/gemma4:e4b_ja,35
8.0,closeness_centrality,0.4083333333333333,sequential_ollama/gemma4:e4b_ja,7
8.0,closeness_centrality,0.3310810810810811,sequential_ollama/gemma4:e4b_ja,29
8.0,closeness_centrality,0.3858267716535433,sequential_ollama/gemma4:e4b_ja,25
8.0,closeness_centrality,0.4049586776859504,sequential_ollama/gemma4:e4b_ja,10
8.0,closeness_centrality,0.34507042253521125,sequential_ollama/gemma4:e4b_ja,4
9.0,degree_centrality,0.3877551020408163,sequential_ollama/gemma4:e4b_ja,21
9.0,degree_centrality,0.3877551020408163,sequential_ollama/gemma4:e4b_ja,47
9.0,degree_centrality,0.3469387755102041,sequential_ollama/gemma4:e4b_ja,45
9.0,degree_centrality,0.3877551020408163,sequential_ollama/gemma4:e4b_ja,43
9.0,degree_centrality,0.4081632653061224,sequential_ollama/gemma4:e4b_ja,33
9.0,degree_centrality,0.4081632653061224,sequential_ollama/gemma4:e4b_ja,12
9.0,degree_centrality,0.16326530612244897,sequential_ollama/gemma4:e4b_ja,30
9.0,degree_centrality,0.2857142857142857,sequential_ollama/gemma4:e4b_ja,14
9.0,degree_centrality,0.26530612244897955,sequential_ollama/gemma4:e4b_ja,2
9.0,degree_centrality,0.4081632653061224,sequential_ollama/gemma4:e4b_ja,40
9.0,degree_centrality,0.14285714285714285,sequential_ollama/gemma4:e4b_ja,1
9.0,degree_centrality,0.4693877551020408,sequential_ollama/gemma4:e4b_ja,16
9.0,degree_centrality,0.3877551020408163,sequential_ollama/gemma4:e4b_ja,9
9.0,degree_centrality,0.4081632653061224,sequential_ollama/gemma4:e4b_ja,17
9.0,degree_centrality,0.4081632653061224,sequential_ollama/gemma4:e4b_ja,39
9.0,degree_centrality,0.2040816326530612,sequential_ollama/gemma4:e4b_ja,18
9.0,degree_centrality,0.24489795918367346,sequential_ollama/gemma4:e4b_ja,41
9.0,degree_centrality,0.2857142857142857,sequential_ollama/gemma4:e4b_ja,48
9.0,degree_centrality,0.36734693877551017,sequential_ollama/gemma4:e4b_ja,19
9.0,degree_centrality,0.3469387755102041,sequential_ollama/gemma4:e4b_ja,23
9.0,degree_centrality,0.08163265306122448,sequential_ollama/gemma4:e4b_ja,37
9.0,degree_centrality,0.22448979591836732,sequential_ollama/gemma4:e4b_ja,15
9.0,degree_centrality,0.24489795918367346,sequential_ollama/gemma4:e4b_ja,7
9.0,degree_centrality,0.26530612244897955,sequential_ollama/gemma4:e4b_ja,38
9.0,degree_centrality,0.14285714285714285,sequential_ollama/gemma4:e4b_ja,44
9.0,degree_centrality,0.22448979591836732,sequential_ollama/gemma4:e4b_ja,3
9.0,degree_centrality,0.16326530612244897,sequential_ollama/gemma4:e4b_ja,8
9.0,degree_centrality,0.26530612244897955,sequential_ollama/gemma4:e4b_ja,5
9.0,degree_centrality,0.42857142857142855,sequential_ollama/gemma4:e4b_ja,28
9.0,degree_centrality,0.1020408163265306,sequential_ollama/gemma4:e4b_ja,46
9.0,degree_centrality,0.22448979591836732,sequential_ollama/gemma4:e4b_ja,42
9.0,degree_centrality,0.24489795918367346,sequential_ollama/gemma4:e4b_ja,22
9.0,degree_centrality,0.2040816326530612,sequential_ollama/gemma4:e4b_ja,13
9.0,degree_centrality,0.18367346938775508,sequential_ollama/gemma4:e4b_ja,29
9.0,degree_centrality,0.18367346938775508,sequential_ollama/gemma4:e4b_ja,34
9.0,degree_centrality,0.2040816326530612,sequential_ollama/gemma4:e4b_ja,11
9.0,degree_centrality,0.1020408163265306,sequential_ollama/gemma4:e4b_ja,20
9.0,degree_centrality,0.1020408163265306,sequential_ollama/gemma4:e4b_ja,27
9.0,degree_centrality,0.14285714285714285,sequential_ollama/gemma4:e4b_ja,49
9.0,degree_centrality,0.14285714285714285,sequential_ollama/gemma4:e4b_ja,4
9.0,degree_centrality,0.08163265306122448,sequential_ollama/gemma4:e4b_ja,32
9.0,degree_centrality,0.061224489795918366,sequential_ollama/gemma4:e4b_ja,10
9.0,degree_centrality,0.1020408163265306,sequential_ollama/gemma4:e4b_ja,25
9.0,degree_centrality,0.08163265306122448,sequential_ollama/gemma4:e4b_ja,36
9.0,degree_centrality,0.16326530612244897,sequential_ollama/gemma4:e4b_ja,35
9.0,degree_centrality,0.2040816326530612,sequential_ollama/gemma4:e4b_ja,26
9.0,degree_centrality,0.16326530612244897,sequential_ollama/gemma4:e4b_ja,31
9.0,degree_centrality,0.2040816326530612,sequential_ollama/gemma4:e4b_ja,24
9.0,degree_centrality,0.16326530612244897,sequential_ollama/gemma4:e4b_ja,6
9.0,degree_centrality,0.1020408163265306,sequential_ollama/gemma4:e4b_ja,0
9.0,betweenness_centrality,0.007972950050241494,sequential_ollama/gemma4:e4b_ja,21
9.0,betweenness_centrality,0.005882247468355595,sequential_ollama/gemma4:e4b_ja,47
9.0,betweenness_centrality,0.02089609707202797,sequential_ollama/gemma4:e4b_ja,45
9.0,betweenness_centrality,0.006079397853475906,sequential_ollama/gemma4:e4b_ja,43
9.0,betweenness_centrality,0.007795761411944725,sequential_ollama/gemma4:e4b_ja,33
9.0,betweenness_centrality,0.015310662007761898,sequential_ollama/gemma4:e4b_ja,12
9.0,betweenness_centrality,0.0037269416196644978,sequential_ollama/gemma4:e4b_ja,30
9.0,betweenness_centrality,0.000998566028327933,sequential_ollama/gemma4:e4b_ja,14
9.0,betweenness_centrality,0.0003058087666931205,sequential_ollama/gemma4:e4b_ja,2
9.0,betweenness_centrality,0.007851220483246978,sequential_ollama/gemma4:e4b_ja,40
9.0,betweenness_centrality,0.0,sequential_ollama/gemma4:e4b_ja,1
9.0,betweenness_centrality,0.018310281990688362,sequential_ollama/gemma4:e4b_ja,16
9.0,betweenness_centrality,0.006644854098309165,sequential_ollama/gemma4:e4b_ja,9
9.0,betweenness_centrality,0.010466731348176031,sequential_ollama/gemma4:e4b_ja,17
9.0,betweenness_centrality,0.010351571051311473,sequential_ollama/gemma4:e4b_ja,39
9.0,betweenness_centrality,0.007380043831663953,sequential_ollama/gemma4:e4b_ja,18
9.0,betweenness_centrality,0.00019701103884777352,sequential_ollama/gemma4:e4b_ja,41
9.0,betweenness_centrality,0.0017153119619106015,sequential_ollama/gemma4:e4b_ja,48
9.0,betweenness_centrality,0.007379462891009613,sequential_ollama/gemma4:e4b_ja,19
9.0,betweenness_centrality,0.004278125966274909,sequential_ollama/gemma4:e4b_ja,23
9.0,betweenness_centrality,0.00014172335600907027,sequential_ollama/gemma4:e4b_ja,37
9.0,betweenness_centrality,0.007213810849014929,sequential_ollama/gemma4:e4b_ja,15
9.0,betweenness_centrality,0.007961600946294823,sequential_ollama/gemma4:e4b_ja,7
9.0,betweenness_centrality,0.009629519195845726,sequential_ollama/gemma4:e4b_ja,38
9.0,betweenness_centrality,0.002750813528874753,sequential_ollama/gemma4:e4b_ja,44
9.0,betweenness_centrality,0.0012101568022620654,sequential_ollama/gemma4:e4b_ja,3
9.0,betweenness_centrality,0.004808471007450598,sequential_ollama/gemma4:e4b_ja,8
9.0,betweenness_centrality,0.004974827232480294,sequential_ollama/gemma4:e4b_ja,5
9.0,betweenness_centrality,0.061141265669326886,sequential_ollama/gemma4:e4b_ja,28
9.0,betweenness_centrality,0.0003543083900226757,sequential_ollama/gemma4:e4b_ja,46
9.0,betweenness_centrality,0.002973490983695065,sequential_ollama/gemma4:e4b_ja,42
9.0,betweenness_centrality,0.0062800932061136145,sequential_ollama/gemma4:e4b_ja,22
9.0,betweenness_centrality,0.0030500890832523483,sequential_ollama/gemma4:e4b_ja,13
9.0,betweenness_centrality,0.0011736043623798726,sequential_ollama/gemma4:e4b_ja,29
9.0,betweenness_centrality,0.0023425459649949448,sequential_ollama/gemma4:e4b_ja,34
9.0,betweenness_centrality,0.00697352534087228,sequential_ollama/gemma4:e4b_ja,11
9.0,betweenness_centrality,0.0011337868480725622,sequential_ollama/gemma4:e4b_ja,20
9.0,betweenness_centrality,0.00021258503401360543,sequential_ollama/gemma4:e4b_ja,27
9.0,betweenness_centrality,0.0017998866213151928,sequential_ollama/gemma4:e4b_ja,49
9.0,betweenness_centrality,0.004350907029478458,sequential_ollama/gemma4:e4b_ja,4
9.0,betweenness_centrality,0.00028344671201814054,sequential_ollama/gemma4:e4b_ja,32
9.0,betweenness_centrality,0.0,sequential_ollama/gemma4:e4b_ja,10
9.0,betweenness_centrality,0.0008659510169982779,sequential_ollama/gemma4:e4b_ja,25
9.0,betweenness_centrality,0.0,sequential_ollama/gemma4:e4b_ja,36
9.0,betweenness_centrality,0.00019068233353947638,sequential_ollama/gemma4:e4b_ja,35
9.0,betweenness_centrality,0.003630848082378695,sequential_ollama/gemma4:e4b_ja,26
9.0,betweenness_centrality,0.00032225191663967173,sequential_ollama/gemma4:e4b_ja,31
9.0,betweenness_centrality,0.00036363229502327243,sequential_ollama/gemma4:e4b_ja,24
9.0,betweenness_centrality,8.503401360544218e-05,sequential_ollama/gemma4:e4b_ja,6
9.0,betweenness_centrality,0.0,sequential_ollama/gemma4:e4b_ja,0
9.0,closeness_centrality,0.41805813234384664,sequential_ollama/gemma4:e4b_ja,21
9.0,closeness_centrality,0.41805813234384664,sequential_ollama/gemma4:e4b_ja,47
9.0,closeness_centrality,0.3941690962099126,sequential_ollama/gemma4:e4b_ja,45
9.0,closeness_centrality,0.41805813234384664,sequential_ollama/gemma4:e4b_ja,43
9.0,closeness_centrality,0.43112244897959184,sequential_ollama/gemma4:e4b_ja,33
9.0,closeness_centrality,0.43112244897959184,sequential_ollama/gemma4:e4b_ja,12
9.0,closeness_centrality,0.313543599257885,sequential_ollama/gemma4:e4b_ja,30
9.0,closeness_centrality,0.35374149659863946,sequential_ollama/gemma4:e4b_ja,14
9.0,closeness_centrality,0.3448979591836735,sequential_ollama/gemma4:e4b_ja,2
9.0,closeness_centrality,0.43112244897959184,sequential_ollama/gemma4:e4b_ja,40
9.0,closeness_centrality,0.29991126885536823,sequential_ollama/gemma4:e4b_ja,1
9.0,closeness_centrality,0.47572132301196346,sequential_ollama/gemma4:e4b_ja,16
9.0,closeness_centrality,0.41805813234384664,sequential_ollama/gemma4:e4b_ja,9
9.0,closeness_centrality,0.43112244897959184,sequential_ollama/gemma4:e4b_ja,17
9.0,closeness_centrality,0.43112244897959184,sequential_ollama/gemma4:e4b_ja,39
9.0,closeness_centrality,0.3284742468415938,sequential_ollama/gemma4:e4b_ja,18
9.0,closeness_centrality,0.3284742468415938,sequential_ollama/gemma4:e4b_ja,41
9.0,closeness_centrality,0.35374149659863946,sequential_ollama/gemma4:e4b_ja,48
9.0,closeness_centrality,0.4057623049219688,sequential_ollama/gemma4:e4b_ja,19
9.0,closeness_centrality,0.3941690962099126,sequential_ollama/gemma4:e4b_ja,23
9.0,closeness_centrality,0.21472937000887313,sequential_ollama/gemma4:e4b_ja,37
9.0,closeness_centrality,0.29931972789115646,sequential_ollama/gemma4:e4b_ja,15
9.0,closeness_centrality,0.3086734693877551,sequential_ollama/gemma4:e4b_ja,7
9.0,closeness_centrality,0.3186306780776827,sequential_ollama/gemma4:e4b_ja,38
9.0,closeness_centrality,0.2669608383894098,sequential_ollama/gemma4:e4b_ja,44
9.0,closeness_centrality,0.33648581383773024,sequential_ollama/gemma4:e4b_ja,3
9.0,closeness_centrality,0.2743764172335601,sequential_ollama/gemma4:e4b_ja,8
9.0,closeness_centrality,0.3186306780776827,sequential_ollama/gemma4:e4b_ja,5
9.0,closeness_centrality,0.42945874001774625,sequential_ollama/gemma4:e4b_ja,28
9.0,closeness_centrality,0.2532705389848247,sequential_ollama/gemma4:e4b_ja,46
9.0,closeness_centrality,0.29931972789115646,sequential_ollama/gemma4:e4b_ja,42
9.0,closeness_centrality,0.3086734693877551,sequential_ollama/gemma4:e4b_ja,22
9.0,closeness_centrality,0.2905162064825931,sequential_ollama/gemma4:e4b_ja,13
9.0,closeness_centrality,0.2822157434402332,sequential_ollama/gemma4:e4b_ja,29
9.0,closeness_centrality,0.2822157434402332,sequential_ollama/gemma4:e4b_ja,34
9.0,closeness_centrality,0.2905162064825931,sequential_ollama/gemma4:e4b_ja,11
9.0,closeness_centrality,0.2469387755102041,sequential_ollama/gemma4:e4b_ja,20
9.0,closeness_centrality,0.2469387755102041,sequential_ollama/gemma4:e4b_ja,27
9.0,closeness_centrality,0.25993555316863587,sequential_ollama/gemma4:e4b_ja,49
9.0,closeness_centrality,0.25993555316863587,sequential_ollama/gemma4:e4b_ja,4
9.0,closeness_centrality,0.2409158785465406,sequential_ollama/gemma4:e4b_ja,32
9.0,closeness_centrality,0.23517978620019436,sequential_ollama/gemma4:e4b_ja,10
9.0,closeness_centrality,0.2759183673469388,sequential_ollama/gemma4:e4b_ja,25
9.0,closeness_centrality,0.250834879406308,sequential_ollama/gemma4:e4b_ja,36
9.0,closeness_centrality,0.313543599257885,sequential_ollama/gemma4:e4b_ja,35
9.0,closeness_centrality,0.2905162064825931,sequential_ollama/gemma4:e4b_ja,26
9.0,closeness_centrality,0.2743764172335601,sequential_ollama/gemma4:e4b_ja,31
9.0,closeness_centrality,0.32083531086853345,sequential_ollama/gemma4:e4b_ja,24
9.0,closeness_centrality,0.29991126885536823,sequential_ollama/gemma4:e4b_ja,6
9.0,closeness_centrality,0.2759183673469388,sequential_ollama/gemma4:e4b_ja,0
